"ValidationStatus","RelationshipId","Source","RelationshipType","TargetType","Target","DiscoveryMethod","FunctionName","Confidence","ReferenceCount"
"BROKEN_REFERENCE","c76427c17c760c26c1ea7490","process::AAQ_BUILD AFE ROLLUP_V2","READS_FROM_CUBE","cube","cube::grpdesc","tm1_ti_parser","CellGETS","CONFIRMED","1"
"NOT_YET_CATALOGED","424d3a20c2026aafd58bc44f","process::Sys_Dim_Hierarchy_Unwind_Consolidation","READS_ATTRIBUTE","attribute","attribute::}Clients.}TM1_DefaultDisplayValue","tm1_ti_parser","AttrS","CONFIRMED","1"
"NOT_YET_CATALOGED","f0376079195a54beb114e026","process::SYS_Dim_Update_All_Subsets_Wrapper","READS_ATTRIBUTE","attribute","attribute::}Clients.}TM1_DefaultDisplayValue","tm1_ti_parser","AttrS","CONFIRMED","1"
"NOT_YET_CATALOGED","9c5890e1d30f5ae3f5136a1a","process::SecurityUpdate - Element Security","READS_ATTRIBUTE","attribute","attribute::}Dimensions.Data Access Group Prefix","tm1_ti_parser","ATTRS","CONFIRMED","1"
"NOT_YET_CATALOGED","092ed2d41cfe21bf8ed9af60","process::SecurityUpdate - Element Security - Hierarchy Archive","READS_ATTRIBUTE","attribute","attribute::}Dimensions.Data Access Group Prefix","tm1_ti_parser","ATTRS","CONFIRMED","1"
"NOT_YET_CATALOGED","8c18d28a84b06ac47e8e69dd","process::SecurityUpdate - Element Security - Plant","READS_ATTRIBUTE","attribute","attribute::}Dimensions.Data Access Group Prefix","tm1_ti_parser","ATTRS","CONFIRMED","1"
"NOT_YET_CATALOGED","d27f4fba133fe5ba03964e15","process::SecurityUpdate - Element Security - Plant - Hierarchy Archive","READS_ATTRIBUTE","attribute","attribute::}Dimensions.Data Access Group Prefix","tm1_ti_parser","ATTRS","CONFIRMED","1"
"NOT_YET_CATALOGED","e1babd7bed93661cbd24fefb","process::SecurityUpdate - Element Security","WRITES_ATTRIBUTE","attribute","attribute::}Groups.Data Access","tm1_ti_parser","AttrPutS","CONFIRMED","1"
"NOT_YET_CATALOGED","835efbd8bba0c0fc4911f7a9","process::SecurityUpdate - Element Security","READS_ATTRIBUTE","attribute","attribute::}Groups.Data Access","tm1_ti_parser","ATTRS","CONFIRMED","1"
"NOT_YET_CATALOGED","d8acc5d45e96f6f8c891703f","process::SecurityUpdate - Element Security - Hierarchy Archive","READS_ATTRIBUTE","attribute","attribute::}Groups.Data Access","tm1_ti_parser","ATTRS","CONFIRMED","1"
"NOT_YET_CATALOGED","b9f98530ae3f9429dd52ee28","process::SecurityUpdate - Element Security - Hierarchy Archive","WRITES_ATTRIBUTE","attribute","attribute::}Groups.Data Access","tm1_ti_parser","AttrPutS","CONFIRMED","1"
"NOT_YET_CATALOGED","5f6dede1d9ef4171d70d700b","process::SecurityUpdate - Element Security - Plant","READS_ATTRIBUTE","attribute","attribute::}Groups.Data Access","tm1_ti_parser","ATTRS","CONFIRMED","1"
"NOT_YET_CATALOGED","7710ae6f39ccb58e17558c77","process::SecurityUpdate - Element Security - Plant","WRITES_ATTRIBUTE","attribute","attribute::}Groups.Data Access","tm1_ti_parser","AttrPutS","CONFIRMED","1"
"NOT_YET_CATALOGED","f977d89cfa5524e52d6a7d4a","process::SecurityUpdate - Element Security - Plant - Hierarchy Archive","READS_ATTRIBUTE","attribute","attribute::}Groups.Data Access","tm1_ti_parser","ATTRS","CONFIRMED","1"
"NOT_YET_CATALOGED","075e4d65c0ebb561f24bfd8f","process::SecurityUpdate - Element Security - Plant - Hierarchy Archive","WRITES_ATTRIBUTE","attribute","attribute::}Groups.Data Access","tm1_ti_parser","AttrPutS","CONFIRMED","1"
"NOT_YET_CATALOGED","e4180a0d61baf90a6d9ab415","process::SecurityUpdate - Element Security","WRITES_ATTRIBUTE","attribute","attribute::}Groups.Type","tm1_ti_parser","AttrPutS","CONFIRMED","1"
"NOT_YET_CATALOGED","c74fad01bd9ffa05e0c4efd7","process::SecurityUpdate - Element Security - Hierarchy Archive","WRITES_ATTRIBUTE","attribute","attribute::}Groups.Type","tm1_ti_parser","AttrPutS","CONFIRMED","1"
"NOT_YET_CATALOGED","406f2c634dcd00dc8793c71f","process::SecurityUpdate - Element Security - Plant","WRITES_ATTRIBUTE","attribute","attribute::}Groups.Type","tm1_ti_parser","AttrPutS","CONFIRMED","1"
"NOT_YET_CATALOGED","b4bc788bc3b2e00d4a6b5c6d","process::SecurityUpdate - Element Security - Plant - Hierarchy Archive","WRITES_ATTRIBUTE","attribute","attribute::}Groups.Type","tm1_ti_parser","AttrPutS","CONFIRMED","1"
"NOT_YET_CATALOGED","cf4b91c2d495d2284d619dff","process::DataUpdate - Balance Sheet - Period 13","READS_ATTRIBUTE","attribute","attribute::}Processes.Archive Folder","tm1_ti_parser","ATTRS","CONFIRMED","1"
"NOT_YET_CATALOGED","554ed9898a49b2404e000890","process::DataUpdate - Fixed Manufacturing Cost - Plan","READS_ATTRIBUTE","attribute","attribute::}Processes.Archive Folder","tm1_ti_parser","ATTRS","CONFIRMED","1"
"NOT_YET_CATALOGED","3b9eb3015967b9c2e4c57643","process::DataWrapper - Fixed Manufacturing Cost - Plan","READS_ATTRIBUTE","attribute","attribute::}Processes.Archive Folder","tm1_ti_parser","ATTRS","CONFIRMED","1"
"NOT_YET_CATALOGED","539167560c400dfeb721016f","process::DataWrapper - Manufacturing Cost","READS_ATTRIBUTE","attribute","attribute::}Processes.Archive Folder","tm1_ti_parser","ATTRS","CONFIRMED","1"
"NOT_YET_CATALOGED","ad225468c500fd23cd303b83","process::DataWrapper - Project Spending","READS_ATTRIBUTE","attribute","attribute::}Processes.Archive Folder","tm1_ti_parser","ATTRS","CONFIRMED","2"
"NOT_YET_CATALOGED","b0840e725b168936e679f43e","process::DataWrapper - SYS UOM Conversion Factor","READS_ATTRIBUTE","attribute","attribute::}Processes.Archive Folder","tm1_ti_parser","ATTRS","CONFIRMED","1"
"NOT_YET_CATALOGED","e09160ed144ca4720fa2cf9d","process::DimUpdateWrapper -  Company","READS_ATTRIBUTE","attribute","attribute::}Processes.Archive Folder","tm1_ti_parser","ATTRS","CONFIRMED","2"
"NOT_YET_CATALOGED","eb01022ac8870570729a5956","process::DimUpdateWrapper -  Functional Area","READS_ATTRIBUTE","attribute","attribute::}Processes.Archive Folder","tm1_ti_parser","ATTRS","CONFIRMED","2"
"NOT_YET_CATALOGED","597eeccf9cbea4615d2b7898","process::DimUpdateWrapper -  Material","READS_ATTRIBUTE","attribute","attribute::}Processes.Archive Folder","tm1_ti_parser","ATTRS","CONFIRMED","4"
"NOT_YET_CATALOGED","902ab9972275151e5f601a18","process::DimUpdateWrapper -  Order","READS_ATTRIBUTE","attribute","attribute::}Processes.Archive Folder","tm1_ti_parser","ATTRS","CONFIRMED","1"
"NOT_YET_CATALOGED","68450e654173dbfd82020c0d","process::DimUpdateWrapper -  Plant","READS_ATTRIBUTE","attribute","attribute::}Processes.Archive Folder","tm1_ti_parser","ATTRS","CONFIRMED","1"
"NOT_YET_CATALOGED","5d75bd361cbdbe5ae4db2fdc","process::DimUpdateWrapper -  Turnaround and Other Project","READS_ATTRIBUTE","attribute","attribute::}Processes.Archive Folder","tm1_ti_parser","ATTRS","CONFIRMED","1"
"NOT_YET_CATALOGED","76919872b25af23502376652","process::DimUpdateWrapper -  Vendor","READS_ATTRIBUTE","attribute","attribute::}Processes.Archive Folder","tm1_ti_parser","ATTRS","CONFIRMED","1"
"NOT_YET_CATALOGED","bbf235228c40804ec2f72cb7","process::DimUpdateWrapper -  WBS Element","READS_ATTRIBUTE","attribute","attribute::}Processes.Archive Folder","tm1_ti_parser","ATTRS","CONFIRMED","1"
"NOT_YET_CATALOGED","e8049085d64f52b803b23d9f","process::DimUpdateWrapper - BS Account","READS_ATTRIBUTE","attribute","attribute::}Processes.Archive Folder","tm1_ti_parser","ATTRS","CONFIRMED","1"
"NOT_YET_CATALOGED","376f6480ea66c9bbc6008d49","process::DimUpdateWrapper - Cost Center","READS_ATTRIBUTE","attribute","attribute::}Processes.Archive Folder","tm1_ti_parser","ATTRS","CONFIRMED","1"
"NOT_YET_CATALOGED","5e5840c85e14b17284e69998","process::DimUpdateWrapper - Customer","READS_ATTRIBUTE","attribute","attribute::}Processes.Archive Folder","tm1_ti_parser","ATTRS","CONFIRMED","2"
"NOT_YET_CATALOGED","6c97c3a77821d801adfa870a","process::DimUpdateWrapper - PL Account","READS_ATTRIBUTE","attribute","attribute::}Processes.Archive Folder","tm1_ti_parser","ATTRS","CONFIRMED","2"
"NOT_YET_CATALOGED","04f4c0f02d239bdf7896cf9e","process::DimUpdateWrapper - Plant Assessment Cost Object","READS_ATTRIBUTE","attribute","attribute::}Processes.Archive Folder","tm1_ti_parser","ATTRS","CONFIRMED","1"
"NOT_YET_CATALOGED","e3d29ba0a747b689bb822d44","process::DimUpdateWrapper - Profit Center","READS_ATTRIBUTE","attribute","attribute::}Processes.Archive Folder","tm1_ti_parser","ATTRS","CONFIRMED","2"
"NOT_YET_CATALOGED","67b06d9b1aef292f14893626","process::Sys_File_Archive","READS_ATTRIBUTE","attribute","attribute::}Processes.Archive Folder","tm1_ti_parser","ATTRS","CONFIRMED","1"
"NOT_YET_CATALOGED","f09b6f3216a47898051a4405","process::AAQ_Add REA#","READS_ATTRIBUTE","attribute","attribute::}Processes.Source File","tm1_ti_parser","ATTRS","CONFIRMED","1"
"NOT_YET_CATALOGED","98f6374c569e368cfee56445","process::AAQ_Clear Process Descrip","READS_ATTRIBUTE","attribute","attribute::}Processes.Source File","tm1_ti_parser","ATTRS","CONFIRMED","1"
"NOT_YET_CATALOGED","274e607c7c963c7068b9b36e","process::AAQ_PROCESS REA DATA_V5","READS_ATTRIBUTE","attribute","attribute::}Processes.Source File","tm1_ti_parser","ATTRS","CONFIRMED","1"
"NOT_YET_CATALOGED","da88301509fe821cffe6d046","process::AAQ_Process2000MCHK_V3","READS_ATTRIBUTE","attribute","attribute::}Processes.Source File","tm1_ti_parser","ATTRS","CONFIRMED","1"
"NOT_YET_CATALOGED","970e2910124bd2dffe2ee12a","process::AAQ_ProcessAAQ_V3","READS_ATTRIBUTE","attribute","attribute::}Processes.Source File","tm1_ti_parser","ATTRS","CONFIRMED","1"
"NOT_YET_CATALOGED","386bd878744d4b52efb0f1bb","process::DataUpdate - Fixed Manufacturing Cost - Plan","READS_ATTRIBUTE","attribute","attribute::}Processes.Source File","tm1_ti_parser","ATTRS","CONFIRMED","1"
"NOT_YET_CATALOGED","7d560f8753be594662ff824e","process::DataUpdate - Manufacturing Cost - Transferred Costs","READS_ATTRIBUTE","attribute","attribute::}Processes.Source File","tm1_ti_parser","ATTRS","CONFIRMED","1"
"NOT_YET_CATALOGED","abd426dca63939f2518c7faf","process::DataWrapper - Balance Sheet Detail","READS_ATTRIBUTE","attribute","attribute::}Processes.Source File","tm1_ti_parser","ATTRS","CONFIRMED","1"
"NOT_YET_CATALOGED","640850e72849a9ab1cb31ff0","process::DataWrapper - Balance Sheet Detail and Profit and Loss Detail","READS_ATTRIBUTE","attribute","attribute::}Processes.Source File","tm1_ti_parser","ATTRS","CONFIRMED","1"
"NOT_YET_CATALOGED","f5e2be4e58e393c0f6c097ec","process::DataWrapper - Fixed Manufacturing Cost - Plan","READS_ATTRIBUTE","attribute","attribute::}Processes.Source File","tm1_ti_parser","ATTRS","CONFIRMED","1"
"NOT_YET_CATALOGED","6c8e49ab8dff40d5237e5f66","process::DataWrapper - Manufacturing Cost","READS_ATTRIBUTE","attribute","attribute::}Processes.Source File","tm1_ti_parser","ATTRS","CONFIRMED","1"
"NOT_YET_CATALOGED","5d8cea383e3485878aa271f6","process::DataWrapper - Profit and Loss Detail","READS_ATTRIBUTE","attribute","attribute::}Processes.Source File","tm1_ti_parser","ATTRS","CONFIRMED","1"
"NOT_YET_CATALOGED","7dd7caac37e78b786fa666a8","process::DataWrapper - Project Spending","READS_ATTRIBUTE","attribute","attribute::}Processes.Source File","tm1_ti_parser","ATTRS","CONFIRMED","2"
"NOT_YET_CATALOGED","23c8c72a4d765e58df76f9f7","process::DataWrapper - SYS UOM Conversion Factor","READS_ATTRIBUTE","attribute","attribute::}Processes.Source File","tm1_ti_parser","ATTRS","CONFIRMED","1"
"NOT_YET_CATALOGED","a146896f625cf80913728d8e","process::DataWrapper- SYS Control - Period Variable","READS_ATTRIBUTE","attribute","attribute::}Processes.Source File","tm1_ti_parser","ATTRS","CONFIRMED","1"
"NOT_YET_CATALOGED","7d72a760bdc63be5639b4a0a","process::DimUpdate - Document No","READS_ATTRIBUTE","attribute","attribute::}Processes.Source File","tm1_ti_parser","ATTRS","CONFIRMED","1"
"NOT_YET_CATALOGED","66a217fe4310451e6fbf7527","process::DimUpdate - SYS Mfg Cost Account","READS_ATTRIBUTE","attribute","attribute::}Processes.Source File","tm1_ti_parser","ATTRS","CONFIRMED","1"
"NOT_YET_CATALOGED","a64111bf1935547d9b89f979","process::DimUpdateWrapper -  Company","READS_ATTRIBUTE","attribute","attribute::}Processes.Source File","tm1_ti_parser","ATTRS","CONFIRMED","2"
"NOT_YET_CATALOGED","bdeee5c8fb0bacc196ea87cc","process::DimUpdateWrapper -  Functional Area","READS_ATTRIBUTE","attribute","attribute::}Processes.Source File","tm1_ti_parser","ATTRS","CONFIRMED","2"
"NOT_YET_CATALOGED","c77f6d8009c8cc0bbffc7a6a","process::DimUpdateWrapper -  Material","READS_ATTRIBUTE","attribute","attribute::}Processes.Source File","tm1_ti_parser","ATTRS","CONFIRMED","5"
"NOT_YET_CATALOGED","0180165ad208620213452144","process::DimUpdateWrapper -  Order","READS_ATTRIBUTE","attribute","attribute::}Processes.Source File","tm1_ti_parser","ATTRS","CONFIRMED","1"
"NOT_YET_CATALOGED","330fd10c07682cf50f48d2c9","process::DimUpdateWrapper -  Plant","READS_ATTRIBUTE","attribute","attribute::}Processes.Source File","tm1_ti_parser","ATTRS","CONFIRMED","1"
"NOT_YET_CATALOGED","9be0e096c2b8dfa38dab0307","process::DimUpdateWrapper -  Turnaround and Other Project","READS_ATTRIBUTE","attribute","attribute::}Processes.Source File","tm1_ti_parser","ATTRS","CONFIRMED","1"
"NOT_YET_CATALOGED","ae0e07b6abc02b24f337360c","process::DimUpdateWrapper -  Vendor","READS_ATTRIBUTE","attribute","attribute::}Processes.Source File","tm1_ti_parser","ATTRS","CONFIRMED","1"
"NOT_YET_CATALOGED","193a82b732c5238fa00f44bf","process::DimUpdateWrapper -  WBS Element","READS_ATTRIBUTE","attribute","attribute::}Processes.Source File","tm1_ti_parser","ATTRS","CONFIRMED","1"
"NOT_YET_CATALOGED","572b4ee257e87d1c0cce14c2","process::DimUpdateWrapper - BS Account","READS_ATTRIBUTE","attribute","attribute::}Processes.Source File","tm1_ti_parser","ATTRS","CONFIRMED","3"
"NOT_YET_CATALOGED","e537d8cb86d9f55c67788c9a","process::DimUpdateWrapper - Cost Center","READS_ATTRIBUTE","attribute","attribute::}Processes.Source File","tm1_ti_parser","ATTRS","CONFIRMED","2"
"NOT_YET_CATALOGED","956ff3fea1834c9a848d7fb1","process::DimUpdateWrapper - Customer","READS_ATTRIBUTE","attribute","attribute::}Processes.Source File","tm1_ti_parser","ATTRS","CONFIRMED","2"
"NOT_YET_CATALOGED","02abfaab5d590663100e32b8","process::DimUpdateWrapper - PL Account","READS_ATTRIBUTE","attribute","attribute::}Processes.Source File","tm1_ti_parser","ATTRS","CONFIRMED","3"
"NOT_YET_CATALOGED","c179ad5863e2cc4aac1e6e03","process::DimUpdateWrapper - Plant Assessment Cost Object","READS_ATTRIBUTE","attribute","attribute::}Processes.Source File","tm1_ti_parser","ATTRS","CONFIRMED","1"
"NOT_YET_CATALOGED","bac1aa2402dcceb6202c460c","process::DimUpdateWrapper - Profit Center","READS_ATTRIBUTE","attribute","attribute::}Processes.Source File","tm1_ti_parser","ATTRS","CONFIRMED","2"
"NOT_YET_CATALOGED","41ef3b4baf96ab61e69697e8","process::Notification - Profit and Loss","READS_ATTRIBUTE","attribute","attribute::}Processes.Source File","tm1_ti_parser","ATTRS","CONFIRMED","1"
"NOT_YET_CATALOGED","59115ebadf59e0c2085b8606","process::Sys_File_Archive","READS_ATTRIBUTE","attribute","attribute::}Processes.Source File","tm1_ti_parser","ATTRS","CONFIRMED","1"
"NOT_YET_CATALOGED","6f2404639f9c86469256e18b","process::sys_File_DateStamp Check","READS_ATTRIBUTE","attribute","attribute::}Processes.Source File","tm1_ti_parser","ATTRS","CONFIRMED","1"
"NOT_YET_CATALOGED","6276a51773a821dd30cddfbf","process::Sys_File_Lookup","WRITES_ATTRIBUTE","attribute","attribute::}Processes.Source File","tm1_ti_parser","AttrPutS","CONFIRMED","1"
"NOT_YET_CATALOGED","4f03937552ba84dabb8d60b3","process::sys_File_DateStamp Check","READS_ATTRIBUTE","attribute","attribute::}Processes.Source File Mask","tm1_ti_parser","ATTRS","CONFIRMED","1"
"NOT_YET_CATALOGED","f0b2d29e0f71130d510bbb0b","process::Sys_File_Lookup","READS_ATTRIBUTE","attribute","attribute::}Processes.Source File Mask","tm1_ti_parser","ATTRS","CONFIRMED","1"
"NOT_YET_CATALOGED","cd4c6991219aa9b27d96738a","cube::}ElementAttributes_AFE Number","REFERENCES","attribute","attribute::AFE Number::AFE 1","tm1_rule_parser","ATTRS","RESOLVED","2"
"NOT_YET_CATALOGED","090e17eb56f41c5e45d085a5","cube::}ElementAttributes_AFE Number","REFERENCES","attribute","attribute::AFE Number::AFE 2","tm1_rule_parser","ATTRS","RESOLVED","1"
"NOT_YET_CATALOGED","b5face5462c681de3904a4d9","cube::}ElementAttributes_AFE Number","REFERENCES","attribute","attribute::AFE Number::AFE 3","tm1_rule_parser","ATTRS","RESOLVED","1"
"NOT_YET_CATALOGED","158ef91046565794790918c1","cube::}ElementAttributes_AFE Number","REFERENCES","attribute","attribute::AFE Number::AFE 4","tm1_rule_parser","ATTRS","RESOLVED","1"
"NOT_YET_CATALOGED","5a63419c56fa72b838299f55","cube::}ElementAttributes_AFE Number","REFERENCES","attribute","attribute::AFE Number::AFE 5","tm1_rule_parser","ATTRS","RESOLVED","1"
"NOT_YET_CATALOGED","273d2dd7f34da061884ac865","cube::}ElementAttributes_AFE Number","REFERENCES","attribute","attribute::AFE Number::AFE Description Check","tm1_rule_parser","ATTRS","RESOLVED","1"
"NOT_YET_CATALOGED","0924e808292284fbc7d34a70","cube::}ElementAttributes_AFE Number","REFERENCES","attribute","attribute::AFE Number::AFE Number","tm1_rule_parser","ATTRS","RESOLVED","7"
"NOT_YET_CATALOGED","20b89117196af5413010cea7","cube::Project Spending","REFERENCES","attribute","attribute::AFE Number::AFE Number","tm1_rule_parser","ATTRS","RESOLVED","2"
"NOT_YET_CATALOGED","31b1ecb9c192834d09a94ff9","cube::}ElementAttributes_AFE Number","REFERENCES","attribute","attribute::AFE Number::CAPTION","tm1_rule_parser","ATTRS","RESOLVED","1"
"NOT_YET_CATALOGED","830ead217eb714fb169246f6","cube::}ElementAttributes_AFE Number","REFERENCES","attribute","attribute::AFE Number::CM APPR AMT","tm1_rule_parser","ATTRN","RESOLVED","2"
"NOT_YET_CATALOGED","0250e7f12cf8ee488da2d1be","cube::}ElementAttributes_AFE Number","REFERENCES","attribute","attribute::AFE Number::CM TOT SPD EST","tm1_rule_parser","ATTRN","RESOLVED","1"
"NOT_YET_CATALOGED","111ca33dbec0d0b464b8d156","cube::}ElementAttributes_AFE Number","REFERENCES","attribute","attribute::AFE Number::CY PLAN AMT","tm1_rule_parser","ATTRN","RESOLVED","1"
"NOT_YET_CATALOGED","6bca5bb5eeef88815bb214a3","cube::}ElementAttributes_AFE Number","REFERENCES","attribute","attribute::AFE Number::Max ( CM APPR AMT vs CY PLAN AMT )","tm1_rule_parser","ATTRN","RESOLVED","1"
"NOT_YET_CATALOGED","9769adb68986cf84c3a27d29","cube::}ElementAttributes_AFE Number","REFERENCES","attribute","attribute::AFE Number::Max ( CM TOT SPD EST vs Max ( CM APPR AMT vs CY PLAN AMT ) )","tm1_rule_parser","ATTRN","RESOLVED","1"
"NOT_YET_CATALOGED","9618d7797681678c007d8bfb","cube::}ElementAttributes_AFE Number","REFERENCES","attribute","attribute::AFE Number::Plant","tm1_rule_parser","ATTRS","RESOLVED","8"
"NOT_YET_CATALOGED","3b50d074b1e3711c71908a0b","cube::Project Spending","REFERENCES","attribute","attribute::AFE Number::Purge Month","tm1_rule_parser","ATTRS","RESOLVED","2"
"NOT_YET_CATALOGED","1ba513c0424b6d98754c7617","cube::}ElementAttributes_AFE Number","REFERENCES","attribute","attribute::AFE Number::Rollup Threshold 1","tm1_rule_parser","ATTRS","RESOLVED","2"
"NOT_YET_CATALOGED","c2929ef54790754f1dfdf9c1","cube::}ElementAttributes_AFE Number","REFERENCES","attribute","attribute::AFE Number::Rollup Threshold 2","tm1_rule_parser","ATTRS","RESOLVED","2"
"NOT_YET_CATALOGED","957bd2a445db8c74ba49ecf3","process::DataUpdate - Project Spending - Actual","READS_ATTRIBUTE","attribute","attribute::AFE Number.Environment Investment","tm1_ti_parser","CellGetS","CONFIRMED","1"
"NOT_YET_CATALOGED","ac5a06ce48339283e1825a0d","process::DataUpdate - Project Spending - Actual","READS_ATTRIBUTE","attribute","attribute::AFE Number.Funded/Unfunded","tm1_ti_parser","CellGetS","CONFIRMED","1"
"NOT_YET_CATALOGED","91aa6688fa10d4fe2287902e","process::DataUpdate - Project Spending - Actual","READS_ATTRIBUTE","attribute","attribute::AFE Number.Investment Reason","tm1_ti_parser","CellGetS","CONFIRMED","1"
"NOT_YET_CATALOGED","42a75170249e73df71fd204f","cube::Manual Input Balance Sheet","REFERENCES","attribute","attribute::BS Account::CAPTION","tm1_rule_parser","ATTRS","RESOLVED","1"
"NOT_YET_CATALOGED","35a3c757bd1b9e8902e3dde8","cube::SYS Hierarchy Validation","REFERENCES","attribute","attribute::BS Account::CAPTION","tm1_rule_parser","ATTRS","RESOLVED","1"
"NOT_YET_CATALOGED","8649b14d51470473163d5f0b","process::DataUpdate - Balance Sheet","READS_ATTRIBUTE","attribute","attribute::BS Account.Default Flow Code","tm1_ti_parser","ATTRS","CONFIRMED","2"
"NOT_YET_CATALOGED","39544fc7cba5efe8a09368c7","process::DataUpdate - Balance Sheet - Period 13","READS_ATTRIBUTE","attribute","attribute::BS Account.Default Flow Code","tm1_ti_parser","ATTRS","CONFIRMED","2"
"NOT_YET_CATALOGED","79ad091f3674ac26affb5f28","process::zTemp_Attrs_ BS Doc No","CREATES_ATTRIBUTE","attribute","attribute::BS Document No.Flow Code","tm1_ti_parser","AttrInsert","CONFIRMED","1"
"NOT_YET_CATALOGED","33afdf70dd1f4ba4c4a85dfb","process::zTemp_Attrs_ BS Doc No","CREATES_ATTRIBUTE","attribute","attribute::BS Document No.Profit Center","tm1_ti_parser","AttrInsert","CONFIRMED","1"
"NOT_YET_CATALOGED","0fa43b23ff972bbc2996da6d","process::zTemp_Attrs_ BS Doc No","CREATES_ATTRIBUTE","attribute","attribute::BS Document No.Trading Partner","tm1_ti_parser","AttrInsert","CONFIRMED","1"
"NOT_YET_CATALOGED","0faa76f9989cbc13440c6031","cube::Manual Input Balance Sheet","REFERENCES","attribute","attribute::Company::CAPTION","tm1_rule_parser","ATTRS","RESOLVED","1"
"NOT_YET_CATALOGED","60099b8bde3081b74767353b","cube::SYS Hierarchy Validation","REFERENCES","attribute","attribute::Company::CAPTION","tm1_rule_parser","ATTRS","RESOLVED","1"
"NOT_YET_CATALOGED","234611bd437e594e2a4dac80","cube::}ElementAttributes_Plant","REFERENCES","attribute","attribute::Company::Description","tm1_rule_parser","ATTRS","RESOLVED","3"
"NOT_YET_CATALOGED","999d2aad344162b1ab7a23b0","cube::}ElementAttributes_Plant","REFERENCES","attribute","attribute::Company::Parent","tm1_rule_parser","ATTRS","RESOLVED","4"
"NOT_YET_CATALOGED","ccde52f8e3e9ba10f428b629","process::DimUpdate - Order","READS_ATTRIBUTE","attribute","attribute::Company.CAPTION","tm1_ti_parser","CellGetS","CONFIRMED","1"
"NOT_YET_CATALOGED","0cbaef535e55fac145b0e4b7","process::DimUpdate - Turnaround and Other Project","READS_ATTRIBUTE","attribute","attribute::Company.CAPTION","tm1_ti_parser","ATTRS","CONFIRMED","2"
"NOT_YET_CATALOGED","277bf59a9415af6aca2dc868","cube::}ElementAttributes_Compare","REFERENCES","attribute","attribute::Compare::Month","tm1_rule_parser","ATTRS","RESOLVED","1"
"NOT_YET_CATALOGED","06e67236a2f83f26a52bfbde","cube::}ElementAttributes_Plant","REFERENCES","attribute","attribute::Cost Center::CAPTION","tm1_rule_parser","ATTRS","RESOLVED","1"
"NOT_YET_CATALOGED","871bc0664a35ad91b6ff5dd5","cube::Manual Input Below the Line","REFERENCES","attribute","attribute::Cost Center::CAPTION","tm1_rule_parser","ATTRS","RESOLVED","1"
"NOT_YET_CATALOGED","efd5eb4c87ac145624dc72de","cube::SYS Hierarchy Validation","REFERENCES","attribute","attribute::Cost Center::CAPTION","tm1_rule_parser","ATTRS","RESOLVED","1"
"NOT_YET_CATALOGED","697fc77c29b494923bd2a1fc","cube::Below the Line","REFERENCES","attribute","attribute::Cost Center::Functional Area","tm1_rule_parser","ATTRS","RESOLVED","10"
"NOT_YET_CATALOGED","741a445ec1fa17269a5c57f3","cube::Below the Line Report","REFERENCES","attribute","attribute::Cost Center::Functional Area","tm1_rule_parser","ATTRS","RESOLVED","3"
"NOT_YET_CATALOGED","53f6ea2d15e0fbdb1a036946","cube::Cost Center","REFERENCES","attribute","attribute::Cost Center::Functional Area","tm1_rule_parser","ATTRS","RESOLVED","4"
"NOT_YET_CATALOGED","61fd3a606547687467d48e04","cube::Fixed Manufacturing Cost","REFERENCES","attribute","attribute::Cost Center::Functional Area","tm1_rule_parser","ATTRS","RESOLVED","4"
"NOT_YET_CATALOGED","55d52c5dda7aad7d19b9d2d7","cube::}ElementAttributes_Plant","REFERENCES","attribute","attribute::Cost Center::OXY-CCA2 Parent","tm1_rule_parser","ATTRS","RESOLVED","2"
"NOT_YET_CATALOGED","a406cf085c269d729bb409af","cube::}ElementAttributes_Cost Center","REFERENCES","attribute","attribute::Cost Center::Profit Center Area","tm1_rule_parser","ATTRS","RESOLVED","3"
"NOT_YET_CATALOGED","f79fa036fd85c7202672b3b3","cube::}ElementAttributes_Cost Center","REFERENCES","attribute","attribute::Cost Center::Profit Center L1","tm1_rule_parser","ATTRS","RESOLVED","3"
"NOT_YET_CATALOGED","c2ee52036c01e8df75b90ae2","cube::}ElementAttributes_Cost Center","REFERENCES","attribute","attribute::Cost Center::Profit Center L2","tm1_rule_parser","ATTRS","RESOLVED","3"
"NOT_YET_CATALOGED","8280181cae15b02ee8be19dc","cube::}ElementAttributes_Cost Center","REFERENCES","attribute","attribute::Cost Center::Profit Center L3","tm1_rule_parser","ATTRS","RESOLVED","3"
"NOT_YET_CATALOGED","fe220d6cdbdf14a21a5f0e76","cube::}ElementAttributes_Cost Center","REFERENCES","attribute","attribute::Cost Center::Profit Center L4","tm1_rule_parser","ATTRS","RESOLVED","3"
"NOT_YET_CATALOGED","89932f8ef3d884939aaf729f","process::DataUpdate - Below the Line - Corporate Headcount","READS_ATTRIBUTE","attribute","attribute::Cost Center.Functional Area","tm1_ti_parser","ATTRS","CONFIRMED","1"
"NOT_YET_CATALOGED","bbc1bb3bf474a8b91b29624f","process::DataUpdate - Below the Line Assessments - Outlook","READS_ATTRIBUTE","attribute","attribute::Cost Center.Functional Area","tm1_ti_parser","CellGetS","CONFIRMED","1"
"NOT_YET_CATALOGED","be8e57c6dfc18dd5769136ef","process::DataUpdate - Below the Line Assessments - Outlook - Period Range","READS_ATTRIBUTE","attribute","attribute::Cost Center.Functional Area","tm1_ti_parser","CellGetS","CONFIRMED","1"
"NOT_YET_CATALOGED","8878670811ff3b4cd4d75da5","process::DataUpdate - Below the Line Assessments - Plan","READS_ATTRIBUTE","attribute","attribute::Cost Center.Functional Area","tm1_ti_parser","CellGetS","CONFIRMED","1"
"NOT_YET_CATALOGED","fa80e796cb4c81cdf3a52ea1","process::zTemp_DataUpdate - Below the Line Assessments - Outlook - Period Range","READS_ATTRIBUTE","attribute","attribute::Cost Center.Functional Area","tm1_ti_parser","CellGetS","CONFIRMED","1"
"NOT_YET_CATALOGED","46de2107f4a373eebe1def6e","process::zTemp_Fixed MFG_Cost center","READS_ATTRIBUTE","attribute","attribute::Cost Center.Functional Area","tm1_ti_parser","ATTRS","CONFIRMED","1"
"NOT_YET_CATALOGED","23135532d51e69c7c2b4a1f1","process::DataUpdate - Below the Line Assessments - Outlook","READS_ATTRIBUTE","attribute","attribute::Cost Center.Profit Ctr","tm1_ti_parser","CellGetS","CONFIRMED","1"
"NOT_YET_CATALOGED","45b4b14e2e398aac98d150fd","process::DataUpdate - Below the Line Assessments - Outlook - Period Range","READS_ATTRIBUTE","attribute","attribute::Cost Center.Profit Ctr","tm1_ti_parser","CellGetS","CONFIRMED","1"
"NOT_YET_CATALOGED","2117dba72ecca92fe3f657ab","process::DataUpdate - Below the Line Assessments - Plan","READS_ATTRIBUTE","attribute","attribute::Cost Center.Profit Ctr","tm1_ti_parser","CellGetS","CONFIRMED","1"
"NOT_YET_CATALOGED","522932f7ae22c3097beaa6f2","process::zTemp_DataUpdate - Below the Line Assessments - Outlook - Period Range","READS_ATTRIBUTE","attribute","attribute::Cost Center.Profit Ctr","tm1_ti_parser","CellGetS","CONFIRMED","1"
"NOT_YET_CATALOGED","40f0c3fbeab52ef2e38e7926","process::DimUpdate - Plant Assessment Cost Object","READS_ATTRIBUTE","attribute","attribute::Cost Center.sHier | ' Parent'","tm1_ti_parser","CellGetS","CONFIRMED","1"
"NOT_YET_CATALOGED","ff6526d3556f416f797913b0","cube::Manual Input","REFERENCES","attribute","attribute::Customer::CAPTION","tm1_rule_parser","ATTRS","RESOLVED","1"
"NOT_YET_CATALOGED","591a5a196cb275ca52eb5c33","process::DataUpdate - Customer Profitability","READS_ATTRIBUTE","attribute","attribute::Customer.C/R","tm1_ti_parser","CellGetS","CONFIRMED","1"
"NOT_YET_CATALOGED","dd22df6929c1eab42355bf4c","process::DataUpdate - Intercompany","READS_ATTRIBUTE","attribute","attribute::Customer.C/R","tm1_ti_parser","CellGetS","CONFIRMED","1"
"NOT_YET_CATALOGED","3e028da1b89bf023e31115a3","process::DataUpdate - Intercompany Sandbox","READS_ATTRIBUTE","attribute","attribute::Customer.C/R","tm1_ti_parser","CellGetS","CONFIRMED","1"
"NOT_YET_CATALOGED","18bf0a54e77544453e29ea7f","process::DataUpdate - Customer Profitability","READS_ATTRIBUTE","attribute","attribute::Customer.Caption","tm1_ti_parser","CellGetS","CONFIRMED","1"
"NOT_YET_CATALOGED","8dea1094adc9f4eeb26e2f33","process::DataUpdate - Intercompany","READS_ATTRIBUTE","attribute","attribute::Customer.Caption","tm1_ti_parser","CellGetS","CONFIRMED","1"
"NOT_YET_CATALOGED","0e7af40fc5bac99e1100e9d3","process::DataUpdate - Intercompany Sandbox","READS_ATTRIBUTE","attribute","attribute::Customer.Caption","tm1_ti_parser","CellGetS","CONFIRMED","1"
"NOT_YET_CATALOGED","7c21ec2c6b457fea4fd9818f","process::zTemp_Delete all Document Numbers","CREATES_ATTRIBUTE","attribute","attribute::Document No.CoCd","tm1_ti_parser","AttrInsert","CONFIRMED","1"
"NOT_YET_CATALOGED","34b277dd9fb96230bce3cd43","process::zTemp_Document No_Index","WRITES_ATTRIBUTE","attribute","attribute::Document No.Cost Center","tm1_ti_parser","AttrPutS","CONFIRMED","1"
"NOT_YET_CATALOGED","fdad4254167cfc4d7e7d8c73","process::zTemp_Delete all Document Numbers","CREATES_ATTRIBUTE","attribute","attribute::Document No.Fiscal Year","tm1_ti_parser","AttrInsert","CONFIRMED","1"
"NOT_YET_CATALOGED","570f5c41a23c121c102f0e7b","process::zTemp_Document No_Index","WRITES_ATTRIBUTE","attribute","attribute::Document No.Functional Area","tm1_ti_parser","AttrPutS","CONFIRMED","1"
"NOT_YET_CATALOGED","fb75bbcd417db0ec8ac7925a","process::zTemp_Document No_Index","WRITES_ATTRIBUTE","attribute","attribute::Document No.PL Account","tm1_ti_parser","AttrPutS","CONFIRMED","1"
"NOT_YET_CATALOGED","cf65fea724d49629e9841e7c","process::DataUpdate - Cost Standards - KEPH","READS_ATTRIBUTE","attribute","attribute::ELEMENT.KEPH Fixed Cost Field","tm1_ti_parser","ATTRS","CONFIRMED","2"
"NOT_YET_CATALOGED","897c56a103525943994aa1cf","process::DataUpdate - Cost Standards - KEPH","READS_ATTRIBUTE","attribute","attribute::ELEMENT.KEPH Total Cost Field","tm1_ti_parser","ATTRS","CONFIRMED","2"
"NOT_YET_CATALOGED","3b893e3566a16b075f5c233d","cube::}ElementAttributes_Employee","REFERENCES","attribute","attribute::Employee::Job Family","tm1_rule_parser","ATTRS","RESOLVED","1"
"NOT_YET_CATALOGED","5464414b618885a029d8cbd4","cube::}ElementAttributes_Employee","REFERENCES","attribute","attribute::Employee::Salary / Hourly","tm1_rule_parser","ATTRS","RESOLVED","1"
"NOT_YET_CATALOGED","26da91566b53316b71a22bed","process::DataUpdate - Corporate Headcount","WRITES_ATTRIBUTE","attribute","attribute::Employee.Caption","tm1_ti_parser","AttrPutS","CONFIRMED","1"
"NOT_YET_CATALOGED","d4f5716bd212b5de9f87259a","process::DataUpdate - Corporate Headcount - Contingent Workers","WRITES_ATTRIBUTE","attribute","attribute::Employee.Caption","tm1_ti_parser","AttrPutS","CONFIRMED","1"
"NOT_YET_CATALOGED","2616f0c1e596fddfcc18bdd3","process::DataUpdate - Corporate Headcount","WRITES_ATTRIBUTE","attribute","attribute::Employee.Company","tm1_ti_parser","AttrPutS","CONFIRMED","1"
"NOT_YET_CATALOGED","04672f3203d14ad134fc5606","process::DataUpdate - Corporate Headcount - Contingent Workers","WRITES_ATTRIBUTE","attribute","attribute::Employee.Company","tm1_ti_parser","AttrPutS","CONFIRMED","1"
"NOT_YET_CATALOGED","fc8b21b91e5f5247cc46ba97","process::DataUpdate - Corporate Headcount","WRITES_ATTRIBUTE","attribute","attribute::Employee.Cost Center","tm1_ti_parser","AttrPutS","CONFIRMED","1"
"NOT_YET_CATALOGED","0aad8ac191954ebcc2587797","process::DataUpdate - Corporate Headcount - Contingent Workers","READS_ATTRIBUTE","attribute","attribute::Employee.Cost Center","tm1_ti_parser","ATTRS","CONFIRMED","1"
"NOT_YET_CATALOGED","266b2b6ca92b877a8a351956","process::DataUpdate - Corporate Headcount - Contingent Workers","WRITES_ATTRIBUTE","attribute","attribute::Employee.Cost Center","tm1_ti_parser","AttrPutS","CONFIRMED","1"
"NOT_YET_CATALOGED","6519a435a2ad5474c6008d77","process::DataUpdate - Corporate Headcount","WRITES_ATTRIBUTE","attribute","attribute::Employee.Division","tm1_ti_parser","AttrPutS","CONFIRMED","1"
"NOT_YET_CATALOGED","40699b0145bc643c854ec2d4","process::DataUpdate - Corporate Headcount - Contingent Workers","WRITES_ATTRIBUTE","attribute","attribute::Employee.Division","tm1_ti_parser","AttrPutS","CONFIRMED","1"
"NOT_YET_CATALOGED","1d76cc9449357b04db4586e9","process::DataUpdate - Corporate Headcount","WRITES_ATTRIBUTE","attribute","attribute::Employee.Employee Name","tm1_ti_parser","AttrPutS","CONFIRMED","1"
"NOT_YET_CATALOGED","bc5cfeebd9ed467c2df409ae","process::DataUpdate - Corporate Headcount - Contingent Workers","WRITES_ATTRIBUTE","attribute","attribute::Employee.Employee Name","tm1_ti_parser","AttrPutS","CONFIRMED","1"
"NOT_YET_CATALOGED","d70b7963cb889f89004db497","process::DataUpdate - Corporate Headcount - Contingent Workers","READS_ATTRIBUTE","attribute","attribute::Employee.Employee Name","tm1_ti_parser","ATTRS","CONFIRMED","1"
"NOT_YET_CATALOGED","9c57bc50fda6ba1e7d27bb32","process::DataUpdate - Corporate Headcount","WRITES_ATTRIBUTE","attribute","attribute::Employee.Employee Type","tm1_ti_parser","AttrPutS","CONFIRMED","1"
"NOT_YET_CATALOGED","ba1d889d856c87dc1e8a9da5","process::DataUpdate - Corporate Headcount - Contingent Workers","WRITES_ATTRIBUTE","attribute","attribute::Employee.Employee Type","tm1_ti_parser","AttrPutS","CONFIRMED","1"
"NOT_YET_CATALOGED","c2732e215ea548cb6a3b7102","process::DataUpdate - Corporate Headcount","WRITES_ATTRIBUTE","attribute","attribute::Employee.Job Family","tm1_ti_parser","AttrPutS","CONFIRMED","1"
"NOT_YET_CATALOGED","4775fa9f597abdd7acb19ea5","process::DataUpdate - Corporate Headcount - Contingent Workers","WRITES_ATTRIBUTE","attribute","attribute::Employee.Job Family","tm1_ti_parser","AttrPutS","CONFIRMED","1"
"NOT_YET_CATALOGED","07c7221d69c9f01874042309","process::DataUpdate - Corporate Headcount","WRITES_ATTRIBUTE","attribute","attribute::Employee.Pay Group","tm1_ti_parser","AttrPutS","CONFIRMED","1"
"NOT_YET_CATALOGED","f47c714c21ba27259b247bc5","process::DataUpdate - Corporate Headcount - Contingent Workers","WRITES_ATTRIBUTE","attribute","attribute::Employee.Pay Group","tm1_ti_parser","AttrPutS","CONFIRMED","1"
"NOT_YET_CATALOGED","11f363ed8c1fc27941197e58","process::}Drill_BTL - Corporate Headcount","READS_ATTRIBUTE","attribute","attribute::Employee.PL Account","tm1_ti_parser","ATTRS","CONFIRMED","1"
"NOT_YET_CATALOGED","9b6140c58675b1640b269f7c","process::}Drill_BTL Report - Corporate Headcount","READS_ATTRIBUTE","attribute","attribute::Employee.PL Account","tm1_ti_parser","ATTRS","CONFIRMED","1"
"NOT_YET_CATALOGED","b520491acd69e32d3b6790a3","process::DataUpdate - Below the Line - Corporate Headcount","READS_ATTRIBUTE","attribute","attribute::Employee.PL Account","tm1_ti_parser","ATTRS","CONFIRMED","1"
"NOT_YET_CATALOGED","ed95b6fbb7acc984f8d9b8f8","process::DataUpdate - Corporate Headcount","WRITES_ATTRIBUTE","attribute","attribute::Employee.Position","tm1_ti_parser","AttrPutS","CONFIRMED","1"
"NOT_YET_CATALOGED","771debd17dbb38961f27928e","process::DataUpdate - Corporate Headcount - Contingent Workers","WRITES_ATTRIBUTE","attribute","attribute::Employee.Position","tm1_ti_parser","AttrPutS","CONFIRMED","1"
"NOT_YET_CATALOGED","cbdbe30ee569f57db04890a1","process::DataUpdate - Corporate Headcount","WRITES_ATTRIBUTE","attribute","attribute::Employee.Salary / Hourly","tm1_ti_parser","AttrPutS","CONFIRMED","1"
"NOT_YET_CATALOGED","90cc28e0b1ec80a5f58a5673","process::DataUpdate - Corporate Headcount - Contingent Workers","WRITES_ATTRIBUTE","attribute","attribute::Employee.Salary / Hourly","tm1_ti_parser","AttrPutS","CONFIRMED","1"
"NOT_YET_CATALOGED","c330c4b87bbf68cc164784d3","process::DataUpdate - Corporate Headcount","WRITES_ATTRIBUTE","attribute","attribute::Employee.Sup Org ID","tm1_ti_parser","AttrPutS","CONFIRMED","1"
"NOT_YET_CATALOGED","6721491465943ed847f2b578","process::DataUpdate - Corporate Headcount - Contingent Workers","WRITES_ATTRIBUTE","attribute","attribute::Employee.Sup Org ID","tm1_ti_parser","AttrPutS","CONFIRMED","1"
"NOT_YET_CATALOGED","610e5c2df08ce7d2cad4063b","process::DataUpdate - Corporate Headcount","WRITES_ATTRIBUTE","attribute","attribute::Employee.Supervisory Organization","tm1_ti_parser","AttrPutS","CONFIRMED","1"
"NOT_YET_CATALOGED","aada2bdc70b621a3a9d0a134","process::DataUpdate - Corporate Headcount - Contingent Workers","WRITES_ATTRIBUTE","attribute","attribute::Employee.Supervisory Organization","tm1_ti_parser","AttrPutS","CONFIRMED","1"
"NOT_YET_CATALOGED","20c594a28e537d3e5583bebd","cube::Project Spending","REFERENCES","attribute","attribute::Fiscal Period::Fiscal Month","tm1_rule_parser","ATTRS","RESOLVED","1"
"NOT_YET_CATALOGED","6fcf949abb7877e0b8175e24","cube::SYS Control","REFERENCES","attribute","attribute::Fiscal Period::Fiscal Quarter","tm1_rule_parser","ATTRS","RESOLVED","1"
"NOT_YET_CATALOGED","ab7941d496af35b998ccbeb1","cube::SYS Control","REFERENCES","attribute","attribute::Fiscal Period::Fiscal Year","tm1_rule_parser","ATTRS","RESOLVED","1"
"NOT_YET_CATALOGED","7d228e3561762bafb796604a","cube::Balance Sheet","REFERENCES","attribute","attribute::Fiscal Period::Next Period","tm1_rule_parser","ATTRS","RESOLVED","5"
"NOT_YET_CATALOGED","a1a7574c9d291aece2b2557e","cube::Glenn Springs Project","REFERENCES","attribute","attribute::Fiscal Period::Next Period","tm1_rule_parser","ATTRS","RESOLVED","1"
"NOT_YET_CATALOGED","6083845662103f18faf102a0","cube::Inventory Walk","REFERENCES","attribute","attribute::Fiscal Period::Next Period","tm1_rule_parser","ATTRS","RESOLVED","16"
"NOT_YET_CATALOGED","0c317729a0210d6dcd0a07b8","cube::Project Spending","REFERENCES","attribute","attribute::Fiscal Period::Next Period","tm1_rule_parser","ATTRS","RESOLVED","2"
"NOT_YET_CATALOGED","73df43ff4c8934a49c655e32","cube::SYS Control","REFERENCES","attribute","attribute::Fiscal Period::Next Period","tm1_rule_parser","ATTRS","RESOLVED","2"
"NOT_YET_CATALOGED","2129a8e0e4235f160f6a074a","cube::Turnaround and Other Asset","REFERENCES","attribute","attribute::Fiscal Period::Next Period","tm1_rule_parser","ATTRS","RESOLVED","1"
"NOT_YET_CATALOGED","b5091e398aaec996ae59176c","cube::}ElementAttributes_Fiscal Period","REFERENCES","attribute","attribute::Fiscal Period::Period Index","tm1_rule_parser","ATTRS","RESOLVED","2"
"NOT_YET_CATALOGED","9413f41f5a873d27999ccdae","cube::Project Spending","REFERENCES","attribute","attribute::Fiscal Period::Period Index","tm1_rule_parser","ATTRS","RESOLVED","2"
"NOT_YET_CATALOGED","630c2fb8983eac869f8e07f5","cube::SYS Control","REFERENCES","attribute","attribute::Fiscal Period::Period Index","tm1_rule_parser","ATTRS","RESOLVED","2"
"NOT_YET_CATALOGED","7f50486c5797e91e09061f90","cube::Balance Sheet","REFERENCES","attribute","attribute::Fiscal Period::Prior Period","tm1_rule_parser","ATTRS","RESOLVED","4"
"NOT_YET_CATALOGED","4486fdd9af88ba3e40cbd90e","cube::Glenn Springs Project","REFERENCES","attribute","attribute::Fiscal Period::Prior Period","tm1_rule_parser","ATTRS","RESOLVED","1"
"NOT_YET_CATALOGED","01e83429cda5129500aa2a28","cube::Inventory Walk","REFERENCES","attribute","attribute::Fiscal Period::Prior Period","tm1_rule_parser","ATTRS","RESOLVED","8"
"NOT_YET_CATALOGED","8ea8ccd913bc67e79aa46647","cube::Material Ledger","REFERENCES","attribute","attribute::Fiscal Period::Prior Period","tm1_rule_parser","ATTRS","RESOLVED","6"
"NOT_YET_CATALOGED","8ae6faeb7c102600ec66f167","cube::Project Spending","REFERENCES","attribute","attribute::Fiscal Period::Prior Period","tm1_rule_parser","ATTRS","RESOLVED","2"
"NOT_YET_CATALOGED","b85ca25b7be7fb470e324c73","cube::Turnaround and Other Asset","REFERENCES","attribute","attribute::Fiscal Period::Prior Period","tm1_rule_parser","ATTRS","RESOLVED","1"
"NOT_YET_CATALOGED","6e2e2501478ed29c14f26a6d","process::DataUpdate - Sustainability Download","READS_ATTRIBUTE","attribute","attribute::Fiscal Period.ALT CAPTION","tm1_ti_parser","AttrS","CONFIRMED","1"
"NOT_YET_CATALOGED","909738ecc73a8199e6a7d6ce","process::DataUpdate - Sustainability Email File","READS_ATTRIBUTE","attribute","attribute::Fiscal Period.ALT CAPTION","tm1_ti_parser","AttrS","CONFIRMED","1"
"NOT_YET_CATALOGED","4fde93aad237e602b9d03f58","process::DataUpdate - Balance Sheet","READS_ATTRIBUTE","attribute","attribute::Fiscal Period.Next Period","tm1_ti_parser","ATTRS","CONFIRMED","1"
"NOT_YET_CATALOGED","80fcdfa937987439ceb4737b","process::DataUpdate - Balance Sheet Detail","READS_ATTRIBUTE","attribute","attribute::Fiscal Period.Next Period","tm1_ti_parser","ATTRS","CONFIRMED","1"
"NOT_YET_CATALOGED","c10a99b16604c8d034836c76","process::DataUpdate - Below the Line - Actual","READS_ATTRIBUTE","attribute","attribute::Fiscal Period.Next Period","tm1_ti_parser","ATTRS","CONFIRMED","1"
"NOT_YET_CATALOGED","43026b0acfed59052e597484","process::DataUpdate - Below the Line - Corporate Headcount","READS_ATTRIBUTE","attribute","attribute::Fiscal Period.Next Period","tm1_ti_parser","ATTRS","CONFIRMED","1"
"NOT_YET_CATALOGED","00abe97388bda65488fd9079","process::DataUpdate - Below the Line Assessment - Actual - Assessment Offset Postings","READS_ATTRIBUTE","attribute","attribute::Fiscal Period.Next Period","tm1_ti_parser","ATTRS","CONFIRMED","1"
"NOT_YET_CATALOGED","707614436724b444fb71b0a6","process::DataUpdate - Below the Line Assessment - Actual - Assessment Postings","READS_ATTRIBUTE","attribute","attribute::Fiscal Period.Next Period","tm1_ti_parser","ATTRS","CONFIRMED","1"
"NOT_YET_CATALOGED","7511eba8d84719295763deab","process::DataUpdate - Customer Profitability","READS_ATTRIBUTE","attribute","attribute::Fiscal Period.Next Period","tm1_ti_parser","ATTRS","CONFIRMED","1"
"NOT_YET_CATALOGED","36e1b8641023d126b3a9c45a","process::DataUpdate - Fixed Manufacturing Cost - Actual","READS_ATTRIBUTE","attribute","attribute::Fiscal Period.Next Period","tm1_ti_parser","ATTRS","CONFIRMED","1"
"NOT_YET_CATALOGED","105be8e3406e8e793354ed96","process::DataUpdate - Fund Flow","READS_ATTRIBUTE","attribute","attribute::Fiscal Period.Next Period","tm1_ti_parser","ATTRS","CONFIRMED","1"
"NOT_YET_CATALOGED","2ce94b708503e2edddefee6c","process::DataUpdate - Glenn Springs Project - Actual","READS_ATTRIBUTE","attribute","attribute::Fiscal Period.Next Period","tm1_ti_parser","ATTRS","CONFIRMED","1"
"NOT_YET_CATALOGED","78073fba70ce5504f1bdc7ac","process::DataUpdate - Intercompany","READS_ATTRIBUTE","attribute","attribute::Fiscal Period.Next Period","tm1_ti_parser","ATTRS","CONFIRMED","1"
"NOT_YET_CATALOGED","fcdbd66f430e59b48d8f138d","process::DataUpdate - Intercompany Sandbox","READS_ATTRIBUTE","attribute","attribute::Fiscal Period.Next Period","tm1_ti_parser","ATTRS","CONFIRMED","1"
"NOT_YET_CATALOGED","d198e8043a97b5d493c42fad","process::DataUpdate - Intercompany Sandbox - COS Elim","READS_ATTRIBUTE","attribute","attribute::Fiscal Period.Next Period","tm1_ti_parser","ATTRS","CONFIRMED","1"
"NOT_YET_CATALOGED","f7b3df008d8366e9e51a7731","process::DataUpdate - Intercompany Sandbox - Internal Markup","READS_ATTRIBUTE","attribute","attribute::Fiscal Period.Next Period","tm1_ti_parser","ATTRS","CONFIRMED","1"
"NOT_YET_CATALOGED","b22c7d225f62a82a28436314","process::DataUpdate - Intercompany Sandbox - Sales Elim","READS_ATTRIBUTE","attribute","attribute::Fiscal Period.Next Period","tm1_ti_parser","ATTRS","CONFIRMED","1"
"NOT_YET_CATALOGED","cf023dc367f4bc2ab319a699","process::DataUpdate - Inventory Walk","READS_ATTRIBUTE","attribute","attribute::Fiscal Period.Next Period","tm1_ti_parser","ATTRS","CONFIRMED","1"
"NOT_YET_CATALOGED","8c512e6d83ae6951dba31082","process::DataUpdate - Manual Input Balance Sheet","READS_ATTRIBUTE","attribute","attribute::Fiscal Period.Next Period","tm1_ti_parser","ATTRS","CONFIRMED","1"
"NOT_YET_CATALOGED","6056e0930a714d6c4ad6b307","process::DataUpdate - Manufacturing Cost","READS_ATTRIBUTE","attribute","attribute::Fiscal Period.Next Period","tm1_ti_parser","ATTRS","CONFIRMED","1"
"NOT_YET_CATALOGED","9f39aacf1cc7a148b83430bc","process::DataUpdate - Manufacturing Cost - Exclude","READS_ATTRIBUTE","attribute","attribute::Fiscal Period.Next Period","tm1_ti_parser","ATTRS","CONFIRMED","1"
"NOT_YET_CATALOGED","f3343245794cf5e373d7a1e7","process::DataUpdate - Manufacturing Cost - Transferred Costs","READS_ATTRIBUTE","attribute","attribute::Fiscal Period.Next Period","tm1_ti_parser","ATTRS","CONFIRMED","1"
"NOT_YET_CATALOGED","43b4b73ae001e7b35b554a40","process::DataUpdate - Manufacturing Cost Balancing","READS_ATTRIBUTE","attribute","attribute::Fiscal Period.Next Period","tm1_ti_parser","ATTRS","CONFIRMED","1"
"NOT_YET_CATALOGED","96e6a04e06570ad7e738b216","process::DataUpdate - Plant Assessment - Actual","READS_ATTRIBUTE","attribute","attribute::Fiscal Period.Next Period","tm1_ti_parser","ATTRS","CONFIRMED","1"
"NOT_YET_CATALOGED","507928951e6616baa49f067a","process::DataUpdate - Profit and Loss - Actual","READS_ATTRIBUTE","attribute","attribute::Fiscal Period.Next Period","tm1_ti_parser","ATTRS","CONFIRMED","1"
"NOT_YET_CATALOGED","bf084eb2dd6dd94ad7da24ea","process::DataUpdate - Profit and Loss - Intercompany","READS_ATTRIBUTE","attribute","attribute::Fiscal Period.Next Period","tm1_ti_parser","ATTRS","CONFIRMED","1"
"NOT_YET_CATALOGED","f358ea043f586cb30880316a","process::DataUpdate - Profit and Loss - Intercompany Sandbox","READS_ATTRIBUTE","attribute","attribute::Fiscal Period.Next Period","tm1_ti_parser","ATTRS","CONFIRMED","1"
"NOT_YET_CATALOGED","786fc082a6c931f9a286e8ad","process::DataUpdate - Profit and Loss Detail","READS_ATTRIBUTE","attribute","attribute::Fiscal Period.Next Period","tm1_ti_parser","ATTRS","CONFIRMED","1"
"NOT_YET_CATALOGED","c3300ea32bd27d1190bfe88b","process::DataUpdate - SYS Intercompany Elim","READS_ATTRIBUTE","attribute","attribute::Fiscal Period.Next Period","tm1_ti_parser","ATTRS","CONFIRMED","1"
"NOT_YET_CATALOGED","2359d6e24229b661eb1b0785","process::DataUpdate - SYS Intercompany Elim - Cost of Sales","READS_ATTRIBUTE","attribute","attribute::Fiscal Period.Next Period","tm1_ti_parser","ATTRS","CONFIRMED","1"
"NOT_YET_CATALOGED","bd743fc9144c2690cbb64f73","process::DataUpdate - SYS Production Order","READS_ATTRIBUTE","attribute","attribute::Fiscal Period.Next Period","tm1_ti_parser","ATTRS","CONFIRMED","1"
"NOT_YET_CATALOGED","bb75b5633e4cf126c41ff350","process::DataUpdate - Turnaround and Other Asset - Actual","READS_ATTRIBUTE","attribute","attribute::Fiscal Period.Next Period","tm1_ti_parser","ATTRS","CONFIRMED","1"
"NOT_YET_CATALOGED","98686fba46b74c4d2c4e27bd","process::DataUpdate - Turnaround and Other Asset - Actual - Manual Assignments","READS_ATTRIBUTE","attribute","attribute::Fiscal Period.Next Period","tm1_ti_parser","ATTRS","CONFIRMED","1"
"NOT_YET_CATALOGED","1213df8c971e1e669fe20f02","process::DataUpdate - Turnaround and Other Asset - Roll Dates","READS_ATTRIBUTE","attribute","attribute::Fiscal Period.Next Period","tm1_ti_parser","ATTRS","CONFIRMED","1"
"NOT_YET_CATALOGED","d3c0c8fceadf7c59b81311e6","process::DataUpdate - Turnaround Reserve - Actual","READS_ATTRIBUTE","attribute","attribute::Fiscal Period.Next Period","tm1_ti_parser","ATTRS","CONFIRMED","1"
"NOT_YET_CATALOGED","426bb78c42e77ca56e91ee7f","process::DataWrapper - Glenn Springs Project","READS_ATTRIBUTE","attribute","attribute::Fiscal Period.Next Period","tm1_ti_parser","ATTRS","CONFIRMED","1"
"NOT_YET_CATALOGED","38516429eba3cf83e86b0fd0","process::Notification - Intercompany - Sales Elim Profit Center","READS_ATTRIBUTE","attribute","attribute::Fiscal Period.Next Period","tm1_ti_parser","ATTRS","CONFIRMED","1"
"NOT_YET_CATALOGED","ee6eb548275b30d43dbba655","process::zTemp_ Intercompany - Export Profit Centers","READS_ATTRIBUTE","attribute","attribute::Fiscal Period.Next Period","tm1_ti_parser","ATTRS","CONFIRMED","1"
"NOT_YET_CATALOGED","e1d9cd35c9394bbd8b58afed","process::zTemp_Document No_Index","READS_ATTRIBUTE","attribute","attribute::Fiscal Period.Next Period","tm1_ti_parser","ATTRS","CONFIRMED","1"
"NOT_YET_CATALOGED","f180dafc7fe27a480ae2919a","process::zTemp_Export Intercompany Sandbox Issues","READS_ATTRIBUTE","attribute","attribute::Fiscal Period.Next Period","tm1_ti_parser","ATTRS","CONFIRMED","1"
"NOT_YET_CATALOGED","f13839bcec3b4a9fcc1018f3","process::DataUpdate - Balance Sheet Detail","READS_ATTRIBUTE","attribute","attribute::Fiscal Period.Period Index","tm1_ti_parser","ATTRS","CONFIRMED","2"
"NOT_YET_CATALOGED","062483ccb52636eca7b90880","process::DataUpdate - Fixed Manufacturing Cost Assessment","READS_ATTRIBUTE","attribute","attribute::Fiscal Period.Period Index","tm1_ti_parser","ATTRS","CONFIRMED","4"
"NOT_YET_CATALOGED","12c51bfc710bb6e848069d81","process::DataUpdate - Fixed Manufacturing Cost Assessment - T Account Assessment","READS_ATTRIBUTE","attribute","attribute::Fiscal Period.Period Index","tm1_ti_parser","ATTRS","CONFIRMED","4"
"NOT_YET_CATALOGED","30abdb6d13b3dfa0456108d1","process::DataUpdate - Profit and Loss - Fixed Manufacturing Cost Assessment","READS_ATTRIBUTE","attribute","attribute::Fiscal Period.Period Index","tm1_ti_parser","ATTRS","CONFIRMED","4"
"NOT_YET_CATALOGED","da77b090b5057b763bae2550","process::DataUpdate - Profit and Loss - Fixed Manufacturing Cost Assessment - Period Range","READS_ATTRIBUTE","attribute","attribute::Fiscal Period.Period Index","tm1_ti_parser","ATTRS","CONFIRMED","4"
"NOT_YET_CATALOGED","504824769dcbee001006eed6","process::DataUpdate - Profit and Loss - Fixed Manufacturing Cost Assessment - Period Range - Plan","READS_ATTRIBUTE","attribute","attribute::Fiscal Period.Period Index","tm1_ti_parser","ATTRS","CONFIRMED","4"
"NOT_YET_CATALOGED","19cea3f8eed56c35cdc3f6e2","process::DataUpdate - Profit and Loss - Fixed Manufacturing Cost Assessment - Plan","READS_ATTRIBUTE","attribute","attribute::Fiscal Period.Period Index","tm1_ti_parser","ATTRS","CONFIRMED","4"
"NOT_YET_CATALOGED","dd3230b05529a58a71447bd5","process::DataUpdate - Profit and Loss Detail","READS_ATTRIBUTE","attribute","attribute::Fiscal Period.Period Index","tm1_ti_parser","ATTRS","CONFIRMED","2"
"NOT_YET_CATALOGED","4b794aa0de0eb5e589d485f9","process::DataUpdate - Scenario Archive - Numeric","READS_ATTRIBUTE","attribute","attribute::Fiscal Period.Period Index","tm1_ti_parser","ATTRS","CONFIRMED","3"
"NOT_YET_CATALOGED","b3997ba4ae20f1e2cca82cd5","process::DataUpdate - Scenario Archive - String","READS_ATTRIBUTE","attribute","attribute::Fiscal Period.Period Index","tm1_ti_parser","ATTRS","CONFIRMED","3"
"NOT_YET_CATALOGED","3afe255b6ec3a581a2b653ba","process::zTemp_Test","READS_ATTRIBUTE","attribute","attribute::Fiscal Period.Period Index","tm1_ti_parser","ATTRS","CONFIRMED","3"
"NOT_YET_CATALOGED","0787f18d40ee2d8ab9c18e9a","process::DataUpdate - Turnaround Reserve - Roll Dates","READS_ATTRIBUTE","attribute","attribute::Fiscal Period.Prior Period","tm1_ti_parser","ATTRS","CONFIRMED","1"
"NOT_YET_CATALOGED","d31d36760a57d75b457379fa","cube::Manual Input Balance Sheet","REFERENCES","attribute","attribute::Flow Code::CAPTION","tm1_rule_parser","ATTRS","RESOLVED","1"
"NOT_YET_CATALOGED","5cc38a735659e63f5a374201","cube::Manual Input","REFERENCES","attribute","attribute::Functional Area::CAPTION","tm1_rule_parser","ATTRS","RESOLVED","1"
"NOT_YET_CATALOGED","feddcd7f4ccb700c1d708355","cube::SYS Hierarchy Validation","REFERENCES","attribute","attribute::Functional Area::CAPTION","tm1_rule_parser","ATTRS","RESOLVED","1"
"NOT_YET_CATALOGED","d987d8da7f337c33241648cb","process::DataUpdate - Below the Line - Corporate Headcount","READS_ATTRIBUTE","attribute","attribute::Functional Area.Below the Line (System)","tm1_ti_parser","ATTRS","CONFIRMED","1"
"NOT_YET_CATALOGED","634b4bc0947d9e718a3fdd5b","process::DimUpdate - Document No","READS_ATTRIBUTE","attribute","attribute::Functional Area.Below the Line (System)","tm1_ti_parser","ATTRS","CONFIRMED","1"
"NOT_YET_CATALOGED","e5242a7edccaf4caca6a0041","process::zTemp_ Intercompany - Export Profit Centers","READS_ATTRIBUTE","attribute","attribute::Functional Area.CAPTION","tm1_ti_parser","ATTRS","CONFIRMED","1"
"NOT_YET_CATALOGED","3345a8140e6cb370cea31cc2","process::DataUpdate - Fixed Manufacturing Cost - Plan","READS_ATTRIBUTE","attribute","attribute::Functional Area.Fixed Manufacturing Cost (System)","tm1_ti_parser","ATTRS","CONFIRMED","1"
"NOT_YET_CATALOGED","1944b93e8d87ad6f8d8695bb","process::DataUpdate - Cost Standards - KEPH","READS_ATTRIBUTE","attribute","attribute::KALNR.01 Last Load Date","tm1_ti_parser","CellGetS","CONFIRMED","1"
"NOT_YET_CATALOGED","cb016960c7ac760175197f3f","process::DataUpdate - ML Stage","READS_ATTRIBUTE","attribute","attribute::KALNR.BKLAS","tm1_ti_parser","Attrs","CONFIRMED","1"
"NOT_YET_CATALOGED","6352045fa875693b300d9980","process::DataUpdate - ML Stage","READS_ATTRIBUTE","attribute","attribute::KALNR.BWTAR","tm1_ti_parser","Attrs","CONFIRMED","1"
"NOT_YET_CATALOGED","c6f03f9aab5683080df80b70","process::DataUpdate - ML Stage","READS_ATTRIBUTE","attribute","attribute::KALNR.Material","tm1_ti_parser","Attrs","CONFIRMED","1"
"NOT_YET_CATALOGED","ca3e90a1bb218f0d88cd2593","process::DataUpdate - ML Stage","READS_ATTRIBUTE","attribute","attribute::KALNR.MLAST","tm1_ti_parser","Attrs","CONFIRMED","1"
"NOT_YET_CATALOGED","467aa6784e6e593e1a57b86a","process::DataUpdate - ML Stage","READS_ATTRIBUTE","attribute","attribute::KALNR.Plant","tm1_ti_parser","Attrs","CONFIRMED","1"
"NOT_YET_CATALOGED","48dca2da01ef353674df31bf","process::DataUpdate - ML Stage","READS_ATTRIBUTE","attribute","attribute::KALNR.Profit Center","tm1_ti_parser","Attrs","CONFIRMED","1"
"NOT_YET_CATALOGED","26644e9f1d07c1a38d015849","process::DataUpdate - ML Stage","READS_ATTRIBUTE","attribute","attribute::KALNR.VPRSV","tm1_ti_parser","Attrs","CONFIRMED","1"
"NOT_YET_CATALOGED","0014a11c56ab1a973e9495d6","process::DataUpdate - Cost Standards - KEPH","READS_ATTRIBUTE","attribute","attribute::KALNR.Z1 Last Load Date","tm1_ti_parser","CellGetS","CONFIRMED","1"
"NOT_YET_CATALOGED","4304814c3f1c4941651d528f","process::DataUpdate - Manufacturing Cost","WRITES_ATTRIBUTE","attribute","attribute::Manufacturing Cost Object.CAPTION","tm1_ti_parser","AttrPutS","CONFIRMED","3"
"NOT_YET_CATALOGED","3b32d9e2596ff006328654f4","process::DataUpdate - Manufacturing Cost - BW","WRITES_ATTRIBUTE","attribute","attribute::Manufacturing Cost Object.CAPTION","tm1_ti_parser","AttrPutS","CONFIRMED","3"
"NOT_YET_CATALOGED","d4224f75f3d689c87eee4f3a","process::DataUpdate - Manufacturing Cost - Transferred Costs","WRITES_ATTRIBUTE","attribute","attribute::Manufacturing Cost Object.CAPTION","tm1_ti_parser","AttrPutS","CONFIRMED","1"
"NOT_YET_CATALOGED","af3d62d8ebd41e9c0b8b0a72","process::zTemp_DataUpdate - Manufacturing Cost - BW","WRITES_ATTRIBUTE","attribute","attribute::Manufacturing Cost Object.CAPTION","tm1_ti_parser","AttrPutS","CONFIRMED","3"
"NOT_YET_CATALOGED","216d01f1da3bfd5e96883426","process::DataUpdate - Material Ledger - Consumption - Production - Materials Produced - Price Diff","READS_ATTRIBUTE","attribute","attribute::Material Ledger Document.Alternative Process","tm1_ti_parser","ATTRS","CONFIRMED","2"
"NOT_YET_CATALOGED","810444dddd257a8bb8b09594","process::DataUpdate - Material Ledger - Consumption - Production - Materials Produced - Price Diff","WRITES_ATTRIBUTE","attribute","attribute::Material Ledger Document.Material / Plant","tm1_ti_parser","AttrPutS","CONFIRMED","1"
"NOT_YET_CATALOGED","89d61ccb0ec9cfebcdb46202","process::DataUpdate - Material Ledger - Consumption - Production - Materials Produced - Price Diff","CREATES_ATTRIBUTE","attribute","attribute::Material Ledger Document.Material / Plant","tm1_ti_parser","AttrInsert","CONFIRMED","1"
"NOT_YET_CATALOGED","6c16975ded685bef27e4c5fe","process::DataUpdate - Material Ledger - Consumption - Production - Materials Produced - Std","READS_ATTRIBUTE","attribute","attribute::Material Ledger Document.Material / Plant","tm1_ti_parser","ATTRS","CONFIRMED","1"
"NOT_YET_CATALOGED","a7cf3f493bdb76271fb37f31","process::DataUpdate - Material Ledger - Consumption - Transfers - Receiving Material and Plant","WRITES_ATTRIBUTE","attribute","attribute::Material Ledger Document.Material / Plant","tm1_ti_parser","AttrPutS","CONFIRMED","1"
"NOT_YET_CATALOGED","7d7d3843c951891ca5f2a4be","process::DataUpdate - Material Ledger - Consumption - Production - Materials Produced - Price Diff","WRITES_ATTRIBUTE","attribute","attribute::Material Ledger Document.Order Number","tm1_ti_parser","AttrPutS","CONFIRMED","1"
"NOT_YET_CATALOGED","d7a79c43ebee8c66a8bec4b7","process::DataUpdate - Material Ledger - Consumption - Production - Materials Produced - Std","READS_ATTRIBUTE","attribute","attribute::Material Ledger Document.Order Number","tm1_ti_parser","ATTRS","CONFIRMED","2"
"NOT_YET_CATALOGED","78fdd93d01b246cfeaadc054","process::DataUpdate - Material Ledger - Consumption - Production - Materials Produced - Std","READS_ATTRIBUTE","attribute","attribute::Material Ledger Document.Process","tm1_ti_parser","ATTRS","CONFIRMED","2"
"NOT_YET_CATALOGED","acecc29ca25c18d8f4b1b595","process::DataUpdate - Material Ledger - Consumption - Transfers - Receiving Material and Plant","READS_ATTRIBUTE","attribute","attribute::Material Ledger Document.Process","tm1_ti_parser","Attrs","CONFIRMED","2"
"NOT_YET_CATALOGED","3a0b71fe078068b95ab6f183","cube::Material Ledger","REFERENCES","attribute","attribute::Material::Base UOM","tm1_rule_parser","ATTRS","RESOLVED","2"
"NOT_YET_CATALOGED","37ad9056e883b904f8793fa9","cube::Manual Input","REFERENCES","attribute","attribute::Material::CAPTION","tm1_rule_parser","ATTRS","RESOLVED","1"
"NOT_YET_CATALOGED","aaa9b2789f5ab9b90f824c99","cube::}ElementAttributes_Material","REFERENCES","attribute","attribute::Material::M Type","tm1_rule_parser","ATTRS","RESOLVED","4"
"NOT_YET_CATALOGED","78ccbdef4911b2bc5a55d1fd","cube::}ElementAttributes_Material","REFERENCES","attribute","attribute::MATERIAL::Production UOM","tm1_rule_parser","ATTRS","RESOLVED","1"
"NOT_YET_CATALOGED","3093be7b7ed42978de789584","cube::}ElementAttributes_Material","REFERENCES","attribute","attribute::MATERIAL::Reporting UOM","tm1_rule_parser","ATTRS","RESOLVED","1"
"NOT_YET_CATALOGED","79bedb5e9a36a1e08d20bcf1","cube::Manufacturing Cost","REFERENCES","attribute","attribute::Material::Reporting UOM","tm1_rule_parser","ATTRS","RESOLVED","2"
"NOT_YET_CATALOGED","74f9ab013cfc8b92957a8a52","cube::}ElementAttributes_Material","REFERENCES","attribute","attribute::material::Sales Responsibility","tm1_rule_parser","ATTRS","RESOLVED","2"
"NOT_YET_CATALOGED","e5c957c35f582d41bff5f20e","cube::}ElementAttributes_Material","REFERENCES","attribute","attribute::Material::Sales Responsibility","tm1_rule_parser","ATTRS","RESOLVED","5"
"NOT_YET_CATALOGED","76626f42e672b9d6dd5d454c","cube::}ElementAttributes_Material","REFERENCES","attribute","attribute::Material::Sales Responsibility Description","tm1_rule_parser","ATTRS","RESOLVED","1"
"NOT_YET_CATALOGED","06dcaec2343bdab1fa0ea11c","process::DataUpdate - Manufacturing Cost Balancing","READS_ATTRIBUTE","attribute","attribute::Material.Base UOM","tm1_ti_parser","CellGetS","CONFIRMED","1"
"NOT_YET_CATALOGED","022f53566ab573c21a53831f","process::DataUpdate - Manufacturing Cost","READS_ATTRIBUTE","attribute","attribute::Material.CAPTION","tm1_ti_parser","CellGetS","CONFIRMED","2"
"NOT_YET_CATALOGED","cfe1411c238fff79b45ef05c","process::DataUpdate - Manufacturing Cost - BW","READS_ATTRIBUTE","attribute","attribute::Material.CAPTION","tm1_ti_parser","CellGetS","CONFIRMED","2"
"NOT_YET_CATALOGED","3ae2c6743a6695e44af0fe66","process::DataUpdate - Manufacturing Cost - Transferred Costs","READS_ATTRIBUTE","attribute","attribute::Material.CAPTION","tm1_ti_parser","CellGetS","CONFIRMED","1"
"NOT_YET_CATALOGED","aaee863b9a7dae74b8a4d423","process::zTemp_DataUpdate - Manufacturing Cost - BW","READS_ATTRIBUTE","attribute","attribute::Material.CAPTION","tm1_ti_parser","CellGetS","CONFIRMED","2"
"NOT_YET_CATALOGED","2b86abcf18c14f8dd36b856c","process::DataUpdate - Balance Sheet - Period 13","READS_ATTRIBUTE","attribute","attribute::Material.Production UOM","tm1_ti_parser","CellGetS","CONFIRMED","1"
"NOT_YET_CATALOGED","ae90306e96d1ffb7301a24e2","process::DataUpdate - Balance Sheet Detail","READS_ATTRIBUTE","attribute","attribute::Material.Production UOM","tm1_ti_parser","CellGetS","CONFIRMED","1"
"NOT_YET_CATALOGED","79d5839b9526c3c058df1f47","process::DataUpdate - Balance Sheet - Period 13","READS_ATTRIBUTE","attribute","attribute::Material.Reporting UOM","tm1_ti_parser","CellGetS","CONFIRMED","1"
"NOT_YET_CATALOGED","888b099131366cf4bb652a41","process::DataUpdate - Balance Sheet Detail","READS_ATTRIBUTE","attribute","attribute::Material.Reporting UOM","tm1_ti_parser","CellGetS","CONFIRMED","1"
"NOT_YET_CATALOGED","d820944409490e664381d427","process::DataUpdate - SYS Profit Center Sales Responsibility","READS_ATTRIBUTE","attribute","attribute::Material.Reporting UOM","tm1_ti_parser","CellGetS","CONFIRMED","1"
"NOT_YET_CATALOGED","fcd9bd69e3a598735581c638","process::DataUpdate - SYS Profit Center Sales Responsibility - Actual Net Sales","READS_ATTRIBUTE","attribute","attribute::Material.Reporting UOM","tm1_ti_parser","CellGetS","CONFIRMED","1"
"NOT_YET_CATALOGED","bb1fd317e36c096930759f65","process::DataUpdate - SYS Profit Center Sales Responsibility","READS_ATTRIBUTE","attribute","attribute::Material.Sales Responsibility","tm1_ti_parser","CellGetS","CONFIRMED","1"
"NOT_YET_CATALOGED","f84b605d10b5c71da2fdb9c5","process::DataUpdate - SYS Profit Center Sales Responsibility - Actual Net Sales","READS_ATTRIBUTE","attribute","attribute::Material.Sales Responsibility","tm1_ti_parser","CellGetS","CONFIRMED","1"
"NOT_YET_CATALOGED","f4870bf07115856406ab30d2","process::DataUpdate - Fixed Manufacturing Cost - Actual","WRITES_ATTRIBUTE","attribute","attribute::mFixed Manufacturing Cost.Format","tm1_ti_parser","AttrPutS","CONFIRMED","1"
"NOT_YET_CATALOGED","b4af6a9eafa5ee636a6ff901","process::DataUpdate - Plant Assessment - Actual","READS_ATTRIBUTE","attribute","attribute::Order.Plant","tm1_ti_parser","CellGetS","CONFIRMED","2"
"NOT_YET_CATALOGED","9a54f62c5c289a9bbf2dd8e1","cube::Manual Input","REFERENCES","attribute","attribute::Partner Profit Center::CAPTION","tm1_rule_parser","ATTRS","RESOLVED","1"
"NOT_YET_CATALOGED","905feca644eeed0f73618357","cube::Manual Input","REFERENCES","attribute","attribute::PL Account::CAPTION","tm1_rule_parser","ATTRS","RESOLVED","1"
"NOT_YET_CATALOGED","934beaa31458d2a50c523b5d","cube::Manual Input Below the Line","REFERENCES","attribute","attribute::PL Account::CAPTION","tm1_rule_parser","ATTRS","RESOLVED","1"
"NOT_YET_CATALOGED","f9d7d8fe05ae49210555c15b","cube::SYS Hierarchy Validation","REFERENCES","attribute","attribute::PL Account::CAPTION","tm1_rule_parser","ATTRS","RESOLVED","1"
"NOT_YET_CATALOGED","515ce733b5d22e800757f787","cube::Below the Line","REFERENCES","attribute","attribute::PL Account::Functional Area","tm1_rule_parser","ATTRS","RESOLVED","6"
"NOT_YET_CATALOGED","7c1d433a15fe594e6a9f7e41","cube::}ElementAttributes_PL Account","REFERENCES","attribute","attribute::PL Account::Sales Area","tm1_rule_parser","ATTRS","RESOLVED","1"
"NOT_YET_CATALOGED","3572e907f4027975de8ed122","cube::Intercompany","REFERENCES","attribute","attribute::PL Account::Sales Area","tm1_rule_parser","ATTRS","RESOLVED","1"
"NOT_YET_CATALOGED","592b83157f7a720791dc10da","process::DataUpdate - Glenn Springs Project - Actual","READS_ATTRIBUTE","attribute","attribute::PL Account.CAPTION","tm1_ti_parser","CellGetS","CONFIRMED","1"
"NOT_YET_CATALOGED","760a0c152aea91e557645abc","process::zTemp_ Intercompany - Export Profit Centers","READS_ATTRIBUTE","attribute","attribute::PL Account.CAPTION","tm1_ti_parser","ATTRS","CONFIRMED","1"
"NOT_YET_CATALOGED","59183ab6838c6d22b31ff13d","process::DataUpdate - Profit and Loss - Intercompany","READS_ATTRIBUTE","attribute","attribute::PL Account.Functional Area","tm1_ti_parser","CellGetS","CONFIRMED","1"
"NOT_YET_CATALOGED","5c1538c11980b0a729368a85","process::DimUpdate - Plant Assessment Cost Object - Plant Orders","READS_ATTRIBUTE","attribute","attribute::Plant Assessment Cost Object.Order Plant","tm1_ti_parser","CellGetS","CONFIRMED","1"
"NOT_YET_CATALOGED","21d4dbd0c78924cb859179a4","cube::}ElementAttributes_AFE Number","REFERENCES","attribute","attribute::Plant::CAPTION","tm1_rule_parser","ATTRS","RESOLVED","2"
"NOT_YET_CATALOGED","880d3cb32d1e05bb6a51102b","cube::Manual Input","REFERENCES","attribute","attribute::Plant::CAPTION","tm1_rule_parser","ATTRS","RESOLVED","1"
"NOT_YET_CATALOGED","d6d348250b90f7c253d03c5a","cube::}ElementAttributes_Plant","REFERENCES","attribute","attribute::Plant::Company","tm1_rule_parser","ATTRS","RESOLVED","6"
"NOT_YET_CATALOGED","7c5bfec780132b92555474e4","cube::}ElementAttributes_Plant","REFERENCES","attribute","attribute::Plant::Company Rollup 1","tm1_rule_parser","ATTRS","RESOLVED","10"
"NOT_YET_CATALOGED","7e41b9027dde1fc8b20d8c66","cube::}ElementAttributes_Plant","REFERENCES","attribute","attribute::Plant::Company Rollup 2","tm1_rule_parser","ATTRS","RESOLVED","4"
"NOT_YET_CATALOGED","80d3977199a84aa6802a5374","cube::}ElementAttributes_Plant","REFERENCES","attribute","attribute::Plant::CustNoPlnt","tm1_rule_parser","ATTRS","RESOLVED","2"
"NOT_YET_CATALOGED","3ecc3054d02c4784458af6cf","cube::}ElementAttributes_AFE Number","REFERENCES","attribute","attribute::Plant::OXY-CCA2 Rollup","tm1_rule_parser","ATTRS","RESOLVED","3"
"NOT_YET_CATALOGED","57a73c4611e81b22f50f6215","cube::}ElementAttributes_Plant","REFERENCES","attribute","attribute::Plant::OXY-CCA2 Rollup","tm1_rule_parser","ATTRS","RESOLVED","2"
"NOT_YET_CATALOGED","d85e251bdefeb1ad2e1c5980","cube::}ElementAttributes_AFE Number","REFERENCES","attribute","attribute::Plant::OXY-CCA2 Rollup Description","tm1_rule_parser","ATTRS","RESOLVED","1"
"NOT_YET_CATALOGED","9f6d4d467190440060396dc8","cube::}ElementAttributes_Profit Center","REFERENCES","attribute","attribute::Plant::Plant Division","tm1_rule_parser","ATTRS","RESOLVED","1"
"NOT_YET_CATALOGED","4d3a5a60b76a1fc44d507713","process::DimUpdate - AFE Number - Rollups","READS_ATTRIBUTE","attribute","attribute::Plant.CAPTION","tm1_ti_parser","ATTRS","CONFIRMED","1"
"NOT_YET_CATALOGED","378642526eb2491e7884258d","process::DimUpdate - Turnaround and Other Project","READS_ATTRIBUTE","attribute","attribute::Plant.CAPTION","tm1_ti_parser","ATTRS","CONFIRMED","2"
"NOT_YET_CATALOGED","4c4403bff2c099d022e9156f","process::DataUpdate - Sustainability Download","READS_ATTRIBUTE","attribute","attribute::Plant.Description","tm1_ti_parser","AttrS","CONFIRMED","1"
"NOT_YET_CATALOGED","60269f55c6e4de637c382553","process::zTemp_Intercompany","CREATES_ATTRIBUTE","attribute","attribute::Plant.Plant Division","tm1_ti_parser","AttrInsert","CONFIRMED","1"
"NOT_YET_CATALOGED","b22826ae4894f21304f1b4bd","cube::Manual Input","REFERENCES","attribute","attribute::Profit Center::CAPTION","tm1_rule_parser","ATTRS","RESOLVED","1"
"NOT_YET_CATALOGED","10d9dea803e759145200c526","cube::Manual Input Balance Sheet","REFERENCES","attribute","attribute::Profit Center::CAPTION","tm1_rule_parser","ATTRS","RESOLVED","1"
"NOT_YET_CATALOGED","32d1c867079ee28420c3cc0d","cube::SYS Hierarchy Validation","REFERENCES","attribute","attribute::Profit Center::CAPTION","tm1_rule_parser","ATTRS","RESOLVED","1"
"NOT_YET_CATALOGED","0c7f10d637f61dc36dd52cce","cube::}ElementAttributes_Profit Center","REFERENCES","attribute","attribute::Profit Center::Plant","tm1_rule_parser","ATTRS","RESOLVED","2"
"NOT_YET_CATALOGED","6b72c4c22340b95bf88ee3a6","process::Notification - Profit and Loss - Clearing Accounts","READS_ATTRIBUTE","attribute","attribute::Profit Center.CoCd","tm1_ti_parser","ATTRS","CONFIRMED","1"
"NOT_YET_CATALOGED","588c07b5dc2c2330f16ed221","process::zTemp_Intercompany","CREATES_ATTRIBUTE","attribute","attribute::Profit Center.Division","tm1_ti_parser","AttrInsert","CONFIRMED","1"
"NOT_YET_CATALOGED","0e4aa498dc9179daf9da32ad","process::DataUpdate - Below the Line Assessment - Actual - Manual Entry","READS_ATTRIBUTE","attribute","attribute::Profit Center.Plant","tm1_ti_parser","CellGetS","CONFIRMED","1"
"NOT_YET_CATALOGED","227176e05b2b5f65898fe0ca","process::DataUpdate - Below the Line Assessments - Outlook","READS_ATTRIBUTE","attribute","attribute::Profit Center.Plant","tm1_ti_parser","CellGetS","CONFIRMED","2"
"NOT_YET_CATALOGED","48ff1f796d8a612b943f4f26","process::DataUpdate - Below the Line Assessments - Outlook - Period Range","READS_ATTRIBUTE","attribute","attribute::Profit Center.Plant","tm1_ti_parser","CellGetS","CONFIRMED","2"
"NOT_YET_CATALOGED","9e37cd26762c1b108de6ff65","process::DataUpdate - Below the Line Assessments - Plan","READS_ATTRIBUTE","attribute","attribute::Profit Center.Plant","tm1_ti_parser","CellGetS","CONFIRMED","2"
"NOT_YET_CATALOGED","0fbe62479070fdcee91b230f","process::DataUpdate - Manufacturing Cost","READS_ATTRIBUTE","attribute","attribute::Profit Center.Plant","tm1_ti_parser","CellGetS","CONFIRMED","1"
"NOT_YET_CATALOGED","1dc90b1f384a4fce13c0f444","process::DataUpdate - Profit and Loss - Fixed Manufacturing Cost Assessment","READS_ATTRIBUTE","attribute","attribute::Profit Center.Plant","tm1_ti_parser","Attrs","CONFIRMED","1"
"NOT_YET_CATALOGED","37e912f4acc23133b060143f","process::DataUpdate - Profit and Loss - Fixed Manufacturing Cost Assessment - Period Range","READS_ATTRIBUTE","attribute","attribute::Profit Center.Plant","tm1_ti_parser","Attrs","CONFIRMED","1"
"NOT_YET_CATALOGED","4856d223044b7648aa76c6de","process::DataUpdate - Profit and Loss - Fixed Manufacturing Cost Assessment - Period Range - Plan","READS_ATTRIBUTE","attribute","attribute::Profit Center.Plant","tm1_ti_parser","Attrs","CONFIRMED","1"
"NOT_YET_CATALOGED","53aa38c34bc773b99c8be688","process::DataUpdate - Profit and Loss - Fixed Manufacturing Cost Assessment - Plan","READS_ATTRIBUTE","attribute","attribute::Profit Center.Plant","tm1_ti_parser","Attrs","CONFIRMED","1"
"NOT_YET_CATALOGED","0b9165fdd563f15f3558f38a","process::zTemp_DataUpdate - Below the Line Assessments - Outlook - Period Range","READS_ATTRIBUTE","attribute","attribute::Profit Center.Plant","tm1_ti_parser","CellGetS","CONFIRMED","2"
"NOT_YET_CATALOGED","b1d6f0782e248ce7d5be3ee8","process::zTemp_Intercompany","CREATES_ATTRIBUTE","attribute","attribute::Profit Center.Plant Division","tm1_ti_parser","AttrInsert","CONFIRMED","1"
"NOT_YET_CATALOGED","0caeb6552e552ba8139f6360","process::zTemp_Intercompany","CREATES_ATTRIBUTE","attribute","attribute::Profit Center.Product Group","tm1_ti_parser","AttrInsert","CONFIRMED","1"
"NOT_YET_CATALOGED","f14913b634676e5884017e46","process::DataUpdate - Intercompany","READS_ATTRIBUTE","attribute","attribute::ProfitCenter.CoCd","tm1_ti_parser","CellGetS","CONFIRMED","2"
"NOT_YET_CATALOGED","9c06672edfcaf001f9afa469","process::DataUpdate - Intercompany Sandbox","READS_ATTRIBUTE","attribute","attribute::ProfitCenter.CoCd","tm1_ti_parser","CellGetS","CONFIRMED","2"
"NOT_YET_CATALOGED","555226aed42bf1536ff296f4","process::DataUpdate - Intercompany","READS_ATTRIBUTE","attribute","attribute::ProfitCenter.Division","tm1_ti_parser","CellGetS","CONFIRMED","2"
"NOT_YET_CATALOGED","a92144f9341b7ccf18957b13","process::DataUpdate - Intercompany Sandbox","READS_ATTRIBUTE","attribute","attribute::ProfitCenter.Division","tm1_ti_parser","CellGetS","CONFIRMED","2"
"NOT_YET_CATALOGED","ef1a03f31dde45f7f5dd3388","process::DataUpdate - Intercompany","READS_ATTRIBUTE","attribute","attribute::ProfitCenter.Plant","tm1_ti_parser","CellGetS","CONFIRMED","2"
"NOT_YET_CATALOGED","d0af5ecbd0ba3ba60211d645","process::DataUpdate - Intercompany Sandbox","READS_ATTRIBUTE","attribute","attribute::ProfitCenter.Plant","tm1_ti_parser","CellGetS","CONFIRMED","2"
"NOT_YET_CATALOGED","b9710aac8fe47a92c689f6bf","process::DataUpdate - Intercompany","READS_ATTRIBUTE","attribute","attribute::ProfitCenter.Plant Division","tm1_ti_parser","CellGetS","CONFIRMED","2"
"NOT_YET_CATALOGED","50baa7da624cc5d18de24de0","process::DataUpdate - Intercompany Sandbox","READS_ATTRIBUTE","attribute","attribute::ProfitCenter.Plant Division","tm1_ti_parser","CellGetS","CONFIRMED","2"
"NOT_YET_CATALOGED","5cbb1cd2f168276eb9ea3342","process::DataUpdate - Intercompany","READS_ATTRIBUTE","attribute","attribute::ProfitCenter.Product Group","tm1_ti_parser","CellGetS","CONFIRMED","2"
"NOT_YET_CATALOGED","b2e4066baf6ce6913219406e","process::DataUpdate - Intercompany Sandbox","READS_ATTRIBUTE","attribute","attribute::ProfitCenter.Product Group","tm1_ti_parser","CellGetS","CONFIRMED","2"
"NOT_YET_CATALOGED","5b9b4dff90011c82071d5690","cube::}ElementAttributes_Reports","REFERENCES","attribute","attribute::Reports::Report Month","tm1_rule_parser","ATTRS","RESOLVED","1"
"NOT_YET_CATALOGED","25655e4897d1303ce78eabc4","cube::}CellSecurity_Plant Variance","REFERENCES","attribute","attribute::Reports::Report Period","tm1_rule_parser","ATTRS","RESOLVED","2"
"NOT_YET_CATALOGED","e8b96ff0b857365fc387d6d1","cube::}CellSecurity_Profit Center Variance","REFERENCES","attribute","attribute::Reports::Report Period","tm1_rule_parser","ATTRS","RESOLVED","2"
"NOT_YET_CATALOGED","50a3bee56ca82a4ace6e07a4","cube::}ElementAttributes_PL Account","REFERENCES","attribute","attribute::Sales Area::CAPTION","tm1_rule_parser","ATTRS","RESOLVED","1"
"NOT_YET_CATALOGED","af4a0f68c585332bfcf0156a","cube::Material Ledger","REFERENCES","attribute","attribute::Sending or Receiving Material::Material","tm1_rule_parser","ATTRS","RESOLVED","1"
"NOT_YET_CATALOGED","0bff159d7cc3917981179681","process::DataUpdate - Material Ledger - Consumption - Production - Materials Produced - Price Diff","CREATES_ATTRIBUTE","attribute","attribute::Sending or Receiving Material.Material","tm1_ti_parser","AttrInsert","CONFIRMED","1"
"NOT_YET_CATALOGED","69a64cc44cd102dc2fd04613","process::DataUpdate - Material Ledger - Receipts - Production - Components Consumed","CREATES_ATTRIBUTE","attribute","attribute::Sending or Receiving Material.Material","tm1_ti_parser","AttrInsert","CONFIRMED","1"
"NOT_YET_CATALOGED","6407ac00106256107e423eba","process::DataUpdate - Material Ledger - Receipts - Production - Components Consumed","WRITES_ATTRIBUTE","attribute","attribute::Sending or Receiving Material.Material","tm1_ti_parser","AttrPutS","CONFIRMED","1"
"NOT_YET_CATALOGED","8b68b89dee393e15959bf7fa","process::DataUpdate - Material Ledger - Receipts - Transfer Posting - Components Consumed","WRITES_ATTRIBUTE","attribute","attribute::Sending or Receiving Material.Material","tm1_ti_parser","AttrPutS","CONFIRMED","1"
"NOT_YET_CATALOGED","ab329299ac330025d3b6c68e","process::DataUpdate - Material Ledger - Receipts - Transfer Posting - Components Consumed","CREATES_ATTRIBUTE","attribute","attribute::Sending or Receiving Material.Material","tm1_ti_parser","AttrInsert","CONFIRMED","1"
"NOT_YET_CATALOGED","dde7ed6a55562114776d4f7e","process::DataUpdate - Material Ledger - Consumption - Production - Materials Produced - Price Diff","CREATES_ATTRIBUTE","attribute","attribute::Sending or Receiving Material.Plant","tm1_ti_parser","AttrInsert","CONFIRMED","1"
"NOT_YET_CATALOGED","009afea5ca028079faa58380","process::DataUpdate - Material Ledger - Receipts - Production - Components Consumed","CREATES_ATTRIBUTE","attribute","attribute::Sending or Receiving Material.Plant","tm1_ti_parser","AttrInsert","CONFIRMED","1"
"NOT_YET_CATALOGED","7905626214f484fd32bc0f8b","process::DataUpdate - Material Ledger - Receipts - Production - Components Consumed","WRITES_ATTRIBUTE","attribute","attribute::Sending or Receiving Material.Plant","tm1_ti_parser","AttrPutS","CONFIRMED","1"
"NOT_YET_CATALOGED","03229881cd79cc85a0b5b004","process::DataUpdate - Material Ledger - Receipts - Transfer Posting - Components Consumed","CREATES_ATTRIBUTE","attribute","attribute::Sending or Receiving Material.Plant","tm1_ti_parser","AttrInsert","CONFIRMED","1"
"NOT_YET_CATALOGED","fe13f1d684429b50f44e87f5","process::DataUpdate - Material Ledger - Receipts - Transfer Posting - Components Consumed","WRITES_ATTRIBUTE","attribute","attribute::Sending or Receiving Material.Plant","tm1_ti_parser","AttrPutS","CONFIRMED","1"
"NOT_YET_CATALOGED","aaeb7a20975df32eddc23391","cube::Manual Input","REFERENCES","attribute","attribute::Ship To::CAPTION","tm1_rule_parser","ATTRS","RESOLVED","1"
"NOT_YET_CATALOGED","33a0fc1457700122a9dec4f8","process::DataUpdate - Sustainability Download","READS_ATTRIBUTE","attribute","attribute::Sustain_Categories.UOM","tm1_ti_parser","AttrS","CONFIRMED","1"
"NOT_YET_CATALOGED","1c296fbf4e67038d3406a991","process::DataUpdate - Corporate Headcount","READS_ATTRIBUTE","attribute","attribute::SYS Headcount Cost Center.Mapped Cost Center","tm1_ti_parser","ATTRS","CONFIRMED","2"
"NOT_YET_CATALOGED","5377edb9d359986921cc92d2","process::DataUpdate - Corporate Headcount - Contingent Workers","READS_ATTRIBUTE","attribute","attribute::SYS Headcount Cost Center.Mapped Cost Center","tm1_ti_parser","ATTRS","CONFIRMED","2"
"NOT_YET_CATALOGED","7aa30e6c3cfb7585ca33d635","process::DataUpdate - Corporate Headcount","READS_ATTRIBUTE","attribute","attribute::SYS Headcount Cost Center.Non-OCC Cost Center","tm1_ti_parser","ATTRS","CONFIRMED","2"
"NOT_YET_CATALOGED","1291430728f230abcd24d126","process::DimUpdate - Material","READS_ATTRIBUTE","attribute","attribute::SYS Material Hierarchy.Caption","tm1_ti_parser","CellgetS","CONFIRMED","4"
"NOT_YET_CATALOGED","53e249be48c30f813315d9c3","cube::}ElementAttributes_PL Account","REFERENCES","attribute","attribute::SYS Mfg Cost Account::Manufacturing Cost Type","tm1_rule_parser","ATTRS","RESOLVED","1"
"NOT_YET_CATALOGED","0ea8fa09601de6d51befdabc","process::Notification - Profit and Loss","READS_ATTRIBUTE","attribute","attribute::SYS PNL Valid.CAPTION","tm1_ti_parser","ATTRS","CONFIRMED","1"
"NOT_YET_CATALOGED","b7190cd15810d99b7034f084","process::Notification - Profit and Loss","READS_ATTRIBUTE","attribute","attribute::SYS PNL Valid.Distribution List","tm1_ti_parser","ATTRS","CONFIRMED","1"
"NOT_YET_CATALOGED","84c74a55f3c566eb0882743a","cube::SYS PNL Valid Fields","REFERENCES","attribute","attribute::SYS SAP Fields::Description","tm1_rule_parser","ATTRS","RESOLVED","1"
"NOT_YET_CATALOGED","093235bc88845574d7fbeb43","cube::Manual Input Balance Sheet","REFERENCES","attribute","attribute::Trading Partner::CAPTION","tm1_rule_parser","ATTRS","RESOLVED","1"
"NOT_YET_CATALOGED","bc7076e6baacf331278468f0","process::zTemp Import - Inventory Walk","READS_ATTRIBUTE","attribute","attribute::Translate Material.S4P","tm1_ti_parser","CellgetS","CONFIRMED","1"
"NOT_YET_CATALOGED","33f2dfdb9b8a9c5131960762","process::zTemp Import - SYS Production Volume Filter","READS_ATTRIBUTE","attribute","attribute::Translate Material.S4P","tm1_ti_parser","CellgetS","CONFIRMED","1"
"NOT_YET_CATALOGED","7403aeaf2726f12bf98b688a","process::DataUpdate - Turnaround and Other Asset - Actual","READS_ATTRIBUTE","attribute","attribute::Turnaround and Other Project.ALT CAPTION","tm1_ti_parser","CellGetS","CONFIRMED","1"
"NOT_YET_CATALOGED","961ea6c8764d0d539e580bdc","process::DataUpdate - Project Spending","READS_ATTRIBUTE","attribute","attribute::WBS Element.Approved Capital Amount","tm1_ti_parser","ATTRN","CONFIRMED","1"
"NOT_YET_CATALOGED","0c74988bb72e254e9d423e65","process::DataUpdate - Project Spending - Manual","READS_ATTRIBUTE","attribute","attribute::WBS Element.Approved Capital Amount","tm1_ti_parser","ATTRN","CONFIRMED","1"
"NOT_YET_CATALOGED","d432487b8ab953139ead4c94","process::AAQ_PROCESS REA DATA_V5","READS_ATTRIBUTE","attribute","attribute::WBS Element.Description","tm1_ti_parser","ATTRS","CONFIRMED","1"
"NOT_YET_CATALOGED","403ba9c01e134a8d8637b179","process::DataUpdate - Project Spending","READS_ATTRIBUTE","attribute","attribute::WBS Element.Description","tm1_ti_parser","CellGetS","CONFIRMED","1"
"NOT_YET_CATALOGED","19ea508790f4963f9d5a32b1","process::DataUpdate - Project Spending - Manual","READS_ATTRIBUTE","attribute","attribute::WBS Element.Description","tm1_ti_parser","CellGetS","CONFIRMED","1"
"NOT_YET_CATALOGED","7c3f98dc595f5bed5927ecfb","process::DataUpdate - Project Spending","READS_ATTRIBUTE","attribute","attribute::WBS Element.Investment Profile Override","tm1_ti_parser","ATTRS","CONFIRMED","2"
"NOT_YET_CATALOGED","d925c5be99dd5de1321cd832","process::DataUpdate - Project Spending - Validation","READS_ATTRIBUTE","attribute","attribute::WBS Element.Investment Profile Override","tm1_ti_parser","ATTRS","CONFIRMED","2"
"NOT_YET_CATALOGED","ae99e685a2db177d5054d434","process::DataUpdate - Project Spending","READS_ATTRIBUTE","attribute","attribute::WBS Element.Lev","tm1_ti_parser","CellGetS","CONFIRMED","1"
"NOT_YET_CATALOGED","223089ed96087e88f5ccbd87","process::DataUpdate - Project Spending - Manual","READS_ATTRIBUTE","attribute","attribute::WBS Element.Lev","tm1_ti_parser","CellGetS","CONFIRMED","1"
"NOT_YET_CATALOGED","23728d9b77f03d8c0622820d","process::DataUpdate - Project Spending","READS_ATTRIBUTE","attribute","attribute::WBS Element.Project End Purge","tm1_ti_parser","CellGetS","CONFIRMED","2"
"NOT_YET_CATALOGED","a78aa2fef6c5c0fb805f5754","process::DataUpdate - Project Spending - Manual","READS_ATTRIBUTE","attribute","attribute::WBS Element.Project End Purge","tm1_ti_parser","CellGetS","CONFIRMED","2"
"NOT_YET_CATALOGED","9e5fc1fd2fff23c639339100","process::DataUpdate - Project Spending - Validation","READS_ATTRIBUTE","attribute","attribute::WBS Element.Project End Purge","tm1_ti_parser","CellGetS","CONFIRMED","2"
"NOT_YET_CATALOGED","829a65a5c691fc16ae8d64eb","process::DataUpdate - Project Spending - Validation - Manual","READS_ATTRIBUTE","attribute","attribute::WBS Element.Project End Purge","tm1_ti_parser","CellGetS","CONFIRMED","2"
"NOT_YET_CATALOGED","0f3723a5f4f4859d83ecfb94","process::DataUpdate - Turnaround Reserve - Actual","READS_ATTRIBUTE","attribute","attribute::WBS Element.Project Type Description","tm1_ti_parser","ATTRS","CONFIRMED","1"
"NOT_YET_CATALOGED","c6ccdbe3ef15da0a11dfa16a","process::DataUpdate - Project Spending","READS_ATTRIBUTE","attribute","attribute::WBS Element.Purge Month","tm1_ti_parser","CellGetS","CONFIRMED","1"
"NOT_YET_CATALOGED","f21608f0d0baf4f93a4b59ee","process::DataUpdate - Project Spending - Manual","READS_ATTRIBUTE","attribute","attribute::WBS Element.Purge Month","tm1_ti_parser","CellGetS","CONFIRMED","1"
"NOT_YET_CATALOGED","dd17bead5d2750d0b0c7301c","process::DataUpdate - Project Spending - Actual","READS_ATTRIBUTE","attribute","attribute::WBS Element.User field 1 WBS element","tm1_ti_parser","CellGetS","CONFIRMED","1"
"NOT_YET_CATALOGED","7936d3a6cc855a7abc85417f","process::zTemp_Actual Project Spend","READS_ATTRIBUTE","attribute","attribute::WBS Element.User field 1 WBS element","tm1_ti_parser","CellGetS","CONFIRMED","1"
"NOT_YET_CATALOGED","08ab312b3f4f6d5b56a43c0f","process::zTemp_Actual Project Spend","READS_ATTRIBUTE","attribute","attribute::WBS Element.User field 2 WBS element","tm1_ti_parser","CellGetS","CONFIRMED","1"
"NOT_YET_CATALOGED","90543b8f63a5b37629ed8473","process::DataUpdate - Material Ledger - Revaluation - Production","WRITES_FILE","file","file::s:\prod\OXYChem\Data\Model_Upload\text.txt","tm1_ti_parser","asciioutput","CONFIRMED","1"
"NOT_YET_CATALOGED","ee370b47528a1a47caff241d","process::zTemp_ Intercompany - Export Profit Centers","WRITES_FILE","file","file::s:\prod\OXYChem\Logs\'|pProfitCenter|'.txt","tm1_ti_parser","AsciiOutPut","CONFIRMED","1"
"NOT_YET_CATALOGED","4f2e230f2424dcfb380da878","process::zTestHtml","WRITES_FILE","file","file::s:\prod\OXYChem\logs\html.txt","tm1_ti_parser","asciioutput","CONFIRMED","1"
"NOT_YET_CATALOGED","7f2225ee6e7db982a0a5309d","process::zTemp_Export Intercompany Sandbox Issues","WRITES_FILE","file","file::s:\prod\OXYChem\Logs\ICoIssues.txt","tm1_ti_parser","AsciiOutPut","CONFIRMED","1"
"NOT_YET_CATALOGED","234968ed71f0f887d3b3364a","process::DataUpdate - ML Stage","WRITES_FILE","file","file::s:\prod\oxychem\logs\MLDOCCCS issue.txt","tm1_ti_parser","Asciioutput","CONFIRMED","1"
"NOT_YET_CATALOGED","f6ffd169e954e99eac8e8213","process::DataUpdate - Manual Input Balance Sheet","WRITES_FILE","file","file::s:\prod\oxychem\logs\test_pc.txt","tm1_ti_parser","asciioutput","CONFIRMED","1"
"NOT_YET_CATALOGED","9e5d386485fa73e3cfa1d675","process::zTemp_Actual Project Spend","WRITES_FILE","file","file::s:\prod\oxychem\logs\test_projectspend_Actual.txt","tm1_ti_parser","asciioutput","CONFIRMED","2"
"NOT_YET_CATALOGED","78b53fa9e14768cd02668066","process::}Drill_Balance Sheet Manual Entry","WRITES_FILE","file","file::s:\prod\OXYChem\logs\testmdx.txt","tm1_ti_parser","asciioutput","CONFIRMED","1"
"NOT_YET_CATALOGED","7e29be43263def4f0134c734","process::DataUpdate - Sustainability Download","WRITES_FILE","file","file::S:\PROD\oxychem\Scripts\SUSTAINABILITY.CSV","tm1_ti_parser","ASCIIOUTPUT","CONFIRMED","1"
"NOT_YET_CATALOGED","49ee41dbd2b5250914ba57ec","process::DataUpdate - Material Ledger - Beginning and Ending Inventory","WRITES_FILE","file","file::s:\prod\oxychem\testmdx.txt","tm1_ti_parser","asciioutput","CONFIRMED","1"
"NOT_YET_CATALOGED","b919179461be641a09cf5bde","cube::}CubeDrill_Balance Sheet","REFERENCES","hierarchy","hierarchy::Balance Sheet Source","tm1_rule_parser","ELLEV","RESOLVED","1"
"NOT_YET_CATALOGED","e7f8ffa0bd216199abd316e6","cube::}ElementAttributes_Plant","REFERENCES","hierarchy","hierarchy::Company","tm1_rule_parser","ELISANC","RESOLVED","2"
"NOT_YET_CATALOGED","97a10164fdae620d3ce07849","cube::}CellSecurity_Plant Variance","REFERENCES","hierarchy","hierarchy::Compare","tm1_rule_parser","ELISANC","RESOLVED","2"
"NOT_YET_CATALOGED","fd3a9a47b89e4c035e203d44","cube::}CellSecurity_Profit Center Variance","REFERENCES","hierarchy","hierarchy::Compare","tm1_rule_parser","ELISANC","RESOLVED","2"
"NOT_YET_CATALOGED","6faf6a6edfd0a2167fe19004","cube::}ElementAttributes_Compare","REFERENCES","hierarchy","hierarchy::Compare","tm1_rule_parser","ELISANC","RESOLVED","1"
"NOT_YET_CATALOGED","1851fbe96e576b37d3fdd75f","cube::}ElementAttributes_Plant","REFERENCES","hierarchy","hierarchy::Cost Center","tm1_rule_parser","ELISANC","RESOLVED","1"
"NOT_YET_CATALOGED","1727539b3df2c8bf38b3126a","cube::}CellSecurity_Balance Sheet","REFERENCES","hierarchy","hierarchy::Fiscal Period","tm1_rule_parser","ELISANC","RESOLVED","2"
"NOT_YET_CATALOGED","309eab797e79401cfe11f53f","cube::}CellSecurity_Below the Line","REFERENCES","hierarchy","hierarchy::Fiscal Period","tm1_rule_parser","ELISANC","RESOLVED","2"
"NOT_YET_CATALOGED","9c8581a0450880a508a2ef5b","cube::}CellSecurity_Below the Line Assessment","REFERENCES","hierarchy","hierarchy::Fiscal Period","tm1_rule_parser","ELISANC","RESOLVED","2"
"NOT_YET_CATALOGED","b3b224484fe29ddcb32ede5f","cube::}CellSecurity_Corporate Headcount","REFERENCES","hierarchy","hierarchy::Fiscal Period","tm1_rule_parser","ELISANC","RESOLVED","2"
"NOT_YET_CATALOGED","084e36f89671946688e67b92","cube::}CellSecurity_Customer Profitability","REFERENCES","hierarchy","hierarchy::Fiscal Period","tm1_rule_parser","ELISANC","RESOLVED","2"
"NOT_YET_CATALOGED","51fcd9761f189655dfeb7e2d","cube::}CellSecurity_Fixed Manufacturing Cost","REFERENCES","hierarchy","hierarchy::Fiscal Period","tm1_rule_parser","ELISANC","RESOLVED","1"
"NOT_YET_CATALOGED","c6ff2a7b9dab75aaa70c9c51","cube::}CellSecurity_Inventory Walk","REFERENCES","hierarchy","hierarchy::Fiscal Period","tm1_rule_parser","ELISANC","RESOLVED","2"
"NOT_YET_CATALOGED","9a73267e6534fd4a23222abe","cube::}CellSecurity_Manufacturing Cost","REFERENCES","hierarchy","hierarchy::Fiscal Period","tm1_rule_parser","ELISANC","RESOLVED","2"
"NOT_YET_CATALOGED","9b3c86276934cf5235741343","cube::}CellSecurity_Mfg Key Stats","REFERENCES","hierarchy","hierarchy::Fiscal Period","tm1_rule_parser","ELISANC","RESOLVED","2"
"NOT_YET_CATALOGED","3ad2ebbc70dbb9f79caed47b","cube::}CellSecurity_OtherMfg","REFERENCES","hierarchy","hierarchy::Fiscal Period","tm1_rule_parser","ELISANC","RESOLVED","2"
"NOT_YET_CATALOGED","d43a5239f959a4f68396bf1c","cube::}CellSecurity_Plant Assessment","REFERENCES","hierarchy","hierarchy::Fiscal Period","tm1_rule_parser","ELISANC","RESOLVED","1"
"NOT_YET_CATALOGED","ddd6ac405655ac2c32d91512","cube::}CellSecurity_Profit and Loss","REFERENCES","hierarchy","hierarchy::Fiscal Period","tm1_rule_parser","ELISANC","RESOLVED","2"
"NOT_YET_CATALOGED","f331698ed7d010415e9e04aa","cube::}CellSecurity_Turnaround and Other Asset","REFERENCES","hierarchy","hierarchy::Fiscal Period","tm1_rule_parser","ELISANC","RESOLVED","3"
"NOT_YET_CATALOGED","665f669671be8c1c3fbc6087","cube::}CubeDrill_Below the Line","REFERENCES","hierarchy","hierarchy::Fiscal Period","tm1_rule_parser","ELISANC","RESOLVED","4"
"NOT_YET_CATALOGED","1715cdb2dce4a3d2ad1d94bd","cube::}CubeDrill_Below the Line Report","REFERENCES","hierarchy","hierarchy::Fiscal Period","tm1_rule_parser","ELISANC","RESOLVED","4"
"NOT_YET_CATALOGED","071b9b37d7cae63ef00027bb","cube::}ElementAttributes_Fiscal Period","REFERENCES","hierarchy","hierarchy::Fiscal Period","tm1_rule_parser","ELCOMP","RESOLVED","1"
"NOT_YET_CATALOGED","ab592d1e24df4a88768af4ae","cube::}ElementAttributes_Fiscal Period","REFERENCES","hierarchy","hierarchy::Fiscal Period","tm1_rule_parser","ELLEV","RESOLVED","1"
"NOT_YET_CATALOGED","de71d38360997cd301e0eb60","cube::Balance Sheet","REFERENCES","hierarchy","hierarchy::Fiscal Period","tm1_rule_parser","ELLEV","RESOLVED","2"
"NOT_YET_CATALOGED","fc16b429ae98ba78fa9e4aef","cube::Balance Sheet","REFERENCES","hierarchy","hierarchy::Fiscal Period","tm1_rule_parser","ELISANC","RESOLVED","3"
"NOT_YET_CATALOGED","13817fde9398a3319537694f","cube::Balance Sheet","REFERENCES","hierarchy","hierarchy::Fiscal Period","tm1_rule_parser","ELCOMP","RESOLVED","2"
"NOT_YET_CATALOGED","54452bf8b731b86130f6ebf9","cube::Below the Line","REFERENCES","hierarchy","hierarchy::Fiscal Period","tm1_rule_parser","ELCOMP","RESOLVED","4"
"NOT_YET_CATALOGED","059f291414e68b894059f749","cube::Corporate Headcount","REFERENCES","hierarchy","hierarchy::Fiscal Period","tm1_rule_parser","ELCOMP","RESOLVED","2"
"NOT_YET_CATALOGED","b61c5f465cc55e65573eaaf0","cube::Corporate Headcount","REFERENCES","hierarchy","hierarchy::Fiscal Period","tm1_rule_parser","ELLEV","RESOLVED","3"
"NOT_YET_CATALOGED","64c94119d913d049b3197dd3","cube::Glenn Springs Project","REFERENCES","hierarchy","hierarchy::Fiscal Period","tm1_rule_parser","ELLEV","RESOLVED","2"
"NOT_YET_CATALOGED","107477251bd764eed2207fb7","cube::Glenn Springs Project","REFERENCES","hierarchy","hierarchy::Fiscal Period","tm1_rule_parser","ELCOMP","RESOLVED","2"
"NOT_YET_CATALOGED","54943cde5ef8c12c2afb32b4","cube::Inventory Walk","REFERENCES","hierarchy","hierarchy::Fiscal Period","tm1_rule_parser","ELCOMP","RESOLVED","2"
"NOT_YET_CATALOGED","ea322129e537f3e1c2387a66","cube::Inventory Walk","REFERENCES","hierarchy","hierarchy::Fiscal Period","tm1_rule_parser","ELLEV","RESOLVED","2"
"NOT_YET_CATALOGED","ca6b0017f0ae42e36d552bd2","cube::SYS Control","REFERENCES","hierarchy","hierarchy::Fiscal Period","tm1_rule_parser","ELCOMP","RESOLVED","8"
"NOT_YET_CATALOGED","b3a9af474702cf1137d22c23","cube::Turnaround and Other Asset","REFERENCES","hierarchy","hierarchy::Fiscal Period","tm1_rule_parser","ELCOMP","RESOLVED","2"
"NOT_YET_CATALOGED","6c94b0fd98ad4cfc68f7816c","cube::Turnaround and Other Asset","REFERENCES","hierarchy","hierarchy::Fiscal Period","tm1_rule_parser","ELLEV","RESOLVED","2"
"NOT_YET_CATALOGED","804bfca788b2abe4627896ba","cube::}CubeDrill_Balance Sheet","REFERENCES","hierarchy","hierarchy::Flow Code","tm1_rule_parser","ELISANC","RESOLVED","1"
"NOT_YET_CATALOGED","e05ed33937033a11206a677f","cube::Balance Sheet","REFERENCES","hierarchy","hierarchy::Flow Code","tm1_rule_parser","ELISANC","RESOLVED","4"
"NOT_YET_CATALOGED","638bbcbed510de7ce68351aa","cube::}ElementAttributes_Material","REFERENCES","hierarchy","hierarchy::Material","tm1_rule_parser","ELISANC","RESOLVED","2"
"NOT_YET_CATALOGED","fb474c11e8d6725ee182db70","cube::Material Ledger","REFERENCES","hierarchy","hierarchy::Material","tm1_rule_parser","ELLEV","RESOLVED","2"
"NOT_YET_CATALOGED","5c328d928c03b693948d2756","cube::Material Ledger","REFERENCES","hierarchy","hierarchy::mMaterial Ledger","tm1_rule_parser","ELISANC","RESOLVED","24"
"NOT_YET_CATALOGED","30d908cf00df6bb0ef41a13a","cube::}CellSecurity_Project Spending","REFERENCES","hierarchy","hierarchy::mProject Spending","tm1_rule_parser","ELISANC","RESOLVED","1"
"NOT_YET_CATALOGED","355c0ec5b1b776732a5c805e","cube::Below the Line","REFERENCES","hierarchy","hierarchy::PL Account","tm1_rule_parser","ELISANC","RESOLVED","3"
"NOT_YET_CATALOGED","c3dea3db8f6afe55e80dc140","cube::Below the Line Assessment","REFERENCES","hierarchy","hierarchy::PL Account","tm1_rule_parser","ELISANC","RESOLVED","4"
"NOT_YET_CATALOGED","7c609d8cb48d08c0ef01822f","cube::Fixed Manufacturing Cost Assessment","REFERENCES","hierarchy","hierarchy::PL Account","tm1_rule_parser","ELISANC","RESOLVED","1"
"NOT_YET_CATALOGED","26609170f385410a0726d29b","cube::Intercompany Sandbox","REFERENCES","hierarchy","hierarchy::PL Account","tm1_rule_parser","ELISANC","RESOLVED","7"
"NOT_YET_CATALOGED","692f8c2f1ba05f6c789af069","cube::}ElementAttributes_Cost Center","REFERENCES","hierarchy","hierarchy::Profit Center","tm1_rule_parser","ELISANC","RESOLVED","5"
"NOT_YET_CATALOGED","b7d77b53edcb7d04ef9cefd2","cube::}ElementAttributes_Cost Center","REFERENCES","hierarchy","hierarchy::Profit Center","tm1_rule_parser","ELPAR","RESOLVED","15"
"NOT_YET_CATALOGED","3cb9d730c3596fb8f6bb5099","cube::Profit and Loss","REFERENCES","hierarchy","hierarchy::Profit Center","tm1_rule_parser","ELLEV","RESOLVED","1"
"NOT_YET_CATALOGED","c32f5e0b99cbf3a9ff16033f","cube::Material Ledger","REFERENCES","hierarchy","hierarchy::Sending or Receiving Material","tm1_rule_parser","ELISANC","RESOLVED","1"
"NOT_YET_CATALOGED","f841cc8e954cc743ce8baab5","process::SYS_Delete_Views_and_Subsets_By_Pattern","DELETES_SUBSET","subset","subset::| vDim | . | vSub |","tm1_ti_parser","SubsetDestroy","CONFIRMED","1"
"NOT_YET_CATALOGED","1f759946e2b664d332ed5bd1","process::AAQ_Zero 200MCHK","UPDATES_SUBSET","subset","subset::AFEMONTH.CURRENT_MONTH","tm1_ti_parser",,"CONFIRMED","2"
"NOT_YET_CATALOGED","e7e3d0d2d1c31d5d9f4f8097","process::AAQ_Zero 200MCHK","UPDATES_SUBSET","subset","subset::AFEYEAR.CURRENT_YEAR","tm1_ti_parser",,"CONFIRMED","2"
"NOT_YET_CATALOGED","f8653cc20eb0b513028b6ba3","process::zTemp_Clear Permissions","USES_VIEW","view","view::}ClientGroups.Clear Permissions","tm1_ti_parser","ViewZeroOut","CONFIRMED","1"
"NOT_YET_CATALOGED","896d6f6da786aaf0012cd1e2","process::SYS_Delete_Views_and_Subsets_By_Pattern","DELETES_VIEW","view","view::| vCube | . | vView |","tm1_ti_parser","ViewDestroy","CONFIRMED","1"
"NOT_YET_CATALOGED","ebcc5ee1215c844c4c0cb4bb","process::AAQ_Zero 200MCHK","USES_VIEW","view","view::aaq2mmck.Zero - CM","tm1_ti_parser","VIEWZEROOUT","CONFIRMED","1"
"NOT_YET_CATALOGED","6ff58d7497f39511cba5c7df","process::AAQ_ZeroAAQ","USES_VIEW","view","view::Aaqdata.ZEROMONTH","tm1_ti_parser","VIEWZEROOUT","CONFIRMED","1"
"NOT_YET_CATALOGED","e70d1c369fb2b0e57301b446","process::LegacyUpdate - Fixed Cost","CREATES_VIEW","view","view::Fixed Manufacturing Cost.Zero_month","tm1_ti_parser","ViewCreate","CONFIRMED","1"
"NOT_YET_CATALOGED","4cbdb60a8ac4149d2c112166","process::LegacyUpdate - Fixed Cost","USES_VIEW","view","view::Fixed Manufacturing Cost.Zero_Month","tm1_ti_parser",,"CONFIRMED","2"
"NOT_YET_CATALOGED","cbff4a02e62f2da0e504a241","process::LegacyUpdate - Mfg Key Stats","USES_VIEW","view","view::MFG KEY STATS.ZeroOut","tm1_ti_parser","ViewZeroOut","CONFIRMED","1"
"PARAMETERIZED_REFERENCE","736240f63267caa1f611bc13","cube::SYS Legacy Elements","REFERENCES","attribute","attribute::<blank target>","tm1_rule_parser","ATTRS","PARAMETERIZED","2"
"PARAMETERIZED_REFERENCE","7a7f6aee0e62357bf04c5947","cube::SYS Legacy Elements","REFERENCES","dimension","dimension::<blank target>","tm1_rule_parser","DIMIX","PARAMETERIZED","3"
"UNRESOLVED_DYNAMIC_REFERENCE","78aaee066c4e8812abcad810","process::DataUpdate - Project Spending - Validation","WRITES_ATTRIBUTE","attribute","attribute::AFE Number.'AFE ' | NumberToString ( nAFECnt )","tm1_ti_parser","AttrPutS","UNRESOLVED","1"
"UNRESOLVED_DYNAMIC_REFERENCE","0db2e6408ca242a4820d16b8","process::DataUpdate - Project Spending - Validation - Manual","WRITES_ATTRIBUTE","attribute","attribute::AFE Number.'AFE ' | NumberToString ( nAFECnt )","tm1_ti_parser","AttrPutS","UNRESOLVED","1"
"UNRESOLVED_DYNAMIC_REFERENCE","a94ca6588a74d5b9e3993fe6","process::DataUpdate - Project Spending - Validation EMail","READS_ATTRIBUTE","attribute","attribute::AFE Number.AFE 1","tm1_ti_parser","ATTRS","UNRESOLVED","1"
"UNRESOLVED_DYNAMIC_REFERENCE","f209542aab09506512d1b025","process::DataUpdate - Project Spending - Validation EMail","READS_ATTRIBUTE","attribute","attribute::AFE Number.AFE 2","tm1_ti_parser","ATTRS","UNRESOLVED","1"
"UNRESOLVED_DYNAMIC_REFERENCE","dd6107a02b43b38fe0a076ee","process::DataUpdate - Project Spending - Validation EMail","READS_ATTRIBUTE","attribute","attribute::AFE Number.AFE 3","tm1_ti_parser","ATTRS","UNRESOLVED","1"
"UNRESOLVED_DYNAMIC_REFERENCE","7e35217e939b50cfcef92fd1","process::DataUpdate - Project Spending - Validation EMail","READS_ATTRIBUTE","attribute","attribute::AFE Number.AFE 4","tm1_ti_parser","ATTRS","UNRESOLVED","1"
"UNRESOLVED_DYNAMIC_REFERENCE","960789b4f60cf570d7bdb3e4","process::DataUpdate - Project Spending - Validation EMail","READS_ATTRIBUTE","attribute","attribute::AFE Number.AFE 5","tm1_ti_parser","ATTRS","UNRESOLVED","1"
"UNRESOLVED_DYNAMIC_REFERENCE","e083be563522f5877855777f","process::DataUpdate - Project Spending - Validation","READS_ATTRIBUTE","attribute","attribute::AFE Number.AFE Count","tm1_ti_parser","ATTRS","UNRESOLVED","1"
"UNRESOLVED_DYNAMIC_REFERENCE","1833128cb6118b37630c8505","process::DataUpdate - Project Spending - Validation - Manual","READS_ATTRIBUTE","attribute","attribute::AFE Number.AFE Count","tm1_ti_parser","ATTRS","UNRESOLVED","1"
"UNRESOLVED_DYNAMIC_REFERENCE","761b20a50e8b1865a2d3ceeb","process::DataUpdate - Project Spending - Validation EMail","READS_ATTRIBUTE","attribute","attribute::AFE Number.AFE Count","tm1_ti_parser","ATTRS","UNRESOLVED","1"
"UNRESOLVED_DYNAMIC_REFERENCE","6cd0e1dfc2107d6392ecfcff","process::DataUpdate - Project Spending","WRITES_ATTRIBUTE","attribute","attribute::AFE Number.AFE Number","tm1_ti_parser","AttrPutS","UNRESOLVED","1"
"UNRESOLVED_DYNAMIC_REFERENCE","1157693b51e292e2376dd9ca","process::DataUpdate - Project Spending - Manual","WRITES_ATTRIBUTE","attribute","attribute::AFE Number.AFE Number","tm1_ti_parser","AttrPutS","UNRESOLVED","1"
"UNRESOLVED_DYNAMIC_REFERENCE","9c10791197d22227eb363745","process::DimUpdate - AFE Number - Rollups","READS_ATTRIBUTE","attribute","attribute::AFE Number.AFE Number","tm1_ti_parser","ATTRS","UNRESOLVED","1"
"UNRESOLVED_DYNAMIC_REFERENCE","6f368bf57065732cab7da051","process::DataUpdate - Project Spending","WRITES_ATTRIBUTE","attribute","attribute::AFE Number.Approved Date","tm1_ti_parser","AttrPutS","UNRESOLVED","1"
"UNRESOLVED_DYNAMIC_REFERENCE","5e1a4085217555446392edf1","process::DataUpdate - Project Spending - Manual","WRITES_ATTRIBUTE","attribute","attribute::AFE Number.Approved Date","tm1_ti_parser","AttrPutS","UNRESOLVED","1"
"UNRESOLVED_DYNAMIC_REFERENCE","ac5af7c8300db73a5fb03656","process::DataUpdate - Project Spending","WRITES_ATTRIBUTE","attribute","attribute::AFE Number.CAPTION","tm1_ti_parser","AttrPutS","UNRESOLVED","1"
"UNRESOLVED_DYNAMIC_REFERENCE","210f8f9c3e004c6cbb1b4019","process::DataUpdate - Project Spending - Manual","WRITES_ATTRIBUTE","attribute","attribute::AFE Number.CAPTION","tm1_ti_parser","AttrPutS","UNRESOLVED","1"
"UNRESOLVED_DYNAMIC_REFERENCE","f169c0c3dbb64d76659c8f0e","process::DimUpdate - AFE Number - Rollups","WRITES_ATTRIBUTE","attribute","attribute::AFE Number.CAPTION","tm1_ti_parser","AttrPutS","UNRESOLVED","3"
"UNRESOLVED_DYNAMIC_REFERENCE","0399260b36ee20d2a916d1a3","process::DataUpdate - Project Spending","WRITES_ATTRIBUTE","attribute","attribute::AFE Number.CoCd","tm1_ti_parser","AttrPutS","UNRESOLVED","1"
"UNRESOLVED_DYNAMIC_REFERENCE","bcd4911bd95c8b35eb8d76a3","process::DataUpdate - Project Spending - Manual","WRITES_ATTRIBUTE","attribute","attribute::AFE Number.CoCd","tm1_ti_parser","AttrPutS","UNRESOLVED","1"
"UNRESOLVED_DYNAMIC_REFERENCE","edf900ca931ff96744a932f7","process::DataUpdate - Project Spending","WRITES_ATTRIBUTE","attribute","attribute::AFE Number.Completion Date","tm1_ti_parser","AttrPutS","UNRESOLVED","1"
"UNRESOLVED_DYNAMIC_REFERENCE","f5d0a2b72f0debc45060a845","process::DataUpdate - Project Spending - Manual","WRITES_ATTRIBUTE","attribute","attribute::AFE Number.Completion Date","tm1_ti_parser","AttrPutS","UNRESOLVED","1"
"UNRESOLVED_DYNAMIC_REFERENCE","523204fe2f7f8610feecbf50","process::DataUpdate - Project Spending","WRITES_ATTRIBUTE","attribute","attribute::AFE Number.Cost Center","tm1_ti_parser","AttrPutS","UNRESOLVED","1"
"UNRESOLVED_DYNAMIC_REFERENCE","eab5b5d60c31321d2eea2ca6","process::DataUpdate - Project Spending - Manual","WRITES_ATTRIBUTE","attribute","attribute::AFE Number.Cost Center","tm1_ti_parser","AttrPutS","UNRESOLVED","1"
"UNRESOLVED_DYNAMIC_REFERENCE","30769cf7174cc7947179dde2","process::DataUpdate - Project Spending","WRITES_ATTRIBUTE","attribute","attribute::AFE Number.Environment Investment","tm1_ti_parser","AttrPutS","UNRESOLVED","1"
"UNRESOLVED_DYNAMIC_REFERENCE","fb913751dcca8241ec6ce071","process::DataUpdate - Project Spending - Manual","WRITES_ATTRIBUTE","attribute","attribute::AFE Number.Environment Investment","tm1_ti_parser","AttrPutS","UNRESOLVED","1"
"UNRESOLVED_DYNAMIC_REFERENCE","cf0aeb0c252203416fd136bd","process::DataUpdate - Project Spending","WRITES_ATTRIBUTE","attribute","attribute::AFE Number.Funded/Unfunded","tm1_ti_parser","AttrPutS","UNRESOLVED","1"
"UNRESOLVED_DYNAMIC_REFERENCE","516b5070c036972004f5adfd","process::DataUpdate - Project Spending - Manual","WRITES_ATTRIBUTE","attribute","attribute::AFE Number.Funded/Unfunded","tm1_ti_parser","AttrPutS","UNRESOLVED","1"
"UNRESOLVED_DYNAMIC_REFERENCE","2aa0edec5c8793913bc8353f","process::DataUpdate - Project Spending","WRITES_ATTRIBUTE","attribute","attribute::AFE Number.Investment Reason","tm1_ti_parser","AttrPutS","UNRESOLVED","1"
"UNRESOLVED_DYNAMIC_REFERENCE","ef9b21470e7b5148164ee837","process::DataUpdate - Project Spending - Manual","WRITES_ATTRIBUTE","attribute","attribute::AFE Number.Investment Reason","tm1_ti_parser","AttrPutS","UNRESOLVED","1"
"UNRESOLVED_DYNAMIC_REFERENCE","57c8087a4ca2a83e5ba551b1","process::DimUpdate - AFE Number - Rollups","READS_ATTRIBUTE","attribute","attribute::AFE Number.OXY-CCA2 Rollup","tm1_ti_parser","ATTRS","UNRESOLVED","4"
"UNRESOLVED_DYNAMIC_REFERENCE","46aecd457b42aacd486e8319","process::DimUpdate - AFE Number - Rollups","READS_ATTRIBUTE","attribute","attribute::AFE Number.OXY-CCA2 Rollup Description","tm1_ti_parser","ATTRS","UNRESOLVED","2"
"UNRESOLVED_DYNAMIC_REFERENCE","156ffbdbbff0e4a16734fdfc","process::DataUpdate - Project Spending","WRITES_ATTRIBUTE","attribute","attribute::AFE Number.Plant","tm1_ti_parser","AttrPutS","UNRESOLVED","1"
"UNRESOLVED_DYNAMIC_REFERENCE","31123258753b41f333fd3982","process::DataUpdate - Project Spending - Manual","WRITES_ATTRIBUTE","attribute","attribute::AFE Number.Plant","tm1_ti_parser","AttrPutS","UNRESOLVED","1"
"UNRESOLVED_DYNAMIC_REFERENCE","4f46a3b116f36fb5cab23a57","process::DimUpdate - AFE Number - Rollups","READS_ATTRIBUTE","attribute","attribute::AFE Number.Plant","tm1_ti_parser","ATTRS","UNRESOLVED","2"
"UNRESOLVED_DYNAMIC_REFERENCE","faaf895e7d8f5cd48f7fce73","process::DataUpdate - Project Spending","WRITES_ATTRIBUTE","attribute","attribute::AFE Number.Profit Center","tm1_ti_parser","AttrPutS","UNRESOLVED","1"
"UNRESOLVED_DYNAMIC_REFERENCE","01b61526cce0f1c25af6b707","process::DataUpdate - Project Spending - Manual","WRITES_ATTRIBUTE","attribute","attribute::AFE Number.Profit Center","tm1_ti_parser","AttrPutS","UNRESOLVED","1"
"UNRESOLVED_DYNAMIC_REFERENCE","79755dad35ba55219c077e6d","process::DataUpdate - Project Spending","WRITES_ATTRIBUTE","attribute","attribute::AFE Number.Reimbursed","tm1_ti_parser","AttrPutS","UNRESOLVED","1"
"UNRESOLVED_DYNAMIC_REFERENCE","6387d8bac94493c3b9663134","process::DataUpdate - Project Spending - Manual","WRITES_ATTRIBUTE","attribute","attribute::AFE Number.Reimbursed","tm1_ti_parser","AttrPutS","UNRESOLVED","1"
"UNRESOLVED_DYNAMIC_REFERENCE","3d3e315deaabaa07950c12a4","process::DataUpdate - Project Spending","WRITES_ATTRIBUTE","attribute","attribute::AFE Number.Resp Cost Center","tm1_ti_parser","AttrPutS","UNRESOLVED","1"
"UNRESOLVED_DYNAMIC_REFERENCE","f9191884611f5f63dbaeddfb","process::DataUpdate - Project Spending - Manual","WRITES_ATTRIBUTE","attribute","attribute::AFE Number.Resp Cost Center","tm1_ti_parser","AttrPutS","UNRESOLVED","1"
"UNRESOLVED_DYNAMIC_REFERENCE","977d37883699ac6bf82ff009","process::DimUpdate - AFE Number - Rollups","READS_ATTRIBUTE","attribute","attribute::AFE Number.Rollup","tm1_ti_parser","ATTRS","UNRESOLVED","2"
"UNRESOLVED_DYNAMIC_REFERENCE","50547663bcdfa2d28c9a594b","process::DimUpdate - AFE Number - Rollups","READS_ATTRIBUTE","attribute","attribute::AFE Number.Rollup Description","tm1_ti_parser","ATTRS","UNRESOLVED","1"
"UNRESOLVED_DYNAMIC_REFERENCE","475fa6e4d4c3fe9db9b7bda5","process::DataUpdate - Project Spending - Validation","READS_ATTRIBUTE","attribute","attribute::AFE Number.sAFENum","tm1_ti_parser","ATTRS","UNRESOLVED","1"
"UNRESOLVED_DYNAMIC_REFERENCE","cb19c514ede979bc5ec989fb","process::DataUpdate - Project Spending - Validation - Manual","READS_ATTRIBUTE","attribute","attribute::AFE Number.sAFENum","tm1_ti_parser","ATTRS","UNRESOLVED","1"
"UNRESOLVED_DYNAMIC_REFERENCE","efdc026fda4ce59ed171b90c","process::DimUpdate - BS Account","CREATES_ATTRIBUTE","attribute","attribute::BS Account.AcGp","tm1_ti_parser","AttrInsert","UNRESOLVED","1"
"UNRESOLVED_DYNAMIC_REFERENCE","f0f9ba8c6a3ca341dbaabdd8","process::DimUpdate - BS Account","WRITES_ATTRIBUTE","attribute","attribute::BS Account.AcGp","tm1_ti_parser","AttrPutS","UNRESOLVED","1"
"UNRESOLVED_DYNAMIC_REFERENCE","f4d811c5ee63daac8e85c093","process::DimUpdate - BS Account","WRITES_ATTRIBUTE","attribute","attribute::BS Account.CAPTION","tm1_ti_parser","AttrPutS","UNRESOLVED","1"
"UNRESOLVED_DYNAMIC_REFERENCE","9b4a6cc6816e3e70588b82e7","process::DimUpdate - BS Account","CREATES_ATTRIBUTE","attribute","attribute::BS Account.CAPTION","tm1_ti_parser","AttrInsert","UNRESOLVED","1"
"UNRESOLVED_DYNAMIC_REFERENCE","cb550ed3c18c27243cdf8aba","process::DimUpdate - BS Account - Hierarchies","WRITES_ATTRIBUTE","attribute","attribute::BS Account.Caption","tm1_ti_parser","ATTRPUTS","UNRESOLVED","1"
"UNRESOLVED_DYNAMIC_REFERENCE","c4d0ade187977fb454a63466","process::DimUpdate - BS Account","WRITES_ATTRIBUTE","attribute","attribute::BS Account.Description","tm1_ti_parser","AttrPutS","UNRESOLVED","1"
"UNRESOLVED_DYNAMIC_REFERENCE","e7abe12363c71148e340b09c","process::DimUpdate - BS Account","CREATES_ATTRIBUTE","attribute","attribute::BS Account.Description","tm1_ti_parser","AttrInsert","UNRESOLVED","1"
"UNRESOLVED_DYNAMIC_REFERENCE","58ad18039974ae0f7538e13a","process::DimUpdate - BS Account","CREATES_ATTRIBUTE","attribute","attribute::BS Account.G/L Account Type","tm1_ti_parser","AttrInsert","UNRESOLVED","1"
"UNRESOLVED_DYNAMIC_REFERENCE","c8ce99699909793fdad0bd90","process::DimUpdate - BS Account","WRITES_ATTRIBUTE","attribute","attribute::BS Account.G/L Account Type","tm1_ti_parser","AttrPutS","UNRESOLVED","1"
"UNRESOLVED_DYNAMIC_REFERENCE","bcb6fefc094f127fb3268588","process::DimUpdate - BS Account","WRITES_ATTRIBUTE","attribute","attribute::BS Account.G/L Acct","tm1_ti_parser","AttrPutS","UNRESOLVED","1"
"UNRESOLVED_DYNAMIC_REFERENCE","74a0d4cfd30905ff7d5d9fc9","process::DimUpdate - BS Account","CREATES_ATTRIBUTE","attribute","attribute::BS Account.G/L Acct","tm1_ti_parser","AttrInsert","UNRESOLVED","1"
"UNRESOLVED_DYNAMIC_REFERENCE","af9e25a0cfba135204d69942","process::DimUpdate - BS Account","WRITES_ATTRIBUTE","attribute","attribute::BS Account.Group Acct","tm1_ti_parser","AttrPutS","UNRESOLVED","1"
"UNRESOLVED_DYNAMIC_REFERENCE","3fb5f8f7b9c800fdd81e55db","process::DimUpdate - BS Account","CREATES_ATTRIBUTE","attribute","attribute::BS Account.Group Acct","tm1_ti_parser","AttrInsert","UNRESOLVED","1"
"UNRESOLVED_DYNAMIC_REFERENCE","4ee40abbafaf2b87e89ed24e","process::DimUpdate - BS Account","WRITES_ATTRIBUTE","attribute","attribute::BS Account.Short Description","tm1_ti_parser","AttrPutS","UNRESOLVED","1"
"UNRESOLVED_DYNAMIC_REFERENCE","ca5006633f70ea264312c1e1","process::DimUpdate - BS Account","CREATES_ATTRIBUTE","attribute","attribute::BS Account.Short Description","tm1_ti_parser","AttrInsert","UNRESOLVED","1"
"UNRESOLVED_DYNAMIC_REFERENCE","a9e4e1a933f1f0a2c26e9e89","process::DimUpdate - BS Account","WRITES_ATTRIBUTE","attribute","attribute::BS Account.Tr.Prt","tm1_ti_parser","AttrPutS","UNRESOLVED","1"
"UNRESOLVED_DYNAMIC_REFERENCE","ed7b1d62de0f1a49229887ca","process::DimUpdate - BS Account","CREATES_ATTRIBUTE","attribute","attribute::BS Account.Tr.Prt","tm1_ti_parser","AttrInsert","UNRESOLVED","1"
"UNRESOLVED_DYNAMIC_REFERENCE","881726b8d4cae6db40b0a07c","process::DimUpdate - Company","CREATES_ATTRIBUTE","attribute","attribute::Company.Address","tm1_ti_parser","AttrInsert","UNRESOLVED","1"
"UNRESOLVED_DYNAMIC_REFERENCE","b76bedc77cc3515bf0f1b54a","process::DimUpdate - Company","WRITES_ATTRIBUTE","attribute","attribute::Company.Address","tm1_ti_parser","AttrPutS","UNRESOLVED","1"
"UNRESOLVED_DYNAMIC_REFERENCE","ead04b18ac27f990d0bfe3a7","process::DimUpdate - Company","CREATES_ATTRIBUTE","attribute","attribute::Company.C/R","tm1_ti_parser","AttrInsert","UNRESOLVED","1"
"UNRESOLVED_DYNAMIC_REFERENCE","e445fea1add31cafc50ec120","process::DimUpdate - Company","WRITES_ATTRIBUTE","attribute","attribute::Company.C/R","tm1_ti_parser","AttrPutS","UNRESOLVED","1"
"UNRESOLVED_DYNAMIC_REFERENCE","19a84be00e31136b4102ec17","process::DimUpdate - Company","WRITES_ATTRIBUTE","attribute","attribute::Company.CAPTION","tm1_ti_parser","AttrPutS","UNRESOLVED","1"
"UNRESOLVED_DYNAMIC_REFERENCE","dc139e024974db38b3ef1432","process::DimUpdate - Company","CREATES_ATTRIBUTE","attribute","attribute::Company.CAPTION","tm1_ti_parser","AttrInsert","UNRESOLVED","1"
"UNRESOLVED_DYNAMIC_REFERENCE","c004fcc11adbcf8b05ba0e1f","process::DimUpdate - Company","WRITES_ATTRIBUTE","attribute","attribute::Company.City","tm1_ti_parser","AttrPutS","UNRESOLVED","1"
"UNRESOLVED_DYNAMIC_REFERENCE","e4afd7d07496822670c5e9e0","process::DimUpdate - Company","CREATES_ATTRIBUTE","attribute","attribute::Company.City","tm1_ti_parser","AttrInsert","UNRESOLVED","1"
"UNRESOLVED_DYNAMIC_REFERENCE","0dbf0c3a45d521dbc1484a0c","process::DimUpdate - Company","WRITES_ATTRIBUTE","attribute","attribute::Company.Crcy","tm1_ti_parser","AttrPutS","UNRESOLVED","1"
"UNRESOLVED_DYNAMIC_REFERENCE","0a27309d0bdb895ea909c6ea","process::DimUpdate - Company","CREATES_ATTRIBUTE","attribute","attribute::Company.Crcy","tm1_ti_parser","AttrInsert","UNRESOLVED","1"
"UNRESOLVED_DYNAMIC_REFERENCE","994d1124eb998bf852a7d71d","process::DimUpdate - Company","WRITES_ATTRIBUTE","attribute","attribute::Company.Description","tm1_ti_parser","AttrPutS","UNRESOLVED","1"
"UNRESOLVED_DYNAMIC_REFERENCE","b41fce816be703a32e808bbf","process::DimUpdate - Company","CREATES_ATTRIBUTE","attribute","attribute::Company.Description","tm1_ti_parser","AttrInsert","UNRESOLVED","1"
"UNRESOLVED_DYNAMIC_REFERENCE","bb886082e8fed8e9dbd7385d","process::DimUpdate - Company","WRITES_ATTRIBUTE","attribute","attribute::Company.Jurisdict. Code","tm1_ti_parser","AttrPutS","UNRESOLVED","1"
"UNRESOLVED_DYNAMIC_REFERENCE","88e5906e07b21f082fd28c9d","process::DimUpdate - Company","CREATES_ATTRIBUTE","attribute","attribute::Company.Jurisdict. Code","tm1_ti_parser","AttrInsert","UNRESOLVED","1"
"UNRESOLVED_DYNAMIC_REFERENCE","5338de3aba14b55a88fe300e","process::DimUpdate - Company - SAP Hierarchy","CREATES_ATTRIBUTE","attribute","attribute::Company.Order Adj","tm1_ti_parser","AttrInsert","UNRESOLVED","1"
"UNRESOLVED_DYNAMIC_REFERENCE","dff040c6864d40f81a61d641","process::DimUpdate - Company - SAP Hierarchy","CREATES_ATTRIBUTE","attribute","attribute::Company.Parent","tm1_ti_parser","AttrInsert","UNRESOLVED","1"
"UNRESOLVED_DYNAMIC_REFERENCE","50052e8d3efa1c025b6d2cf7","process::DimUpdate - Cost Center","CREATES_ATTRIBUTE","attribute","attribute::Cost Center.C/R","tm1_ti_parser","AttrInsert","UNRESOLVED","1"
"UNRESOLVED_DYNAMIC_REFERENCE","5858cf6c60beb6e2a6c332d7","process::DimUpdate - Cost Center","WRITES_ATTRIBUTE","attribute","attribute::Cost Center.C/R","tm1_ti_parser","ATTRPutS","UNRESOLVED","1"
"UNRESOLVED_DYNAMIC_REFERENCE","238d75514d65ddc77c7a5712","process::DimUpdate - Cost Center","CREATES_ATTRIBUTE","attribute","attribute::Cost Center.CAPTION","tm1_ti_parser","AttrInsert","UNRESOLVED","1"
"UNRESOLVED_DYNAMIC_REFERENCE","006daf090c1d0cbeab154f20","process::DimUpdate - Cost Center","WRITES_ATTRIBUTE","attribute","attribute::Cost Center.CAPTION","tm1_ti_parser","AttrPutS","UNRESOLVED","1"
"UNRESOLVED_DYNAMIC_REFERENCE","5b3a32e8416f5a7ab98a9e7c","process::DimUpdate - Cost Center","CREATES_ATTRIBUTE","attribute","attribute::Cost Center.CCtC","tm1_ti_parser","AttrInsert","UNRESOLVED","1"
"UNRESOLVED_DYNAMIC_REFERENCE","f7681624c94ee0e5e7691b77","process::DimUpdate - Cost Center","WRITES_ATTRIBUTE","attribute","attribute::Cost Center.CCtC","tm1_ti_parser","ATTRPutS","UNRESOLVED","1"
"UNRESOLVED_DYNAMIC_REFERENCE","0817f77bf616676684731f1f","process::DimUpdate - Cost Center","CREATES_ATTRIBUTE","attribute","attribute::Cost Center.City","tm1_ti_parser","AttrInsert","UNRESOLVED","1"
"UNRESOLVED_DYNAMIC_REFERENCE","c4be91051ef98a9363c742e6","process::DimUpdate - Cost Center","WRITES_ATTRIBUTE","attribute","attribute::Cost Center.City","tm1_ti_parser","ATTRPutS","UNRESOLVED","1"
"UNRESOLVED_DYNAMIC_REFERENCE","d680ddc708dbdfd3b547cb7c","process::DimUpdate - Cost Center","CREATES_ATTRIBUTE","attribute","attribute::Cost Center.CoCd","tm1_ti_parser","AttrInsert","UNRESOLVED","1"
"UNRESOLVED_DYNAMIC_REFERENCE","2f37d2b69d98518bd623903d","process::DimUpdate - Cost Center","WRITES_ATTRIBUTE","attribute","attribute::Cost Center.CoCd","tm1_ti_parser","ATTRPutS","UNRESOLVED","1"
"UNRESOLVED_DYNAMIC_REFERENCE","bdfcd3fe5f4b511c2479cd2c","process::DimUpdate - Cost Center","CREATES_ATTRIBUTE","attribute","attribute::Cost Center.Controlling Area","tm1_ti_parser","AttrInsert","UNRESOLVED","1"
"UNRESOLVED_DYNAMIC_REFERENCE","7315abc37d65bfc974e320c1","process::DimUpdate - Cost Center","WRITES_ATTRIBUTE","attribute","attribute::Cost Center.Controlling Area","tm1_ti_parser","ATTRPutS","UNRESOLVED","1"
"UNRESOLVED_DYNAMIC_REFERENCE","4497dbbe2ef9215099c66b2a","process::DimUpdate - Cost Center","CREATES_ATTRIBUTE","attribute","attribute::Cost Center.Cost Ctr","tm1_ti_parser","AttrInsert","UNRESOLVED","1"
"UNRESOLVED_DYNAMIC_REFERENCE","83c487917323e9185dc0cd00","process::DimUpdate - Cost Center","WRITES_ATTRIBUTE","attribute","attribute::Cost Center.Cost Ctr","tm1_ti_parser","ATTRPutS","UNRESOLVED","1"
"UNRESOLVED_DYNAMIC_REFERENCE","3e72988f06a656636cbc1cbd","process::DimUpdate - Cost Center","WRITES_ATTRIBUTE","attribute","attribute::Cost Center.Cur","tm1_ti_parser","ATTRPutS","UNRESOLVED","1"
"UNRESOLVED_DYNAMIC_REFERENCE","24eec7da1654b0ee0a164e96","process::DimUpdate - Cost Center","CREATES_ATTRIBUTE","attribute","attribute::Cost Center.Cur","tm1_ti_parser","AttrInsert","UNRESOLVED","1"
"UNRESOLVED_DYNAMIC_REFERENCE","e339c63fdc8e40816f0aeed3","process::DimUpdate - Cost Center","CREATES_ATTRIBUTE","attribute","attribute::Cost Center.Department","tm1_ti_parser","AttrInsert","UNRESOLVED","1"
"UNRESOLVED_DYNAMIC_REFERENCE","4d45cb9de02dc049e815f543","process::DimUpdate - Cost Center","WRITES_ATTRIBUTE","attribute","attribute::Cost Center.Department","tm1_ti_parser","ATTRPutS","UNRESOLVED","1"
"UNRESOLVED_DYNAMIC_REFERENCE","7e4ee0cf781171ab52b70016","process::DimUpdate - Cost Center","CREATES_ATTRIBUTE","attribute","attribute::Cost Center.Description","tm1_ti_parser","AttrInsert","UNRESOLVED","1"
"UNRESOLVED_DYNAMIC_REFERENCE","ca472e4d266209585e2147cb","process::DimUpdate - Cost Center","WRITES_ATTRIBUTE","attribute","attribute::Cost Center.Description","tm1_ti_parser","ATTRPutS","UNRESOLVED","1"
"UNRESOLVED_DYNAMIC_REFERENCE","c548d7157522c32513d94b41","process::DimUpdate - Cost Center","CREATES_ATTRIBUTE","attribute","attribute::Cost Center.District","tm1_ti_parser","AttrInsert","UNRESOLVED","1"
"UNRESOLVED_DYNAMIC_REFERENCE","f16931bd4627fb325f9a46a4","process::DimUpdate - Cost Center","WRITES_ATTRIBUTE","attribute","attribute::Cost Center.District","tm1_ti_parser","ATTRPutS","UNRESOLVED","1"
"UNRESOLVED_DYNAMIC_REFERENCE","75c16d1b5c8fbedb58ce727d","process::DimUpdate - Cost Center","CREATES_ATTRIBUTE","attribute","attribute::Cost Center.Functional Area","tm1_ti_parser","AttrInsert","UNRESOLVED","1"
"UNRESOLVED_DYNAMIC_REFERENCE","2c5d47267759a8a060d5b924","process::DimUpdate - Cost Center","WRITES_ATTRIBUTE","attribute","attribute::Cost Center.Functional Area","tm1_ti_parser","ATTRPutS","UNRESOLVED","1"
"UNRESOLVED_DYNAMIC_REFERENCE","18c6af03041f2fe2b28e7652","process::DimUpdate - Cost Center","WRITES_ATTRIBUTE","attribute","attribute::Cost Center.Hierarchy Area","tm1_ti_parser","ATTRPutS","UNRESOLVED","1"
"UNRESOLVED_DYNAMIC_REFERENCE","4a0ad979ad175d45ed65c9c5","process::DimUpdate - Cost Center","CREATES_ATTRIBUTE","attribute","attribute::Cost Center.Hierarchy Area","tm1_ti_parser","AttrInsert","UNRESOLVED","1"
"UNRESOLVED_DYNAMIC_REFERENCE","90bc5c8b30aed899bea5b784","process::DimUpdate - Cost Center","CREATES_ATTRIBUTE","attribute","attribute::Cost Center.Lock Indicator","tm1_ti_parser","AttrInsert","UNRESOLVED","1"
"UNRESOLVED_DYNAMIC_REFERENCE","73c035e3879eb4577508d5ea","process::DimUpdate - Cost Center","WRITES_ATTRIBUTE","attribute","attribute::Cost Center.Lock Indicator","tm1_ti_parser","ATTRPutS","UNRESOLVED","1"
"UNRESOLVED_DYNAMIC_REFERENCE","a6140e96f941698963fd7161","process::DimUpdate - Cost Center","CREATES_ATTRIBUTE","attribute","attribute::Cost Center.Name","tm1_ti_parser","AttrInsert","UNRESOLVED","1"
"UNRESOLVED_DYNAMIC_REFERENCE","68135b17038e478165474839","process::DimUpdate - Cost Center","WRITES_ATTRIBUTE","attribute","attribute::Cost Center.Name","tm1_ti_parser","ATTRPutS","UNRESOLVED","1"
"UNRESOLVED_DYNAMIC_REFERENCE","e757cf3dc2f7a7d94b962e71","process::DimUpdate - Cost Center","CREATES_ATTRIBUTE","attribute","attribute::Cost Center.Name 1","tm1_ti_parser","AttrInsert","UNRESOLVED","1"
"UNRESOLVED_DYNAMIC_REFERENCE","95c1226ee6f8f4c0e18cf138","process::DimUpdate - Cost Center","WRITES_ATTRIBUTE","attribute","attribute::Cost Center.Name 1","tm1_ti_parser","ATTRPutS","UNRESOLVED","1"
"UNRESOLVED_DYNAMIC_REFERENCE","15fe6759fee792eab8b31b3c","process::DimUpdate - Cost Center","WRITES_ATTRIBUTE","attribute","attribute::Cost Center.Name 2","tm1_ti_parser","ATTRPutS","UNRESOLVED","1"
"UNRESOLVED_DYNAMIC_REFERENCE","9c4de08a99f409e1c2fd03ed","process::DimUpdate - Cost Center","CREATES_ATTRIBUTE","attribute","attribute::Cost Center.Name 2","tm1_ti_parser","AttrInsert","UNRESOLVED","1"
"UNRESOLVED_DYNAMIC_REFERENCE","70da1d4ebdc46c90fd1ebcd0","process::DimUpdate - Cost Center - SAP Hierarchy","CREATES_ATTRIBUTE","attribute","attribute::Cost Center.Order Adj","tm1_ti_parser","AttrInsert","UNRESOLVED","1"
"UNRESOLVED_DYNAMIC_REFERENCE","9b229c9558f4150ffe5303bd","process::DimUpdate - Cost Center","WRITES_ATTRIBUTE","attribute","attribute::Cost Center.Person Responsible","tm1_ti_parser","ATTRPutS","UNRESOLVED","1"
"UNRESOLVED_DYNAMIC_REFERENCE","e74b14e313fa7e3d3cf3e500","process::DimUpdate - Cost Center","CREATES_ATTRIBUTE","attribute","attribute::Cost Center.Person Responsible","tm1_ti_parser","AttrInsert","UNRESOLVED","1"
"UNRESOLVED_DYNAMIC_REFERENCE","ef1b54edcf7f46c610858542","process::DimUpdate - Cost Center","CREATES_ATTRIBUTE","attribute","attribute::Cost Center.PO Box","tm1_ti_parser","AttrInsert","UNRESOLVED","1"
"UNRESOLVED_DYNAMIC_REFERENCE","8003c7bab0457f3aca711d9b","process::DimUpdate - Cost Center","WRITES_ATTRIBUTE","attribute","attribute::Cost Center.PO Box","tm1_ti_parser","ATTRPutS","UNRESOLVED","1"
"UNRESOLVED_DYNAMIC_REFERENCE","74eb3078d140fbb3868ced0d","process::DimUpdate - Cost Center","CREATES_ATTRIBUTE","attribute","attribute::Cost Center.PO Box pcd","tm1_ti_parser","AttrInsert","UNRESOLVED","1"
"UNRESOLVED_DYNAMIC_REFERENCE","333ae51dd954155345b892e6","process::DimUpdate - Cost Center","WRITES_ATTRIBUTE","attribute","attribute::Cost Center.PO Box pcd","tm1_ti_parser","ATTRPutS","UNRESOLVED","1"
"UNRESOLVED_DYNAMIC_REFERENCE","14bcf809c619b6af9352fc75","process::DimUpdate - Cost Center","CREATES_ATTRIBUTE","attribute","attribute::Cost Center.PostalCode","tm1_ti_parser","AttrInsert","UNRESOLVED","1"
"UNRESOLVED_DYNAMIC_REFERENCE","b6eab14650cf3c48fb5072cb","process::DimUpdate - Cost Center","WRITES_ATTRIBUTE","attribute","attribute::Cost Center.PostalCode","tm1_ti_parser","ATTRPutS","UNRESOLVED","1"
"UNRESOLVED_DYNAMIC_REFERENCE","e1a8ecb6984f748956d95410","process::DimUpdate - Cost Center","CREATES_ATTRIBUTE","attribute","attribute::Cost Center.Profit Ctr","tm1_ti_parser","AttrInsert","UNRESOLVED","1"
"UNRESOLVED_DYNAMIC_REFERENCE","2b7b1d39493d92e2d89cf9fc","process::DimUpdate - Cost Center","WRITES_ATTRIBUTE","attribute","attribute::Cost Center.Profit Ctr","tm1_ti_parser","ATTRPutS","UNRESOLVED","1"
"UNRESOLVED_DYNAMIC_REFERENCE","aac564e36c42356358656c8d","process::DimUpdate - Cost Center","WRITES_ATTRIBUTE","attribute","attribute::Cost Center.Rg","tm1_ti_parser","ATTRPutS","UNRESOLVED","1"
"UNRESOLVED_DYNAMIC_REFERENCE","f38ab39b59999d4e21f50902","process::DimUpdate - Cost Center","CREATES_ATTRIBUTE","attribute","attribute::Cost Center.Rg","tm1_ti_parser","AttrInsert","UNRESOLVED","1"
"UNRESOLVED_DYNAMIC_REFERENCE","5e14012af1dc1c2762fac2c5","process::DimUpdate - Cost Center - SAP Hierarchy","CREATES_ATTRIBUTE","attribute","attribute::Cost Center.sHier | ' Parent'","tm1_ti_parser","AttrInsert","UNRESOLVED","1"
"UNRESOLVED_DYNAMIC_REFERENCE","fd84fd982584633555a9400b","process::DimUpdate - Cost Center","CREATES_ATTRIBUTE","attribute","attribute::Cost Center.Street","tm1_ti_parser","AttrInsert","UNRESOLVED","1"
"UNRESOLVED_DYNAMIC_REFERENCE","d8536349509ee7fad0a26df3","process::DimUpdate - Cost Center","WRITES_ATTRIBUTE","attribute","attribute::Cost Center.Street","tm1_ti_parser","ATTRPutS","UNRESOLVED","1"
"UNRESOLVED_DYNAMIC_REFERENCE","b061ae8148482d8f08c8bd6b","process::DimUpdate - Cost Center","CREATES_ATTRIBUTE","attribute","attribute::Cost Center.Tax Jurisdiction","tm1_ti_parser","AttrInsert","UNRESOLVED","1"
"UNRESOLVED_DYNAMIC_REFERENCE","718a0cc01d261d4f3e4a6134","process::DimUpdate - Cost Center","WRITES_ATTRIBUTE","attribute","attribute::Cost Center.Tax Jurisdiction","tm1_ti_parser","ATTRPutS","UNRESOLVED","1"
"UNRESOLVED_DYNAMIC_REFERENCE","643e7516b052ec54ec35e1ff","process::DimUpdate - Cost Center","CREATES_ATTRIBUTE","attribute","attribute::Cost Center.Valid From","tm1_ti_parser","AttrInsert","UNRESOLVED","1"
"UNRESOLVED_DYNAMIC_REFERENCE","d5fee61eccca03d7080fe83e","process::DimUpdate - Cost Center","WRITES_ATTRIBUTE","attribute","attribute::Cost Center.Valid From","tm1_ti_parser","ATTRPutS","UNRESOLVED","1"
"UNRESOLVED_DYNAMIC_REFERENCE","0c2aaf0979c424f4755a2282","process::DimUpdate - Cost Center","READS_ATTRIBUTE","attribute","attribute::Cost Center.Valid From","tm1_ti_parser","Attrs","UNRESOLVED","1"
"UNRESOLVED_DYNAMIC_REFERENCE","4ae5eecb5870758be55a8e02","process::DimUpdate - Cost Center","CREATES_ATTRIBUTE","attribute","attribute::Cost Center.Valid To","tm1_ti_parser","AttrInsert","UNRESOLVED","1"
"UNRESOLVED_DYNAMIC_REFERENCE","7f623f0e303406f07040dbdc","process::DimUpdate - Cost Center","WRITES_ATTRIBUTE","attribute","attribute::Cost Center.Valid To","tm1_ti_parser","ATTRPutS","UNRESOLVED","1"
"UNRESOLVED_DYNAMIC_REFERENCE","1101ab93efdb1ec12c413aa3","process::DimUpdate - Customer","WRITES_ATTRIBUTE","attribute","attribute::Customer.Account Group","tm1_ti_parser","AttrPutS","UNRESOLVED","1"
"UNRESOLVED_DYNAMIC_REFERENCE","ba016298ae887ae13657626e","process::DimUpdate - Customer - Hierarchy","READS_ATTRIBUTE","attribute","attribute::Customer.Account Group","tm1_ti_parser","CellGetS","UNRESOLVED","1"
"UNRESOLVED_DYNAMIC_REFERENCE","3489702569005815d7d3d8c9","process::DimUpdate - Customer","WRITES_ATTRIBUTE","attribute","attribute::Customer.Account Group Description","tm1_ti_parser","AttrPutS","UNRESOLVED","1"
"UNRESOLVED_DYNAMIC_REFERENCE","4270c7334ffaab62ff1aa939","process::DimUpdate - Customer","WRITES_ATTRIBUTE","attribute","attribute::Customer.C/R","tm1_ti_parser","AttrPutS","UNRESOLVED","1"
"UNRESOLVED_DYNAMIC_REFERENCE","9b7f451954b0538ddf2b307e","process::DimUpdate - Customer","WRITES_ATTRIBUTE","attribute","attribute::Customer.CAPTION","tm1_ti_parser","AttrPutS","UNRESOLVED","1"
"UNRESOLVED_DYNAMIC_REFERENCE","a17505f6df6bd382940736f2","process::DimUpdate - Customer","WRITES_ATTRIBUTE","attribute","attribute::Customer.Customer Code","tm1_ti_parser","AttrPutS","UNRESOLVED","1"
"UNRESOLVED_DYNAMIC_REFERENCE","35c3c0df818feee83a858a8a","process::DimUpdate - Customer - Hierarchy","WRITES_ATTRIBUTE","attribute","attribute::Customer.Division","tm1_ti_parser","AttrPutS","UNRESOLVED","1"
"UNRESOLVED_DYNAMIC_REFERENCE","7443a97608192a392c99d1bf","process::DimUpdate - Customer","WRITES_ATTRIBUTE","attribute","attribute::Customer.Name 1","tm1_ti_parser","AttrPutS","UNRESOLVED","1"
"UNRESOLVED_DYNAMIC_REFERENCE","6decc14fe3766c48fcbaf4fc","process::DimUpdate - Customer - Hierarchy","CREATES_ATTRIBUTE","attribute","attribute::Customer.Parent Account","tm1_ti_parser","AttrInsert","UNRESOLVED","1"
"UNRESOLVED_DYNAMIC_REFERENCE","00b0c5fcaf4886b289cfd291","process::DimUpdate - Customer - Hierarchy","WRITES_ATTRIBUTE","attribute","attribute::Customer.Parent Account","tm1_ti_parser","AttrPutS","UNRESOLVED","1"
"UNRESOLVED_DYNAMIC_REFERENCE","353fcf6e96a6c4335cc330f0","process::DimUpdate - Customer","WRITES_ATTRIBUTE","attribute","attribute::Customer.Postal Code","tm1_ti_parser","AttrPutS","UNRESOLVED","1"
"UNRESOLVED_DYNAMIC_REFERENCE","bb255a83a43ee6fc99a81ad2","process::DimUpdate - Customer - Hierarchy","WRITES_ATTRIBUTE","attribute","attribute::Customer.Sales Org","tm1_ti_parser","AttrPutS","UNRESOLVED","1"
"UNRESOLVED_DYNAMIC_REFERENCE","e3319797a25802a614f4a903","process::DimUpdate - Fiscal Period","WRITES_ATTRIBUTE","attribute","attribute::Fiscal Period.ALT CAPTION","tm1_ti_parser","AttrPutS","UNRESOLVED","2"
"UNRESOLVED_DYNAMIC_REFERENCE","d7c36bf216102704646428e8","process::DimUpdate - Fiscal Period","WRITES_ATTRIBUTE","attribute","attribute::Fiscal Period.CAPTION","tm1_ti_parser","AttrPutS","UNRESOLVED","2"
"UNRESOLVED_DYNAMIC_REFERENCE","ecf4320c85a3c278a9d8d115","process::DimUpdate - Fiscal Period","WRITES_ATTRIBUTE","attribute","attribute::Fiscal Period.Fiscal Month","tm1_ti_parser","AttrPutS","UNRESOLVED","1"
"UNRESOLVED_DYNAMIC_REFERENCE","ebe23258c0fe418ab03e2bec","process::DimUpdate - Fiscal Period","WRITES_ATTRIBUTE","attribute","attribute::Fiscal Period.Fiscal Quarter","tm1_ti_parser","AttrPutS","UNRESOLVED","1"
"UNRESOLVED_DYNAMIC_REFERENCE","37ca9f3515444c1ca0532797","process::DimUpdate - Fiscal Period","WRITES_ATTRIBUTE","attribute","attribute::Fiscal Period.Fiscal Year","tm1_ti_parser","AttrPutS","UNRESOLVED","1"
"UNRESOLVED_DYNAMIC_REFERENCE","0a3fd1bb71e779777e17aabe","process::DimUpdate - Fiscal Period","WRITES_ATTRIBUTE","attribute","attribute::Fiscal Period.Next Period","tm1_ti_parser","AttrPutS","UNRESOLVED","1"
"UNRESOLVED_DYNAMIC_REFERENCE","9e5d3c518dce4a9861e9088d","process::DataUpdate - Balance Sheet","READS_ATTRIBUTE","attribute","attribute::Fiscal Period.Period Index","tm1_ti_parser","ATTRS","UNRESOLVED","4"
"UNRESOLVED_DYNAMIC_REFERENCE","3df42a9de9af5cb5844bda05","process::DataUpdate - Balance Sheet - Outlook Seed Actual","READS_ATTRIBUTE","attribute","attribute::Fiscal Period.Period Index","tm1_ti_parser","ATTRS","UNRESOLVED","4"
"UNRESOLVED_DYNAMIC_REFERENCE","e26e916b49c0ae3173288936","process::DataUpdate - Below the Line - Actual","READS_ATTRIBUTE","attribute","attribute::Fiscal Period.Period Index","tm1_ti_parser","ATTRS","UNRESOLVED","4"
"UNRESOLVED_DYNAMIC_REFERENCE","157de988e07e3ea400312085","process::DataUpdate - Below the Line - Corporate Headcount","READS_ATTRIBUTE","attribute","attribute::Fiscal Period.Period Index","tm1_ti_parser","ATTRS","UNRESOLVED","4"
"UNRESOLVED_DYNAMIC_REFERENCE","0a990e6784155720ecd17c9b","process::DataUpdate - Below the Line - Outlook Seed Actual","READS_ATTRIBUTE","attribute","attribute::Fiscal Period.Period Index","tm1_ti_parser","ATTRS","UNRESOLVED","4"
"UNRESOLVED_DYNAMIC_REFERENCE","4ad034c0a6f3de7647038972","process::DataUpdate - Below the Line Assessment - Actual - Assessment Offset Postings","READS_ATTRIBUTE","attribute","attribute::Fiscal Period.Period Index","tm1_ti_parser","ATTRS","UNRESOLVED","4"
"UNRESOLVED_DYNAMIC_REFERENCE","b75ec4e1d3b4b8df8d23c101","process::DataUpdate - Below the Line Assessment - Actual - Assessment Postings","READS_ATTRIBUTE","attribute","attribute::Fiscal Period.Period Index","tm1_ti_parser","ATTRS","UNRESOLVED","4"
"UNRESOLVED_DYNAMIC_REFERENCE","e30d255a468cdfab15c419e6","process::DataUpdate - Below the Line Assessments - Outlook - Period Range","READS_ATTRIBUTE","attribute","attribute::Fiscal Period.Period Index","tm1_ti_parser","ATTRS","UNRESOLVED","6"
"UNRESOLVED_DYNAMIC_REFERENCE","9d7979b62782192032a54b8a","process::DataUpdate - Below the Line Assessments - Outlook Seed Actual","READS_ATTRIBUTE","attribute","attribute::Fiscal Period.Period Index","tm1_ti_parser","ATTRS","UNRESOLVED","4"
"UNRESOLVED_DYNAMIC_REFERENCE","47542397c5192a19d74badff","process::DataUpdate - Corporate Headcount - Outlook Seed Actual","READS_ATTRIBUTE","attribute","attribute::Fiscal Period.Period Index","tm1_ti_parser","ATTRS","UNRESOLVED","4"
"UNRESOLVED_DYNAMIC_REFERENCE","15267f2088299f07f1500be3","process::DataUpdate - Customer Profitability","READS_ATTRIBUTE","attribute","attribute::Fiscal Period.Period Index","tm1_ti_parser","ATTRS","UNRESOLVED","4"
"UNRESOLVED_DYNAMIC_REFERENCE","88c08f946ecb57bc8f75c744","process::DataUpdate - Customer Profitability - Outlook Seed Actual","READS_ATTRIBUTE","attribute","attribute::Fiscal Period.Period Index","tm1_ti_parser","ATTRS","UNRESOLVED","4"
"UNRESOLVED_DYNAMIC_REFERENCE","1dc31893a863c49b032299e3","process::DataUpdate - Fixed Manufacturing Cost - Actual","READS_ATTRIBUTE","attribute","attribute::Fiscal Period.Period Index","tm1_ti_parser","ATTRS","UNRESOLVED","4"
"UNRESOLVED_DYNAMIC_REFERENCE","cbb98428d99f7b1d731a7916","process::DataUpdate - Fixed Manufacturing Cost - Outlook Seed Actual","READS_ATTRIBUTE","attribute","attribute::Fiscal Period.Period Index","tm1_ti_parser","ATTRS","UNRESOLVED","4"
"UNRESOLVED_DYNAMIC_REFERENCE","c7c7dfd0ac9fe3fda3d9ac9e","process::DataUpdate - Fund Flow","READS_ATTRIBUTE","attribute","attribute::Fiscal Period.Period Index","tm1_ti_parser","ATTRS","UNRESOLVED","4"
"UNRESOLVED_DYNAMIC_REFERENCE","fc3eebe04d30819571ade52a","process::DataUpdate - Glenn Springs Project - Actual","READS_ATTRIBUTE","attribute","attribute::Fiscal Period.Period Index","tm1_ti_parser","ATTRS","UNRESOLVED","4"
"UNRESOLVED_DYNAMIC_REFERENCE","cd7943bef3f5b4a88e4670f7","process::DataUpdate - Glenn Springs Project - Remaining Unassigned","READS_ATTRIBUTE","attribute","attribute::Fiscal Period.Period Index","tm1_ti_parser","ATTRS","UNRESOLVED","2"
"UNRESOLVED_DYNAMIC_REFERENCE","7d643a6c9a9e743314d916e3","process::DataUpdate - Glenn Springs Project - Unassigned","READS_ATTRIBUTE","attribute","attribute::Fiscal Period.Period Index","tm1_ti_parser","ATTRS","UNRESOLVED","2"
"UNRESOLVED_DYNAMIC_REFERENCE","a362f3a0367a1f492439d79f","process::DataUpdate - Intercompany","READS_ATTRIBUTE","attribute","attribute::Fiscal Period.Period Index","tm1_ti_parser","ATTRS","UNRESOLVED","4"
"UNRESOLVED_DYNAMIC_REFERENCE","7fa3aa377a0218e45137122e","process::DataUpdate - Intercompany Sandbox","READS_ATTRIBUTE","attribute","attribute::Fiscal Period.Period Index","tm1_ti_parser","ATTRS","UNRESOLVED","4"
"UNRESOLVED_DYNAMIC_REFERENCE","e3f049a9c820b8f0270e722e","process::DataUpdate - Intercompany Sandbox - COS Elim","READS_ATTRIBUTE","attribute","attribute::Fiscal Period.Period Index","tm1_ti_parser","ATTRS","UNRESOLVED","6"
"UNRESOLVED_DYNAMIC_REFERENCE","d22e1fabf7cb99023c158981","process::DataUpdate - Intercompany Sandbox - Internal Markup","READS_ATTRIBUTE","attribute","attribute::Fiscal Period.Period Index","tm1_ti_parser","ATTRS","UNRESOLVED","2"
"UNRESOLVED_DYNAMIC_REFERENCE","fbb9bee8fe935788571748c2","process::DataUpdate - Intercompany Sandbox - Sales Elim","READS_ATTRIBUTE","attribute","attribute::Fiscal Period.Period Index","tm1_ti_parser","ATTRS","UNRESOLVED","6"
"UNRESOLVED_DYNAMIC_REFERENCE","bd5017a65c54809588f01fcb","process::DataUpdate - Inventory Walk","READS_ATTRIBUTE","attribute","attribute::Fiscal Period.Period Index","tm1_ti_parser","ATTRS","UNRESOLVED","4"
"UNRESOLVED_DYNAMIC_REFERENCE","16ac4e25fdc6a1262b8e135f","process::DataUpdate - Inventory Walk - Manual Entries","READS_ATTRIBUTE","attribute","attribute::Fiscal Period.Period Index","tm1_ti_parser","ATTRS","UNRESOLVED","4"
"UNRESOLVED_DYNAMIC_REFERENCE","25490f8b493a6e3bca82520c","process::DataUpdate - Inventory Walk - Outlook Seed Actual","READS_ATTRIBUTE","attribute","attribute::Fiscal Period.Period Index","tm1_ti_parser","ATTRS","UNRESOLVED","4"
"UNRESOLVED_DYNAMIC_REFERENCE","17e36d2270a359ea0d1db120","process::DataUpdate - Inventory Walk - Production Adjustment","READS_ATTRIBUTE","attribute","attribute::Fiscal Period.Period Index","tm1_ti_parser","ATTRS","UNRESOLVED","4"
"UNRESOLVED_DYNAMIC_REFERENCE","2c2b6b9ae015d3d9a1e270bc","process::DataUpdate - Manufacturing Cost","READS_ATTRIBUTE","attribute","attribute::Fiscal Period.Period Index","tm1_ti_parser","ATTRS","UNRESOLVED","2"
"UNRESOLVED_DYNAMIC_REFERENCE","d822268c6366f4022b251887","process::DataUpdate - Manufacturing Cost - Exclude","READS_ATTRIBUTE","attribute","attribute::Fiscal Period.Period Index","tm1_ti_parser","ATTRS","UNRESOLVED","4"
"UNRESOLVED_DYNAMIC_REFERENCE","05c08026f7bf8b3685950496","process::DataUpdate - Manufacturing Cost - Outlook Seed Actual","READS_ATTRIBUTE","attribute","attribute::Fiscal Period.Period Index","tm1_ti_parser","ATTRS","UNRESOLVED","4"
"UNRESOLVED_DYNAMIC_REFERENCE","31d1ee5bc9e85d494a854a3a","process::DataUpdate - Manufacturing Cost - Transferred Costs","READS_ATTRIBUTE","attribute","attribute::Fiscal Period.Period Index","tm1_ti_parser","ATTRS","UNRESOLVED","2"
"UNRESOLVED_DYNAMIC_REFERENCE","244ee963ae38eec057cbc2f5","process::DataUpdate - Manufacturing Cost Balancing","READS_ATTRIBUTE","attribute","attribute::Fiscal Period.Period Index","tm1_ti_parser","ATTRS","UNRESOLVED","2"
"UNRESOLVED_DYNAMIC_REFERENCE","c5e35f2f68fc38d524aa1eb5","process::DataUpdate - Plant Assessment - Actual","READS_ATTRIBUTE","attribute","attribute::Fiscal Period.Period Index","tm1_ti_parser","ATTRS","UNRESOLVED","4"
"UNRESOLVED_DYNAMIC_REFERENCE","50547d479404bbecbefd0d1f","process::DataUpdate - Profit and Loss - Actual","READS_ATTRIBUTE","attribute","attribute::Fiscal Period.Period Index","tm1_ti_parser","ATTRS","UNRESOLVED","4"
"UNRESOLVED_DYNAMIC_REFERENCE","064a6195240a21a6a01216a7","process::DataUpdate - Profit and Loss - Freight Reclass","READS_ATTRIBUTE","attribute","attribute::Fiscal Period.Period Index","tm1_ti_parser","ATTRS","UNRESOLVED","6"
"UNRESOLVED_DYNAMIC_REFERENCE","a051fd03b5fd8d5489fc3c7c","process::DataUpdate - Profit and Loss - Freight Reclass with Material Detail","READS_ATTRIBUTE","attribute","attribute::Fiscal Period.Period Index","tm1_ti_parser","ATTRS","UNRESOLVED","6"
"UNRESOLVED_DYNAMIC_REFERENCE","b0949b47facda30d4eb15de3","process::DataUpdate - Profit and Loss - Intercompany","READS_ATTRIBUTE","attribute","attribute::Fiscal Period.Period Index","tm1_ti_parser","ATTRS","UNRESOLVED","4"
"UNRESOLVED_DYNAMIC_REFERENCE","fdf83b0d8fdc2a1d0740d1e9","process::DataUpdate - Profit and Loss - Intercompany Sandbox","READS_ATTRIBUTE","attribute","attribute::Fiscal Period.Period Index","tm1_ti_parser","ATTRS","UNRESOLVED","4"
"UNRESOLVED_DYNAMIC_REFERENCE","8b4776772d07fad449396704","process::DataUpdate - Profit and Loss - Outlook Seed Actual","READS_ATTRIBUTE","attribute","attribute::Fiscal Period.Period Index","tm1_ti_parser","ATTRS","UNRESOLVED","4"
"UNRESOLVED_DYNAMIC_REFERENCE","0f229c93f7ce955fb000520e","process::DataUpdate - SYS Intercompany Elim","READS_ATTRIBUTE","attribute","attribute::Fiscal Period.Period Index","tm1_ti_parser","ATTRS","UNRESOLVED","4"
"UNRESOLVED_DYNAMIC_REFERENCE","38fffe53793c72f171a212e8","process::DataUpdate - SYS Intercompany Elim - Cost of Sales","READS_ATTRIBUTE","attribute","attribute::Fiscal Period.Period Index","tm1_ti_parser","ATTRS","UNRESOLVED","2"
"UNRESOLVED_DYNAMIC_REFERENCE","6b64598e0d6ded0e60656587","process::DataUpdate - SYS Production Order","READS_ATTRIBUTE","attribute","attribute::Fiscal Period.Period Index","tm1_ti_parser","ATTRS","UNRESOLVED","4"
"UNRESOLVED_DYNAMIC_REFERENCE","94b925ae9a55f13e457f706e","process::DataUpdate - Turnaround and Other Asset - Actual","READS_ATTRIBUTE","attribute","attribute::Fiscal Period.Period Index","tm1_ti_parser","ATTRS","UNRESOLVED","4"
"UNRESOLVED_DYNAMIC_REFERENCE","fca85335f69de28980d719d0","process::DataUpdate - Turnaround and Other Asset - Actual - Manual Assignments","READS_ATTRIBUTE","attribute","attribute::Fiscal Period.Period Index","tm1_ti_parser","ATTRS","UNRESOLVED","2"
"UNRESOLVED_DYNAMIC_REFERENCE","78bba8a944974dc5378a5431","process::DataUpdate - Turnaround and Other Asset - Outlook Seed Actual","READS_ATTRIBUTE","attribute","attribute::Fiscal Period.Period Index","tm1_ti_parser","ATTRS","UNRESOLVED","4"
"UNRESOLVED_DYNAMIC_REFERENCE","446c7ac7329de6e87e293640","process::DataUpdate - Turnaround Reserve - Actual","READS_ATTRIBUTE","attribute","attribute::Fiscal Period.Period Index","tm1_ti_parser","ATTRS","UNRESOLVED","4"
"UNRESOLVED_DYNAMIC_REFERENCE","c9ca54ef201f2450bc02559a","process::DataUpdate - Turnaround Reserve - Outlook Seed Actual","READS_ATTRIBUTE","attribute","attribute::Fiscal Period.Period Index","tm1_ti_parser","ATTRS","UNRESOLVED","4"
"UNRESOLVED_DYNAMIC_REFERENCE","98df641f5aa17f05872d04ca","process::DimUpdate - Fiscal Period","WRITES_ATTRIBUTE","attribute","attribute::Fiscal Period.Period Index","tm1_ti_parser","AttrPutS","UNRESOLVED","1"
"UNRESOLVED_DYNAMIC_REFERENCE","10b7dde989f3ab7c53dfe69c","process::DimUpdate - Fiscal Period","READS_ATTRIBUTE","attribute","attribute::Fiscal Period.Period Index","tm1_ti_parser","ATTRS","UNRESOLVED","1"
"UNRESOLVED_DYNAMIC_REFERENCE","054a0c6790eadc768572156d","process::DimUpdate - Fiscal Period - Relative Hierarchies","READS_ATTRIBUTE","attribute","attribute::Fiscal Period.Period Index","tm1_ti_parser","ATTRS","UNRESOLVED","15"
"UNRESOLVED_DYNAMIC_REFERENCE","241c5847ead9ee1bad6e6547","process::Notification - Intercompany - Sales Elim Profit Center","READS_ATTRIBUTE","attribute","attribute::Fiscal Period.Period Index","tm1_ti_parser","ATTRS","UNRESOLVED","2"
"UNRESOLVED_DYNAMIC_REFERENCE","47d273f11a8749f71ceb49bc","process::zTemp - Profit and Loss - Correct Legacy Qty","READS_ATTRIBUTE","attribute","attribute::Fiscal Period.Period Index","tm1_ti_parser","ATTRS","UNRESOLVED","2"
"UNRESOLVED_DYNAMIC_REFERENCE","eb74b65baceefadf7cdca474","process::zTemp_ Intercompany - Export Profit Centers","READS_ATTRIBUTE","attribute","attribute::Fiscal Period.Period Index","tm1_ti_parser","ATTRS","UNRESOLVED","2"
"UNRESOLVED_DYNAMIC_REFERENCE","28f6ae222f942649b46e5de6","process::zTemp_DataUpdate - Below the Line Assessments - Outlook - Period Range","READS_ATTRIBUTE","attribute","attribute::Fiscal Period.Period Index","tm1_ti_parser","ATTRS","UNRESOLVED","4"
"UNRESOLVED_DYNAMIC_REFERENCE","110430fe3bbb5787d97d00a1","process::zTemp_Document No_Index","READS_ATTRIBUTE","attribute","attribute::Fiscal Period.Period Index","tm1_ti_parser","ATTRS","UNRESOLVED","2"
"UNRESOLVED_DYNAMIC_REFERENCE","343fae7d529a3bcab717d1d7","process::zTemp_Export Intercompany Sandbox Issues","READS_ATTRIBUTE","attribute","attribute::Fiscal Period.Period Index","tm1_ti_parser","ATTRS","UNRESOLVED","2"
"UNRESOLVED_DYNAMIC_REFERENCE","c4a83b6503c2b97d8212d1c6","process::DimUpdate - Fiscal Period","WRITES_ATTRIBUTE","attribute","attribute::Fiscal Period.Prior Period","tm1_ti_parser","AttrPutS","UNRESOLVED","1"
"UNRESOLVED_DYNAMIC_REFERENCE","112876b4b28610af870caf56","process::DataUpdate - Below the Line - Actual","READS_ATTRIBUTE","attribute","attribute::Functional Area.Below the Line (System)","tm1_ti_parser","ATTRS","UNRESOLVED","1"
"UNRESOLVED_DYNAMIC_REFERENCE","7bcad0f2d24e19e2938b9648","process::DataUpdate - Below the Line Assessment - Actual - Assessment Postings","READS_ATTRIBUTE","attribute","attribute::Functional Area.Below the Line (System)","tm1_ti_parser","ATTRS","UNRESOLVED","1"
"UNRESOLVED_DYNAMIC_REFERENCE","25e2845d34c05ffecbeeedfe","process::zTemp_Document No_Index","READS_ATTRIBUTE","attribute","attribute::Functional Area.Below the Line (System)","tm1_ti_parser","ATTRS","UNRESOLVED","1"
"UNRESOLVED_DYNAMIC_REFERENCE","ebdf9d57aec68fe6cdf00c2c","process::DimUpdate - Functional Area","WRITES_ATTRIBUTE","attribute","attribute::Functional Area.CAPTION","tm1_ti_parser","AttrPutS","UNRESOLVED","1"
"UNRESOLVED_DYNAMIC_REFERENCE","15c736af7606e3eee4b7899a","process::DimUpdate - Functional Area","CREATES_ATTRIBUTE","attribute","attribute::Functional Area.CAPTION","tm1_ti_parser","AttrInsert","UNRESOLVED","1"
"UNRESOLVED_DYNAMIC_REFERENCE","346efa06457cfbae407cd0e8","process::DimUpdate - Functional Area","WRITES_ATTRIBUTE","attribute","attribute::Functional Area.Description","tm1_ti_parser","AttrPutS","UNRESOLVED","1"
"UNRESOLVED_DYNAMIC_REFERENCE","d1d238e861b8b411d519edc1","process::DimUpdate - Functional Area","CREATES_ATTRIBUTE","attribute","attribute::Functional Area.Description","tm1_ti_parser","AttrInsert","UNRESOLVED","1"
"UNRESOLVED_DYNAMIC_REFERENCE","6261768104f7dfd34988b928","process::DataUpdate - Fixed Manufacturing Cost - Actual","READS_ATTRIBUTE","attribute","attribute::Functional Area.Fixed Manufacturing Cost (System)","tm1_ti_parser","ATTRS","UNRESOLVED","1"
"UNRESOLVED_DYNAMIC_REFERENCE","7281d081cfbb4fa86f60465b","process::DataUpdate - Plant Assessment - Actual","READS_ATTRIBUTE","attribute","attribute::Functional Area.Fixed Manufacturing Cost (System)","tm1_ti_parser","ATTRS","UNRESOLVED","1"
"UNRESOLVED_DYNAMIC_REFERENCE","064826079801280a05a37d69","process::DataUpdate - Profit and Loss - Freight Reclass","READS_ATTRIBUTE","attribute","attribute::Functional Area.Freight Reclass","tm1_ti_parser","ATTRS","UNRESOLVED","1"
"UNRESOLVED_DYNAMIC_REFERENCE","4037377bda6c58b4cb240733","process::DataUpdate - Profit and Loss - Freight Reclass with Material Detail","READS_ATTRIBUTE","attribute","attribute::Functional Area.Freight Reclass","tm1_ti_parser","ATTRS","UNRESOLVED","1"
"UNRESOLVED_DYNAMIC_REFERENCE","28d3e27b2c974690ff2773c9","process::DimUpdate - Functional Area","CREATES_ATTRIBUTE","attribute","attribute::Functional Area.Functional Area","tm1_ti_parser","AttrInsert","UNRESOLVED","1"
"UNRESOLVED_DYNAMIC_REFERENCE","fc96c0191c8441c677784878","process::DimUpdate - Functional Area","WRITES_ATTRIBUTE","attribute","attribute::Functional Area.Functional Area","tm1_ti_parser","AttrPutS","UNRESOLVED","1"
"UNRESOLVED_DYNAMIC_REFERENCE","6ade4dc251026902eda24f7b","process::DimUpdate - Functional Area - SAP Hierarchy","CREATES_ATTRIBUTE","attribute","attribute::Functional Area.sHier | ' Parent'","tm1_ti_parser","AttrInsert","UNRESOLVED","1"
"UNRESOLVED_DYNAMIC_REFERENCE","1136ea9ce9fd7d589830bde9","process::DimUpdate - Fund Flow - Cash Flow Hierarchy","WRITES_ATTRIBUTE","attribute","attribute::Fund Flow.CAPTION","tm1_ti_parser","AttrPutS","UNRESOLVED","2"
"UNRESOLVED_DYNAMIC_REFERENCE","21a462bda3cff18f81e2f993","process::DimUpdate - Fund Flow - Fund Flow Hierarchy","WRITES_ATTRIBUTE","attribute","attribute::Fund Flow.CAPTION","tm1_ti_parser","AttrPutS","UNRESOLVED","2"
"UNRESOLVED_DYNAMIC_REFERENCE","7aeaee269b952d91cf0c67e8","process::DimUpdate - GL_Account","CREATES_ATTRIBUTE","attribute","attribute::GL_Account.AcGp","tm1_ti_parser","AttrInsert","UNRESOLVED","1"
"UNRESOLVED_DYNAMIC_REFERENCE","442644ed6b4e17ce2459231c","process::DimUpdate - GL_Account","WRITES_ATTRIBUTE","attribute","attribute::GL_Account.AcGp","tm1_ti_parser","AttrPutS","UNRESOLVED","1"
"UNRESOLVED_DYNAMIC_REFERENCE","2fbc6fcaa4387e8af124a729","process::DimUpdate - GL_Account","CREATES_ATTRIBUTE","attribute","attribute::GL_Account.CAPTION","tm1_ti_parser","AttrInsert","UNRESOLVED","1"
"UNRESOLVED_DYNAMIC_REFERENCE","f95a9c2762b4a1e90942f841","process::DimUpdate - GL_Account","WRITES_ATTRIBUTE","attribute","attribute::GL_Account.CAPTION","tm1_ti_parser","AttrPutS","UNRESOLVED","1"
"UNRESOLVED_DYNAMIC_REFERENCE","acb9e8505c7a6ce2b0e1f857","process::DimUpdate - GL_Account","CREATES_ATTRIBUTE","attribute","attribute::GL_Account.GL Account Name","tm1_ti_parser","AttrInsert","UNRESOLVED","1"
"UNRESOLVED_DYNAMIC_REFERENCE","60068a42d18b9180eb53160d","process::DimUpdate - GL_Account","WRITES_ATTRIBUTE","attribute","attribute::GL_Account.GL Account Name","tm1_ti_parser","AttrPutS","UNRESOLVED","1"
"UNRESOLVED_DYNAMIC_REFERENCE","4f3ecbe8cc4cbc401575341d","process::DimUpdate - GL_Account","CREATES_ATTRIBUTE","attribute","attribute::GL_Account.GL Account Type","tm1_ti_parser","AttrInsert","UNRESOLVED","1"
"UNRESOLVED_DYNAMIC_REFERENCE","c29236f38bac3f8407089e1d","process::DimUpdate - GL_Account","WRITES_ATTRIBUTE","attribute","attribute::GL_Account.GL Account Type","tm1_ti_parser","AttrPutS","UNRESOLVED","1"
"UNRESOLVED_DYNAMIC_REFERENCE","0a0f28bb60f043d4b09a6bd0","process::DimUpdate - GL_Account","CREATES_ATTRIBUTE","attribute","attribute::GL_Account.Group Acct","tm1_ti_parser","AttrInsert","UNRESOLVED","1"
"UNRESOLVED_DYNAMIC_REFERENCE","0ce0d5a550c1d2f223bc203b","process::DimUpdate - GL_Account","WRITES_ATTRIBUTE","attribute","attribute::GL_Account.Group Acct","tm1_ti_parser","AttrPutS","UNRESOLVED","1"
"UNRESOLVED_DYNAMIC_REFERENCE","1da8c32cffaf1a0fb0355eff","process::DimUpdate - GL_Account","CREATES_ATTRIBUTE","attribute","attribute::GL_Account.Short Text","tm1_ti_parser","AttrInsert","UNRESOLVED","1"
"UNRESOLVED_DYNAMIC_REFERENCE","a8b842e82603f239a1fb4d25","process::DimUpdate - GL_Account","WRITES_ATTRIBUTE","attribute","attribute::GL_Account.Short Text","tm1_ti_parser","AttrPutS","UNRESOLVED","1"
"UNRESOLVED_DYNAMIC_REFERENCE","d1ca8b46d289882c8e4da5a2","process::DimUpdate - GL_Account","WRITES_ATTRIBUTE","attribute","attribute::GL_Account.TrPrt","tm1_ti_parser","AttrPutS","UNRESOLVED","1"
"UNRESOLVED_DYNAMIC_REFERENCE","665c606cd6aef27210ecd40b","process::DimUpdate - GL_Account","CREATES_ATTRIBUTE","attribute","attribute::GL_Account.TrPrt","tm1_ti_parser","AttrInsert","UNRESOLVED","1"
"UNRESOLVED_DYNAMIC_REFERENCE","a970bd80ce778cc5c3eed5f1","process::DimUpdate - Glenn Springs Order","CREATES_ATTRIBUTE","attribute","attribute::Glenn Springs Order.CAPTION","tm1_ti_parser","ATTRInsert","UNRESOLVED","1"
"UNRESOLVED_DYNAMIC_REFERENCE","3ceb53056e5e278677441d38","process::DimUpdate - Glenn Springs Order","CREATES_ATTRIBUTE","attribute","attribute::Glenn Springs Order.Change Date","tm1_ti_parser","ATTRInsert","UNRESOLVED","1"
"UNRESOLVED_DYNAMIC_REFERENCE","530e3d702bff7f0a4a1b37fc","process::DimUpdate - Glenn Springs Order","CREATES_ATTRIBUTE","attribute","attribute::Glenn Springs Order.CoCd","tm1_ti_parser","ATTRInsert","UNRESOLVED","1"
"UNRESOLVED_DYNAMIC_REFERENCE","2e7c2b66f8b338059f426599","process::DimUpdate - Glenn Springs Order","CREATES_ATTRIBUTE","attribute","attribute::Glenn Springs Order.Company Description","tm1_ti_parser","ATTRInsert","UNRESOLVED","1"
"UNRESOLVED_DYNAMIC_REFERENCE","20c8672757986d6f87dfb335","process::DimUpdate - Glenn Springs Order","CREATES_ATTRIBUTE","attribute","attribute::Glenn Springs Order.Cost Collector Key","tm1_ti_parser","ATTRInsert","UNRESOLVED","1"
"UNRESOLVED_DYNAMIC_REFERENCE","88b11873a47537cebb80b209","process::DimUpdate - Glenn Springs Order","CREATES_ATTRIBUTE","attribute","attribute::Glenn Springs Order.Crcy","tm1_ti_parser","ATTRInsert","UNRESOLVED","1"
"UNRESOLVED_DYNAMIC_REFERENCE","1a99f7473359a960005827ec","process::DimUpdate - Glenn Springs Order","CREATES_ATTRIBUTE","attribute","attribute::Glenn Springs Order.Created On","tm1_ti_parser","ATTRInsert","UNRESOLVED","1"
"UNRESOLVED_DYNAMIC_REFERENCE","b54380de442b9bcb1324cfbd","process::DimUpdate - Glenn Springs Order","READS_ATTRIBUTE","attribute","attribute::Glenn Springs Order.Description","tm1_ti_parser","ATTRS","UNRESOLVED","2"
"UNRESOLVED_DYNAMIC_REFERENCE","297e5a450891d7176fd451e1","process::DimUpdate - Glenn Springs Order","CREATES_ATTRIBUTE","attribute","attribute::Glenn Springs Order.Description","tm1_ti_parser","ATTRInsert","UNRESOLVED","1"
"UNRESOLVED_DYNAMIC_REFERENCE","09811226da88a5302fdc772f","process::DimUpdate - Glenn Springs Order","READS_ATTRIBUTE","attribute","attribute::Glenn Springs Order.Legacy","tm1_ti_parser","ATTRS","UNRESOLVED","1"
"UNRESOLVED_DYNAMIC_REFERENCE","2e2e1f32bfbe3429554dd00d","process::DimUpdate - Glenn Springs Order","CREATES_ATTRIBUTE","attribute","attribute::Glenn Springs Order.Legacy","tm1_ti_parser","ATTRInsert","UNRESOLVED","1"
"UNRESOLVED_DYNAMIC_REFERENCE","1967d9d0dc16116b3fbdf2c0","process::DimUpdate - Glenn Springs Order","CREATES_ATTRIBUTE","attribute","attribute::Glenn Springs Order.Object Number","tm1_ti_parser","ATTRInsert","UNRESOLVED","1"
"UNRESOLVED_DYNAMIC_REFERENCE","5c9915909883640d517f6182","process::DimUpdate - Glenn Springs Order","CREATES_ATTRIBUTE","attribute","attribute::Glenn Springs Order.Order","tm1_ti_parser","ATTRInsert","UNRESOLVED","1"
"UNRESOLVED_DYNAMIC_REFERENCE","b4d8c36c5a0e8217ceb048ef","process::DimUpdate - Glenn Springs Order","CREATES_ATTRIBUTE","attribute","attribute::Glenn Springs Order.Order Adj","tm1_ti_parser","ATTRInsert","UNRESOLVED","1"
"UNRESOLVED_DYNAMIC_REFERENCE","84820b6e5fe03693bc73f679","process::DimUpdate - Glenn Springs Order","CREATES_ATTRIBUTE","attribute","attribute::Glenn Springs Order.Plant","tm1_ti_parser","ATTRInsert","UNRESOLVED","1"
"UNRESOLVED_DYNAMIC_REFERENCE","a3541369f92832eee535bd17","process::DimUpdate - Glenn Springs Order","CREATES_ATTRIBUTE","attribute","attribute::Glenn Springs Order.Profit Ctr","tm1_ti_parser","ATTRInsert","UNRESOLVED","1"
"UNRESOLVED_DYNAMIC_REFERENCE","825fe7a33624dff8393bc755","process::DimUpdate - Glenn Springs Order","CREATES_ATTRIBUTE","attribute","attribute::Glenn Springs Order.Type","tm1_ti_parser","ATTRInsert","UNRESOLVED","1"
"UNRESOLVED_DYNAMIC_REFERENCE","f530d4599bfe2a4636098355","process::DimUpdate - Glenn Springs Order","CREATES_ATTRIBUTE","attribute","attribute::Glenn Springs Order.WBS Element","tm1_ti_parser","ATTRInsert","UNRESOLVED","1"
"UNRESOLVED_DYNAMIC_REFERENCE","2e45b5dcbbfdb64f7ca73330","process::DataUpdate - Cost Standards - KEPH","READS_ATTRIBUTE","attribute","attribute::KALNR.01 Costing Lot Size","tm1_ti_parser","CellGetS","UNRESOLVED","1"
"UNRESOLVED_DYNAMIC_REFERENCE","b458ff89885f5fddb0db9aef","process::DimUpdate - KALNR - KEKO","READS_ATTRIBUTE","attribute","attribute::KALNR.01 Last Load Date","tm1_ti_parser","CellGetS","UNRESOLVED","1"
"UNRESOLVED_DYNAMIC_REFERENCE","dc76e729365619d38a9600e9","process::DataUpdate - Cost Standards - KEPH","READS_ATTRIBUTE","attribute","attribute::KALNR.01 Material UOM","tm1_ti_parser","CellGetS","UNRESOLVED","1"
"UNRESOLVED_DYNAMIC_REFERENCE","859eb7c0db0b32c3f5efde88","process::DimUpdate - KALNR","CREATES_ATTRIBUTE","attribute","attribute::KALNR.BKLAS","tm1_ti_parser","AttrInsert","UNRESOLVED","1"
"UNRESOLVED_DYNAMIC_REFERENCE","4abecac62f982a83b680c375","process::DimUpdate - KALNR","WRITES_ATTRIBUTE","attribute","attribute::KALNR.BKLAS","tm1_ti_parser","AttrPutS","UNRESOLVED","1"
"UNRESOLVED_DYNAMIC_REFERENCE","2f2bae83fe34979d6813c479","process::DimUpdate_KALNR","CREATES_ATTRIBUTE","attribute","attribute::KALNR.BKLAS","tm1_ti_parser","AttrInsert","UNRESOLVED","1"
"UNRESOLVED_DYNAMIC_REFERENCE","d42d13578e166202bd587b3c","process::DimUpdate_KALNR","WRITES_ATTRIBUTE","attribute","attribute::KALNR.BKLAS","tm1_ti_parser","AttrPutS","UNRESOLVED","1"
"UNRESOLVED_DYNAMIC_REFERENCE","6a81257b46b0e23b7f52d187","process::DimUpdate - KALNR","CREATES_ATTRIBUTE","attribute","attribute::KALNR.BWTAR","tm1_ti_parser","AttrInsert","UNRESOLVED","1"
"UNRESOLVED_DYNAMIC_REFERENCE","b718ecfeb0b37930295636e8","process::DimUpdate - KALNR","WRITES_ATTRIBUTE","attribute","attribute::KALNR.BWTAR","tm1_ti_parser","AttrPutS","UNRESOLVED","1"
"UNRESOLVED_DYNAMIC_REFERENCE","2689e6621e3e1a134aedf30f","process::DimUpdate_KALNR","CREATES_ATTRIBUTE","attribute","attribute::KALNR.BWTAR","tm1_ti_parser","AttrInsert","UNRESOLVED","1"
"UNRESOLVED_DYNAMIC_REFERENCE","ce1f483438c1ab82b7a5ab43","process::DimUpdate_KALNR","WRITES_ATTRIBUTE","attribute","attribute::KALNR.BWTAR","tm1_ti_parser","AttrPutS","UNRESOLVED","1"
"UNRESOLVED_DYNAMIC_REFERENCE","a85d31e7b78aa411a10a95c3","process::DataUpdate - Cost Standards - KEPH","READS_ATTRIBUTE","attribute","attribute::KALNR.Material","tm1_ti_parser","CellGetS","UNRESOLVED","1"
"UNRESOLVED_DYNAMIC_REFERENCE","16d7c56dbe6d8314cdcaab69","process::DataUpdate - Material Ledger - Beginning and Ending Inventory - Average Price Materials","READS_ATTRIBUTE","attribute","attribute::KALNR.Material","tm1_ti_parser","ATTRS","UNRESOLVED","1"
"UNRESOLVED_DYNAMIC_REFERENCE","46ab695e76722f1bd0dfeb48","process::DimUpdate - KALNR","CREATES_ATTRIBUTE","attribute","attribute::KALNR.Material","tm1_ti_parser","AttrInsert","UNRESOLVED","1"
"UNRESOLVED_DYNAMIC_REFERENCE","0a3f3d93c03c0a5c15c072f4","process::DimUpdate - KALNR","WRITES_ATTRIBUTE","attribute","attribute::KALNR.Material","tm1_ti_parser","AttrPutS","UNRESOLVED","1"
"UNRESOLVED_DYNAMIC_REFERENCE","7f0f58c5a8edefdc74878189","process::DimUpdate_KALNR","CREATES_ATTRIBUTE","attribute","attribute::KALNR.Material","tm1_ti_parser","AttrInsert","UNRESOLVED","1"
"UNRESOLVED_DYNAMIC_REFERENCE","ebffad7d16fda5cff2e4c118","process::DimUpdate_KALNR","WRITES_ATTRIBUTE","attribute","attribute::KALNR.Material","tm1_ti_parser","AttrPutS","UNRESOLVED","1"
"UNRESOLVED_DYNAMIC_REFERENCE","d05737e337cdf2b841c681a0","process::DimUpdate - KALNR","CREATES_ATTRIBUTE","attribute","attribute::KALNR.MEINS","tm1_ti_parser","AttrInsert","UNRESOLVED","1"
"UNRESOLVED_DYNAMIC_REFERENCE","6ffe187ae42474cb912bb67c","process::DimUpdate - KALNR","WRITES_ATTRIBUTE","attribute","attribute::KALNR.MEINS","tm1_ti_parser","AttrPutS","UNRESOLVED","1"
"UNRESOLVED_DYNAMIC_REFERENCE","f4d37285eb68803178d67e26","process::DimUpdate_KALNR","CREATES_ATTRIBUTE","attribute","attribute::KALNR.MEINS","tm1_ti_parser","AttrInsert","UNRESOLVED","1"
"UNRESOLVED_DYNAMIC_REFERENCE","21abd5c2dabe471458d4ed5f","process::DimUpdate_KALNR","WRITES_ATTRIBUTE","attribute","attribute::KALNR.MEINS","tm1_ti_parser","AttrPutS","UNRESOLVED","1"
"UNRESOLVED_DYNAMIC_REFERENCE","f43680bb1cf05b962e2cd7cc","process::DataUpdate - Material Ledger - Beginning and Ending Inventory - Average Price Materials","READS_ATTRIBUTE","attribute","attribute::KALNR.MLAST","tm1_ti_parser","ATTRS","UNRESOLVED","1"
"UNRESOLVED_DYNAMIC_REFERENCE","924a520afa298e0a054197b3","process::DimUpdate - KALNR","CREATES_ATTRIBUTE","attribute","attribute::KALNR.MTART","tm1_ti_parser","AttrInsert","UNRESOLVED","1"
"UNRESOLVED_DYNAMIC_REFERENCE","98f6107500230ac657a7b291","process::DimUpdate - KALNR","WRITES_ATTRIBUTE","attribute","attribute::KALNR.MTART","tm1_ti_parser","AttrPutS","UNRESOLVED","1"
"UNRESOLVED_DYNAMIC_REFERENCE","86c5b4d198b0bed9aa085ea6","process::DimUpdate_KALNR","WRITES_ATTRIBUTE","attribute","attribute::KALNR.MTART","tm1_ti_parser","AttrPutS","UNRESOLVED","1"
"UNRESOLVED_DYNAMIC_REFERENCE","acd2796b236f761ed0b642cc","process::DimUpdate_KALNR","CREATES_ATTRIBUTE","attribute","attribute::KALNR.MTART","tm1_ti_parser","AttrInsert","UNRESOLVED","1"
"UNRESOLVED_DYNAMIC_REFERENCE","8fa8a9dbacdca62a1921001b","process::DataUpdate - Cost Standards - KEPH","READS_ATTRIBUTE","attribute","attribute::KALNR.Plant","tm1_ti_parser","CellGetS","UNRESOLVED","1"
"UNRESOLVED_DYNAMIC_REFERENCE","e003f5001a18efbd2cf83e58","process::DataUpdate - Material Ledger - Beginning and Ending Inventory - Average Price Materials","READS_ATTRIBUTE","attribute","attribute::KALNR.Plant","tm1_ti_parser","ATTRS","UNRESOLVED","1"
"UNRESOLVED_DYNAMIC_REFERENCE","7c71bfa341a87cd349e51385","process::DimUpdate - KALNR","CREATES_ATTRIBUTE","attribute","attribute::KALNR.Plant","tm1_ti_parser","AttrInsert","UNRESOLVED","1"
"UNRESOLVED_DYNAMIC_REFERENCE","8b9048cd14e8ec38eed60f60","process::DimUpdate - KALNR","WRITES_ATTRIBUTE","attribute","attribute::KALNR.Plant","tm1_ti_parser","AttrPutS","UNRESOLVED","1"
"UNRESOLVED_DYNAMIC_REFERENCE","dd504dd30163666dd5d76a49","process::DimUpdate_KALNR","WRITES_ATTRIBUTE","attribute","attribute::KALNR.Plant","tm1_ti_parser","AttrPutS","UNRESOLVED","1"
"UNRESOLVED_DYNAMIC_REFERENCE","0e8c4d969a93c2f2a3fab2a9","process::DimUpdate_KALNR","CREATES_ATTRIBUTE","attribute","attribute::KALNR.Plant","tm1_ti_parser","AttrInsert","UNRESOLVED","1"
"UNRESOLVED_DYNAMIC_REFERENCE","9918631fd039f61bdd42832f","process::DataUpdate - Cost Standards - KEPH","READS_ATTRIBUTE","attribute","attribute::KALNR.Price Units","tm1_ti_parser","CellGetS","UNRESOLVED","2"
"UNRESOLVED_DYNAMIC_REFERENCE","d44235f92e4c9a46bd13353f","process::DataUpdate - Cost Standards - KEPH","READS_ATTRIBUTE","attribute","attribute::KALNR.Profit Center","tm1_ti_parser","CellGetS","UNRESOLVED","1"
"UNRESOLVED_DYNAMIC_REFERENCE","0613064703d74e82f2317ce2","process::DataUpdate - Material Ledger - Beginning and Ending Inventory - Average Price Materials","READS_ATTRIBUTE","attribute","attribute::KALNR.Profit Center","tm1_ti_parser","ATTRS","UNRESOLVED","1"
"UNRESOLVED_DYNAMIC_REFERENCE","6b59b45b98ca7fbf29172af6","process::DimUpdate - KALNR","WRITES_ATTRIBUTE","attribute","attribute::KALNR.Profit Center","tm1_ti_parser","AttrPutS","UNRESOLVED","1"
"UNRESOLVED_DYNAMIC_REFERENCE","7320b29a347e058499a6a183","process::DimUpdate - KALNR","CREATES_ATTRIBUTE","attribute","attribute::KALNR.Profit Center","tm1_ti_parser","AttrInsert","UNRESOLVED","1"
"UNRESOLVED_DYNAMIC_REFERENCE","30864dd359c3e553972061da","process::DimUpdate_KALNR","CREATES_ATTRIBUTE","attribute","attribute::KALNR.Profit Center","tm1_ti_parser","AttrInsert","UNRESOLVED","1"
"UNRESOLVED_DYNAMIC_REFERENCE","82ef9b467e70eb41d384ee2a","process::DimUpdate_KALNR","WRITES_ATTRIBUTE","attribute","attribute::KALNR.Profit Center","tm1_ti_parser","AttrPutS","UNRESOLVED","1"
"UNRESOLVED_DYNAMIC_REFERENCE","21f1c42fc787f0e56fe30815","process::DataUpdate - Material Ledger - Beginning and Ending Inventory - Average Price Materials","READS_ATTRIBUTE","attribute","attribute::KALNR.VPRSV","tm1_ti_parser","ATTRS","UNRESOLVED","1"
"UNRESOLVED_DYNAMIC_REFERENCE","921d5275ab5363d087e339b7","process::DimUpdate - KALNR","CREATES_ATTRIBUTE","attribute","attribute::KALNR.VPRSV","tm1_ti_parser","AttrInsert","UNRESOLVED","1"
"UNRESOLVED_DYNAMIC_REFERENCE","711fb75a738677cc8e5aefa1","process::DimUpdate - KALNR","WRITES_ATTRIBUTE","attribute","attribute::KALNR.VPRSV","tm1_ti_parser","AttrPutS","UNRESOLVED","1"
"UNRESOLVED_DYNAMIC_REFERENCE","055284ebf7178d71a0030064","process::DimUpdate_KALNR","CREATES_ATTRIBUTE","attribute","attribute::KALNR.VPRSV","tm1_ti_parser","AttrInsert","UNRESOLVED","1"
"UNRESOLVED_DYNAMIC_REFERENCE","b8e8811c4d307ecbd08d5856","process::DimUpdate_KALNR","WRITES_ATTRIBUTE","attribute","attribute::KALNR.VPRSV","tm1_ti_parser","AttrPutS","UNRESOLVED","1"
"UNRESOLVED_DYNAMIC_REFERENCE","363361f110ba7acb0741211a","process::DataUpdate - Cost Standards - KEPH","READS_ATTRIBUTE","attribute","attribute::KALNR.Z1 Costing Lot Size","tm1_ti_parser","CellGetS","UNRESOLVED","1"
"UNRESOLVED_DYNAMIC_REFERENCE","377c154adb58062ebd99d97a","process::DimUpdate - KALNR - KEKO","READS_ATTRIBUTE","attribute","attribute::KALNR.Z1 Last Load Date","tm1_ti_parser","CellGetS","UNRESOLVED","1"
"UNRESOLVED_DYNAMIC_REFERENCE","73ebd5e115085320cd848518","process::DataUpdate - Cost Standards - KEPH","READS_ATTRIBUTE","attribute","attribute::KALNR.Z1 Material UOM","tm1_ti_parser","CellGetS","UNRESOLVED","1"
"UNRESOLVED_DYNAMIC_REFERENCE","e5e09b49809f0cc1c672b230","process::DataUpdate - Material Ledger - Consumption - All Other","WRITES_ATTRIBUTE","attribute","attribute::Material Ledger Document.Account Determination","tm1_ti_parser","AttrPutS","UNRESOLVED","1"
"UNRESOLVED_DYNAMIC_REFERENCE","02a970ee488f225f5ba80b86","process::DataUpdate - Material Ledger - Consumption - All Other","CREATES_ATTRIBUTE","attribute","attribute::Material Ledger Document.Account Determination","tm1_ti_parser","attrinsert","UNRESOLVED","1"
"UNRESOLVED_DYNAMIC_REFERENCE","14bbffe519d87590074592de","process::DataUpdate - Material Ledger - Consumption - Production","CREATES_ATTRIBUTE","attribute","attribute::Material Ledger Document.Account Determination","tm1_ti_parser","attrinsert","UNRESOLVED","1"
"UNRESOLVED_DYNAMIC_REFERENCE","6b67b3bc869996a3f96d1863","process::DataUpdate - Material Ledger - Consumption - Production","WRITES_ATTRIBUTE","attribute","attribute::Material Ledger Document.Account Determination","tm1_ti_parser","AttrPutS","UNRESOLVED","1"
"UNRESOLVED_DYNAMIC_REFERENCE","0c5a0909de3d29da8798e1c7","process::DataUpdate - Material Ledger - Consumption - Sales","CREATES_ATTRIBUTE","attribute","attribute::Material Ledger Document.Account Determination","tm1_ti_parser","attrinsert","UNRESOLVED","1"
"UNRESOLVED_DYNAMIC_REFERENCE","a1c6c142c181eb32bd6e9673","process::DataUpdate - Material Ledger - Consumption - Sales","WRITES_ATTRIBUTE","attribute","attribute::Material Ledger Document.Account Determination","tm1_ti_parser","AttrPutS","UNRESOLVED","1"
"UNRESOLVED_DYNAMIC_REFERENCE","6e089c7de5c3dea33c9d95f0","process::DataUpdate - Material Ledger - Consumption - Transfers","WRITES_ATTRIBUTE","attribute","attribute::Material Ledger Document.Account Determination","tm1_ti_parser","AttrPutS","UNRESOLVED","1"
"UNRESOLVED_DYNAMIC_REFERENCE","3e6ed426fc19b6cfe01656df","process::DataUpdate - Material Ledger - Consumption - Transfers","CREATES_ATTRIBUTE","attribute","attribute::Material Ledger Document.Account Determination","tm1_ti_parser","attrinsert","UNRESOLVED","1"
"UNRESOLVED_DYNAMIC_REFERENCE","4c4ac897e73ae5c10fcdde31","process::DataUpdate - Material Ledger - Receipts - All other","WRITES_ATTRIBUTE","attribute","attribute::Material Ledger Document.Account Determination","tm1_ti_parser","AttrPutS","UNRESOLVED","1"
"UNRESOLVED_DYNAMIC_REFERENCE","7fe328b3cc3cca8ca23f2ec4","process::DataUpdate - Material Ledger - Receipts - All other","CREATES_ATTRIBUTE","attribute","attribute::Material Ledger Document.Account Determination","tm1_ti_parser","attrinsert","UNRESOLVED","1"
"UNRESOLVED_DYNAMIC_REFERENCE","af6c808c3267416a15de4a18","process::DataUpdate - Material Ledger - Receipts - External Procured Receipts","CREATES_ATTRIBUTE","attribute","attribute::Material Ledger Document.Account Determination","tm1_ti_parser","attrinsert","UNRESOLVED","1"
"UNRESOLVED_DYNAMIC_REFERENCE","bd7cfa2ab24d5aadfee7c022","process::DataUpdate - Material Ledger - Receipts - External Procured Receipts","WRITES_ATTRIBUTE","attribute","attribute::Material Ledger Document.Account Determination","tm1_ti_parser","AttrPutS","UNRESOLVED","1"
"UNRESOLVED_DYNAMIC_REFERENCE","04124ca58ed8c06d016bcbfc","process::DataUpdate - Material Ledger - Receipts - Production","CREATES_ATTRIBUTE","attribute","attribute::Material Ledger Document.Account Determination","tm1_ti_parser","attrinsert","UNRESOLVED","1"
"UNRESOLVED_DYNAMIC_REFERENCE","088369b05d3183910d5dff6d","process::DataUpdate - Material Ledger - Receipts - Production","WRITES_ATTRIBUTE","attribute","attribute::Material Ledger Document.Account Determination","tm1_ti_parser","AttrPutS","UNRESOLVED","1"
"UNRESOLVED_DYNAMIC_REFERENCE","2f56d816ba8280cf393a7f37","process::DataUpdate - Material Ledger - Receipts - Transfer Posting","WRITES_ATTRIBUTE","attribute","attribute::Material Ledger Document.Account Determination","tm1_ti_parser","AttrPutS","UNRESOLVED","1"
"UNRESOLVED_DYNAMIC_REFERENCE","2c8ba634fa28386e1a7c2edd","process::DataUpdate - Material Ledger - Receipts - Transfer Posting","CREATES_ATTRIBUTE","attribute","attribute::Material Ledger Document.Account Determination","tm1_ti_parser","attrinsert","UNRESOLVED","1"
"UNRESOLVED_DYNAMIC_REFERENCE","e4b80c01191d5a280465f33e","process::DataUpdate - Material Ledger - Revaluation - All Other","WRITES_ATTRIBUTE","attribute","attribute::Material Ledger Document.Account Determination","tm1_ti_parser","AttrPutS","UNRESOLVED","1"
"UNRESOLVED_DYNAMIC_REFERENCE","3074d68c946aa1ac73b01163","process::DataUpdate - Material Ledger - Revaluation - All Other","CREATES_ATTRIBUTE","attribute","attribute::Material Ledger Document.Account Determination","tm1_ti_parser","attrinsert","UNRESOLVED","1"
"UNRESOLVED_DYNAMIC_REFERENCE","34eb7bd951cd4e110f0d156d","process::DataUpdate - Material Ledger - Revaluation - Change in Material Price","CREATES_ATTRIBUTE","attribute","attribute::Material Ledger Document.Account Determination","tm1_ti_parser","attrinsert","UNRESOLVED","1"
"UNRESOLVED_DYNAMIC_REFERENCE","f41b828e77919281ce802f55","process::DataUpdate - Material Ledger - Revaluation - Change in Material Price","WRITES_ATTRIBUTE","attribute","attribute::Material Ledger Document.Account Determination","tm1_ti_parser","AttrPutS","UNRESOLVED","1"
"UNRESOLVED_DYNAMIC_REFERENCE","0cf2c5bce507cc4da1c0acba","process::DataUpdate - Material Ledger - Revaluation - External Procured Receipts","CREATES_ATTRIBUTE","attribute","attribute::Material Ledger Document.Account Determination","tm1_ti_parser","attrinsert","UNRESOLVED","1"
"UNRESOLVED_DYNAMIC_REFERENCE","2ff3693db1333908c543cc7d","process::DataUpdate - Material Ledger - Revaluation - External Procured Receipts","WRITES_ATTRIBUTE","attribute","attribute::Material Ledger Document.Account Determination","tm1_ti_parser","AttrPutS","UNRESOLVED","1"
"UNRESOLVED_DYNAMIC_REFERENCE","3714ee33d74b0d64e9f8f4a6","process::DataUpdate - Material Ledger - Revaluation - Production","WRITES_ATTRIBUTE","attribute","attribute::Material Ledger Document.Account Determination","tm1_ti_parser","AttrPutS","UNRESOLVED","1"
"UNRESOLVED_DYNAMIC_REFERENCE","3748109331e3818b4dc614d5","process::DataUpdate - Material Ledger - Revaluation - Production","CREATES_ATTRIBUTE","attribute","attribute::Material Ledger Document.Account Determination","tm1_ti_parser","attrinsert","UNRESOLVED","1"
"UNRESOLVED_DYNAMIC_REFERENCE","76d030cf8f99955c128f3deb","process::DataUpdate - Material Ledger - Revaluation - Production Consumption","WRITES_ATTRIBUTE","attribute","attribute::Material Ledger Document.Account Determination","tm1_ti_parser","AttrPutS","UNRESOLVED","1"
"UNRESOLVED_DYNAMIC_REFERENCE","a3b65bf0e068314ff9ce2603","process::DataUpdate - Material Ledger - Revaluation - Production Consumption","CREATES_ATTRIBUTE","attribute","attribute::Material Ledger Document.Account Determination","tm1_ti_parser","attrinsert","UNRESOLVED","1"
"UNRESOLVED_DYNAMIC_REFERENCE","4b57d405af16b79ba5b5d18b","process::DataUpdate - Material Ledger - Revaluation - Sales","WRITES_ATTRIBUTE","attribute","attribute::Material Ledger Document.Account Determination","tm1_ti_parser","AttrPutS","UNRESOLVED","1"
"UNRESOLVED_DYNAMIC_REFERENCE","752f4d55bda8dbb1eed011d0","process::DataUpdate - Material Ledger - Revaluation - Sales","CREATES_ATTRIBUTE","attribute","attribute::Material Ledger Document.Account Determination","tm1_ti_parser","attrinsert","UNRESOLVED","1"
"UNRESOLVED_DYNAMIC_REFERENCE","0889dbe985ecb8a1ec8fa707","process::DataUpdate - Material Ledger - Revaluation - Transfer Posting","WRITES_ATTRIBUTE","attribute","attribute::Material Ledger Document.Account Determination","tm1_ti_parser","AttrPutS","UNRESOLVED","1"
"UNRESOLVED_DYNAMIC_REFERENCE","3b9880d16ff7ac154cc43e72","process::DataUpdate - Material Ledger - Revaluation - Transfer Posting","CREATES_ATTRIBUTE","attribute","attribute::Material Ledger Document.Account Determination","tm1_ti_parser","attrinsert","UNRESOLVED","1"
"UNRESOLVED_DYNAMIC_REFERENCE","11767ba48b4904873ff1b48d","process::DataUpdate - Material Ledger - Revaluation - Transfers Out","CREATES_ATTRIBUTE","attribute","attribute::Material Ledger Document.Account Determination","tm1_ti_parser","attrinsert","UNRESOLVED","1"
"UNRESOLVED_DYNAMIC_REFERENCE","be6f941c8c6470e114127d5b","process::DataUpdate - Material Ledger - Revaluation - Transfers Out","WRITES_ATTRIBUTE","attribute","attribute::Material Ledger Document.Account Determination","tm1_ti_parser","AttrPutS","UNRESOLVED","1"
"UNRESOLVED_DYNAMIC_REFERENCE","87bd4b9448c0d77d598f5a44","process::DataUpdate - Material Ledger - Beginning and Ending Inventory","WRITES_ATTRIBUTE","attribute","attribute::Material Ledger Document.Alternative Process","tm1_ti_parser","AttrPutS","UNRESOLVED","1"
"UNRESOLVED_DYNAMIC_REFERENCE","5dbc2a63dc0e1b8f60db597d","process::DataUpdate - Material Ledger - Beginning and Ending Inventory","CREATES_ATTRIBUTE","attribute","attribute::Material Ledger Document.Alternative Process","tm1_ti_parser","attrinsert","UNRESOLVED","1"
"UNRESOLVED_DYNAMIC_REFERENCE","e83a1bf6e8522c32a8069420","process::DataUpdate - Material Ledger - Consumption - All Other","CREATES_ATTRIBUTE","attribute","attribute::Material Ledger Document.Alternative Process","tm1_ti_parser","attrinsert","UNRESOLVED","1"
"UNRESOLVED_DYNAMIC_REFERENCE","3fdc4b78d3704152ab0ef5be","process::DataUpdate - Material Ledger - Consumption - All Other","WRITES_ATTRIBUTE","attribute","attribute::Material Ledger Document.Alternative Process","tm1_ti_parser","AttrPutS","UNRESOLVED","1"
"UNRESOLVED_DYNAMIC_REFERENCE","16d1dc1def442a4406ad4652","process::DataUpdate - Material Ledger - Consumption - Production","CREATES_ATTRIBUTE","attribute","attribute::Material Ledger Document.Alternative Process","tm1_ti_parser","attrinsert","UNRESOLVED","1"
"UNRESOLVED_DYNAMIC_REFERENCE","b7fb05dd1c0246b6c2eeca67","process::DataUpdate - Material Ledger - Consumption - Production","WRITES_ATTRIBUTE","attribute","attribute::Material Ledger Document.Alternative Process","tm1_ti_parser","AttrPutS","UNRESOLVED","1"
"UNRESOLVED_DYNAMIC_REFERENCE","cfd69f95f97c2d782449f6e4","process::DataUpdate - Material Ledger - Consumption - Sales","WRITES_ATTRIBUTE","attribute","attribute::Material Ledger Document.Alternative Process","tm1_ti_parser","AttrPutS","UNRESOLVED","1"
"UNRESOLVED_DYNAMIC_REFERENCE","cc69b6aefecf67dec53c66dd","process::DataUpdate - Material Ledger - Consumption - Sales","CREATES_ATTRIBUTE","attribute","attribute::Material Ledger Document.Alternative Process","tm1_ti_parser","attrinsert","UNRESOLVED","1"
"UNRESOLVED_DYNAMIC_REFERENCE","bf70822342657e3a2c46a8d3","process::DataUpdate - Material Ledger - Consumption - Transfers","CREATES_ATTRIBUTE","attribute","attribute::Material Ledger Document.Alternative Process","tm1_ti_parser","attrinsert","UNRESOLVED","1"
"UNRESOLVED_DYNAMIC_REFERENCE","18a6593e28b4f486a8c9e80f","process::DataUpdate - Material Ledger - Consumption - Transfers","WRITES_ATTRIBUTE","attribute","attribute::Material Ledger Document.Alternative Process","tm1_ti_parser","AttrPutS","UNRESOLVED","1"
"UNRESOLVED_DYNAMIC_REFERENCE","9360c44e349cf8b9981e24b8","process::DataUpdate - Material Ledger - Receipts - All other","WRITES_ATTRIBUTE","attribute","attribute::Material Ledger Document.Alternative Process","tm1_ti_parser","AttrPutS","UNRESOLVED","1"
"UNRESOLVED_DYNAMIC_REFERENCE","f93a65ec7be91cc7df150525","process::DataUpdate - Material Ledger - Receipts - All other","CREATES_ATTRIBUTE","attribute","attribute::Material Ledger Document.Alternative Process","tm1_ti_parser","attrinsert","UNRESOLVED","1"
"UNRESOLVED_DYNAMIC_REFERENCE","270b9296b9deacbf277dc6dc","process::DataUpdate - Material Ledger - Receipts - External Procured Receipts","WRITES_ATTRIBUTE","attribute","attribute::Material Ledger Document.Alternative Process","tm1_ti_parser","AttrPutS","UNRESOLVED","1"
"UNRESOLVED_DYNAMIC_REFERENCE","3ac4e187f008794fa0ca769d","process::DataUpdate - Material Ledger - Receipts - External Procured Receipts","CREATES_ATTRIBUTE","attribute","attribute::Material Ledger Document.Alternative Process","tm1_ti_parser","attrinsert","UNRESOLVED","1"
"UNRESOLVED_DYNAMIC_REFERENCE","b26cc3eb61db2dd80e231524","process::DataUpdate - Material Ledger - Receipts - Production","WRITES_ATTRIBUTE","attribute","attribute::Material Ledger Document.Alternative Process","tm1_ti_parser","AttrPutS","UNRESOLVED","1"
"UNRESOLVED_DYNAMIC_REFERENCE","53ca53762d3218ad3750b7ae","process::DataUpdate - Material Ledger - Receipts - Production","CREATES_ATTRIBUTE","attribute","attribute::Material Ledger Document.Alternative Process","tm1_ti_parser","attrinsert","UNRESOLVED","1"
"UNRESOLVED_DYNAMIC_REFERENCE","6f510bc9172af417955ec43f","process::DataUpdate - Material Ledger - Receipts - Transfer Posting","CREATES_ATTRIBUTE","attribute","attribute::Material Ledger Document.Alternative Process","tm1_ti_parser","attrinsert","UNRESOLVED","1"
"UNRESOLVED_DYNAMIC_REFERENCE","2deb7b6d1682f6cf8b8025c9","process::DataUpdate - Material Ledger - Receipts - Transfer Posting","WRITES_ATTRIBUTE","attribute","attribute::Material Ledger Document.Alternative Process","tm1_ti_parser","AttrPutS","UNRESOLVED","1"
"UNRESOLVED_DYNAMIC_REFERENCE","4d9c6bf74cec93aca4c549c5","process::DataUpdate - Material Ledger - Revaluation - All Other","CREATES_ATTRIBUTE","attribute","attribute::Material Ledger Document.Alternative Process","tm1_ti_parser","attrinsert","UNRESOLVED","1"
"UNRESOLVED_DYNAMIC_REFERENCE","9ef63d02e5be0a09a4a70fa7","process::DataUpdate - Material Ledger - Revaluation - All Other","WRITES_ATTRIBUTE","attribute","attribute::Material Ledger Document.Alternative Process","tm1_ti_parser","AttrPutS","UNRESOLVED","1"
"UNRESOLVED_DYNAMIC_REFERENCE","5d76f9348ad53d428d0888fa","process::DataUpdate - Material Ledger - Revaluation - Change in Material Price","WRITES_ATTRIBUTE","attribute","attribute::Material Ledger Document.Alternative Process","tm1_ti_parser","AttrPutS","UNRESOLVED","1"
"UNRESOLVED_DYNAMIC_REFERENCE","7b6790a83a447294ec895655","process::DataUpdate - Material Ledger - Revaluation - Change in Material Price","CREATES_ATTRIBUTE","attribute","attribute::Material Ledger Document.Alternative Process","tm1_ti_parser","attrinsert","UNRESOLVED","1"
"UNRESOLVED_DYNAMIC_REFERENCE","8b4d0a25901aa09ead3f2689","process::DataUpdate - Material Ledger - Revaluation - External Procured Receipts","WRITES_ATTRIBUTE","attribute","attribute::Material Ledger Document.Alternative Process","tm1_ti_parser","AttrPutS","UNRESOLVED","1"
"UNRESOLVED_DYNAMIC_REFERENCE","4dc565a301124d12d0bd4672","process::DataUpdate - Material Ledger - Revaluation - External Procured Receipts","CREATES_ATTRIBUTE","attribute","attribute::Material Ledger Document.Alternative Process","tm1_ti_parser","attrinsert","UNRESOLVED","1"
"UNRESOLVED_DYNAMIC_REFERENCE","c9370e13651667df7d982ca8","process::DataUpdate - Material Ledger - Revaluation - Production","WRITES_ATTRIBUTE","attribute","attribute::Material Ledger Document.Alternative Process","tm1_ti_parser","AttrPutS","UNRESOLVED","1"
"UNRESOLVED_DYNAMIC_REFERENCE","58a781f55c8e6badbe005c36","process::DataUpdate - Material Ledger - Revaluation - Production","CREATES_ATTRIBUTE","attribute","attribute::Material Ledger Document.Alternative Process","tm1_ti_parser","attrinsert","UNRESOLVED","1"
"UNRESOLVED_DYNAMIC_REFERENCE","0a9251f4b9db6ef9f0879260","process::DataUpdate - Material Ledger - Revaluation - Production Consumption","CREATES_ATTRIBUTE","attribute","attribute::Material Ledger Document.Alternative Process","tm1_ti_parser","attrinsert","UNRESOLVED","1"
"UNRESOLVED_DYNAMIC_REFERENCE","150336ac78cc25ebdce4f2cb","process::DataUpdate - Material Ledger - Revaluation - Production Consumption","WRITES_ATTRIBUTE","attribute","attribute::Material Ledger Document.Alternative Process","tm1_ti_parser","AttrPutS","UNRESOLVED","1"
"UNRESOLVED_DYNAMIC_REFERENCE","4f46b52a8fa4b7093285eca1","process::DataUpdate - Material Ledger - Revaluation - Sales","CREATES_ATTRIBUTE","attribute","attribute::Material Ledger Document.Alternative Process","tm1_ti_parser","attrinsert","UNRESOLVED","1"
"UNRESOLVED_DYNAMIC_REFERENCE","5e77c90624e5f28b26da70c6","process::DataUpdate - Material Ledger - Revaluation - Sales","WRITES_ATTRIBUTE","attribute","attribute::Material Ledger Document.Alternative Process","tm1_ti_parser","AttrPutS","UNRESOLVED","1"
"UNRESOLVED_DYNAMIC_REFERENCE","d271d37fc14bd121c920ecec","process::DataUpdate - Material Ledger - Revaluation - Transfer Posting","CREATES_ATTRIBUTE","attribute","attribute::Material Ledger Document.Alternative Process","tm1_ti_parser","attrinsert","UNRESOLVED","1"
"UNRESOLVED_DYNAMIC_REFERENCE","cd7b9abd725c4f2dcf42c272","process::DataUpdate - Material Ledger - Revaluation - Transfer Posting","WRITES_ATTRIBUTE","attribute","attribute::Material Ledger Document.Alternative Process","tm1_ti_parser","AttrPutS","UNRESOLVED","1"
"UNRESOLVED_DYNAMIC_REFERENCE","8feaa5b085f7fdcf9d6b2a4a","process::DataUpdate - Material Ledger - Revaluation - Transfers Out","WRITES_ATTRIBUTE","attribute","attribute::Material Ledger Document.Alternative Process","tm1_ti_parser","AttrPutS","UNRESOLVED","1"
"UNRESOLVED_DYNAMIC_REFERENCE","684829dd1caa6ed14902f20e","process::DataUpdate - Material Ledger - Revaluation - Transfers Out","CREATES_ATTRIBUTE","attribute","attribute::Material Ledger Document.Alternative Process","tm1_ti_parser","attrinsert","UNRESOLVED","1"
"UNRESOLVED_DYNAMIC_REFERENCE","443c5657d33ab535f10c1205","process::DataUpdate - Material Ledger - Beginning and Ending Inventory","CREATES_ATTRIBUTE","attribute","attribute::Material Ledger Document.Assignment Number","tm1_ti_parser","attrinsert","UNRESOLVED","1"
"UNRESOLVED_DYNAMIC_REFERENCE","8c9e53c0c4d20d2327c8252d","process::DataUpdate - Material Ledger - Beginning and Ending Inventory","WRITES_ATTRIBUTE","attribute","attribute::Material Ledger Document.Assignment Number","tm1_ti_parser","AttrPutS","UNRESOLVED","1"
"UNRESOLVED_DYNAMIC_REFERENCE","c5e90a37a3a15bb9d6ba3839","process::DataUpdate - Material Ledger - Consumption - All Other","WRITES_ATTRIBUTE","attribute","attribute::Material Ledger Document.Assignment Number","tm1_ti_parser","AttrPutS","UNRESOLVED","1"
"UNRESOLVED_DYNAMIC_REFERENCE","d73b69e4374f786d76d8137b","process::DataUpdate - Material Ledger - Consumption - All Other","CREATES_ATTRIBUTE","attribute","attribute::Material Ledger Document.Assignment Number","tm1_ti_parser","attrinsert","UNRESOLVED","1"
"UNRESOLVED_DYNAMIC_REFERENCE","a1318bf976cdf9f164d58208","process::DataUpdate - Material Ledger - Consumption - Production","CREATES_ATTRIBUTE","attribute","attribute::Material Ledger Document.Assignment Number","tm1_ti_parser","attrinsert","UNRESOLVED","1"
"UNRESOLVED_DYNAMIC_REFERENCE","309c15652293b796bc5ce77e","process::DataUpdate - Material Ledger - Consumption - Production","WRITES_ATTRIBUTE","attribute","attribute::Material Ledger Document.Assignment Number","tm1_ti_parser","AttrPutS","UNRESOLVED","1"
"UNRESOLVED_DYNAMIC_REFERENCE","97b507c74ab9d7da1945c184","process::DataUpdate - Material Ledger - Consumption - Sales","CREATES_ATTRIBUTE","attribute","attribute::Material Ledger Document.Assignment Number","tm1_ti_parser","attrinsert","UNRESOLVED","1"
"UNRESOLVED_DYNAMIC_REFERENCE","ba470e909f9999e6d4c81a5a","process::DataUpdate - Material Ledger - Consumption - Sales","WRITES_ATTRIBUTE","attribute","attribute::Material Ledger Document.Assignment Number","tm1_ti_parser","AttrPutS","UNRESOLVED","1"
"UNRESOLVED_DYNAMIC_REFERENCE","bdbf4fd75d065530a38c5049","process::DataUpdate - Material Ledger - Consumption - Transfers","WRITES_ATTRIBUTE","attribute","attribute::Material Ledger Document.Assignment Number","tm1_ti_parser","AttrPutS","UNRESOLVED","1"
"UNRESOLVED_DYNAMIC_REFERENCE","3fa12778fb6bd1d41f45afad","process::DataUpdate - Material Ledger - Consumption - Transfers","CREATES_ATTRIBUTE","attribute","attribute::Material Ledger Document.Assignment Number","tm1_ti_parser","attrinsert","UNRESOLVED","1"
"UNRESOLVED_DYNAMIC_REFERENCE","0d43f94d11435690cfdce83f","process::DataUpdate - Material Ledger - Receipts - All other","WRITES_ATTRIBUTE","attribute","attribute::Material Ledger Document.Assignment Number","tm1_ti_parser","AttrPutS","UNRESOLVED","1"
"UNRESOLVED_DYNAMIC_REFERENCE","684ac3c3a1b3dcd87f613554","process::DataUpdate - Material Ledger - Receipts - All other","CREATES_ATTRIBUTE","attribute","attribute::Material Ledger Document.Assignment Number","tm1_ti_parser","attrinsert","UNRESOLVED","1"
"UNRESOLVED_DYNAMIC_REFERENCE","afca888250983d88d5b9d3a1","process::DataUpdate - Material Ledger - Receipts - External Procured Receipts","CREATES_ATTRIBUTE","attribute","attribute::Material Ledger Document.Assignment Number","tm1_ti_parser","attrinsert","UNRESOLVED","1"
"UNRESOLVED_DYNAMIC_REFERENCE","cc8a1271617f2292b9bc23ae","process::DataUpdate - Material Ledger - Receipts - External Procured Receipts","WRITES_ATTRIBUTE","attribute","attribute::Material Ledger Document.Assignment Number","tm1_ti_parser","AttrPutS","UNRESOLVED","1"
"UNRESOLVED_DYNAMIC_REFERENCE","eb0468f7971129b5dcc225c8","process::DataUpdate - Material Ledger - Receipts - Production","WRITES_ATTRIBUTE","attribute","attribute::Material Ledger Document.Assignment Number","tm1_ti_parser","AttrPutS","UNRESOLVED","1"
"UNRESOLVED_DYNAMIC_REFERENCE","a7fd1d7c1f023ab50fd84e1d","process::DataUpdate - Material Ledger - Receipts - Production","CREATES_ATTRIBUTE","attribute","attribute::Material Ledger Document.Assignment Number","tm1_ti_parser","attrinsert","UNRESOLVED","1"
"UNRESOLVED_DYNAMIC_REFERENCE","dd1595740bdbb78d0fa07840","process::DataUpdate - Material Ledger - Receipts - Transfer Posting","CREATES_ATTRIBUTE","attribute","attribute::Material Ledger Document.Assignment Number","tm1_ti_parser","attrinsert","UNRESOLVED","1"
"UNRESOLVED_DYNAMIC_REFERENCE","31da89c1b7e81d5f9ae32c8b","process::DataUpdate - Material Ledger - Receipts - Transfer Posting","WRITES_ATTRIBUTE","attribute","attribute::Material Ledger Document.Assignment Number","tm1_ti_parser","AttrPutS","UNRESOLVED","1"
"UNRESOLVED_DYNAMIC_REFERENCE","2d50316512c978f1cfe3ac65","process::DataUpdate - Material Ledger - Revaluation - All Other","WRITES_ATTRIBUTE","attribute","attribute::Material Ledger Document.Assignment Number","tm1_ti_parser","AttrPutS","UNRESOLVED","1"
"UNRESOLVED_DYNAMIC_REFERENCE","a66993f83058a743e29096ee","process::DataUpdate - Material Ledger - Revaluation - All Other","CREATES_ATTRIBUTE","attribute","attribute::Material Ledger Document.Assignment Number","tm1_ti_parser","attrinsert","UNRESOLVED","1"
"UNRESOLVED_DYNAMIC_REFERENCE","71acd9713c705b2c09dcef61","process::DataUpdate - Material Ledger - Revaluation - Change in Material Price","WRITES_ATTRIBUTE","attribute","attribute::Material Ledger Document.Assignment Number","tm1_ti_parser","AttrPutS","UNRESOLVED","1"
"UNRESOLVED_DYNAMIC_REFERENCE","3b2b6962976db9004bb64246","process::DataUpdate - Material Ledger - Revaluation - Change in Material Price","CREATES_ATTRIBUTE","attribute","attribute::Material Ledger Document.Assignment Number","tm1_ti_parser","attrinsert","UNRESOLVED","1"
"UNRESOLVED_DYNAMIC_REFERENCE","7e75df03a19938e3edbfa503","process::DataUpdate - Material Ledger - Revaluation - External Procured Receipts","CREATES_ATTRIBUTE","attribute","attribute::Material Ledger Document.Assignment Number","tm1_ti_parser","attrinsert","UNRESOLVED","1"
"UNRESOLVED_DYNAMIC_REFERENCE","2a741a0e3c4b1855532fc872","process::DataUpdate - Material Ledger - Revaluation - External Procured Receipts","WRITES_ATTRIBUTE","attribute","attribute::Material Ledger Document.Assignment Number","tm1_ti_parser","AttrPutS","UNRESOLVED","1"
"UNRESOLVED_DYNAMIC_REFERENCE","a89988110ffde1c87a6e89a8","process::DataUpdate - Material Ledger - Revaluation - Production","CREATES_ATTRIBUTE","attribute","attribute::Material Ledger Document.Assignment Number","tm1_ti_parser","attrinsert","UNRESOLVED","1"
"UNRESOLVED_DYNAMIC_REFERENCE","9139f3a61abb601390ed29fb","process::DataUpdate - Material Ledger - Revaluation - Production","WRITES_ATTRIBUTE","attribute","attribute::Material Ledger Document.Assignment Number","tm1_ti_parser","AttrPutS","UNRESOLVED","1"
"UNRESOLVED_DYNAMIC_REFERENCE","7c6838831a4e0fe1accadaeb","process::DataUpdate - Material Ledger - Revaluation - Production Consumption","WRITES_ATTRIBUTE","attribute","attribute::Material Ledger Document.Assignment Number","tm1_ti_parser","AttrPutS","UNRESOLVED","1"
"UNRESOLVED_DYNAMIC_REFERENCE","02d09d9b14ef63c5258f4e46","process::DataUpdate - Material Ledger - Revaluation - Production Consumption","CREATES_ATTRIBUTE","attribute","attribute::Material Ledger Document.Assignment Number","tm1_ti_parser","attrinsert","UNRESOLVED","1"
"UNRESOLVED_DYNAMIC_REFERENCE","5849f2441a78cddf5b545a5d","process::DataUpdate - Material Ledger - Revaluation - Sales","CREATES_ATTRIBUTE","attribute","attribute::Material Ledger Document.Assignment Number","tm1_ti_parser","attrinsert","UNRESOLVED","1"
"UNRESOLVED_DYNAMIC_REFERENCE","a6376caebb139cf67c8aa779","process::DataUpdate - Material Ledger - Revaluation - Sales","WRITES_ATTRIBUTE","attribute","attribute::Material Ledger Document.Assignment Number","tm1_ti_parser","AttrPutS","UNRESOLVED","1"
"UNRESOLVED_DYNAMIC_REFERENCE","7ee76c71a4421be65687139c","process::DataUpdate - Material Ledger - Revaluation - Transfer Posting","CREATES_ATTRIBUTE","attribute","attribute::Material Ledger Document.Assignment Number","tm1_ti_parser","attrinsert","UNRESOLVED","1"
"UNRESOLVED_DYNAMIC_REFERENCE","f554e3161744630ea895d274","process::DataUpdate - Material Ledger - Revaluation - Transfer Posting","WRITES_ATTRIBUTE","attribute","attribute::Material Ledger Document.Assignment Number","tm1_ti_parser","AttrPutS","UNRESOLVED","1"
"UNRESOLVED_DYNAMIC_REFERENCE","c766f70e1d70c9989341bb0e","process::DataUpdate - Material Ledger - Revaluation - Transfers Out","CREATES_ATTRIBUTE","attribute","attribute::Material Ledger Document.Assignment Number","tm1_ti_parser","attrinsert","UNRESOLVED","1"
"UNRESOLVED_DYNAMIC_REFERENCE","f44806a4ceecf1a9215df63f","process::DataUpdate - Material Ledger - Revaluation - Transfers Out","WRITES_ATTRIBUTE","attribute","attribute::Material Ledger Document.Assignment Number","tm1_ti_parser","AttrPutS","UNRESOLVED","1"
"UNRESOLVED_DYNAMIC_REFERENCE","1afb3e4a3ebb347bf10c36d5","process::DataUpdate - Material Ledger - Beginning and Ending Inventory","CREATES_ATTRIBUTE","attribute","attribute::Material Ledger Document.Base UOM","tm1_ti_parser","attrinsert","UNRESOLVED","1"
"UNRESOLVED_DYNAMIC_REFERENCE","a5979edd38ee6ef0873c1778","process::DataUpdate - Material Ledger - Beginning and Ending Inventory","WRITES_ATTRIBUTE","attribute","attribute::Material Ledger Document.Base UOM","tm1_ti_parser","AttrPutS","UNRESOLVED","1"
"UNRESOLVED_DYNAMIC_REFERENCE","2590e85c69e8e972c34c0905","process::DataUpdate - Material Ledger - Consumption - All Other","WRITES_ATTRIBUTE","attribute","attribute::Material Ledger Document.Base UOM","tm1_ti_parser","AttrPutS","UNRESOLVED","1"
"UNRESOLVED_DYNAMIC_REFERENCE","c3072f80c9e23c55d9288668","process::DataUpdate - Material Ledger - Consumption - All Other","CREATES_ATTRIBUTE","attribute","attribute::Material Ledger Document.Base UOM","tm1_ti_parser","attrinsert","UNRESOLVED","1"
"UNRESOLVED_DYNAMIC_REFERENCE","9d48fe975f206cea3e6c0a15","process::DataUpdate - Material Ledger - Consumption - Production","WRITES_ATTRIBUTE","attribute","attribute::Material Ledger Document.Base UOM","tm1_ti_parser","AttrPutS","UNRESOLVED","1"
"UNRESOLVED_DYNAMIC_REFERENCE","a4ecb3cecac8a9d2991cb6f6","process::DataUpdate - Material Ledger - Consumption - Production","CREATES_ATTRIBUTE","attribute","attribute::Material Ledger Document.Base UOM","tm1_ti_parser","attrinsert","UNRESOLVED","1"
"UNRESOLVED_DYNAMIC_REFERENCE","2f987193c043bfe90bf3ceb9","process::DataUpdate - Material Ledger - Consumption - Sales","CREATES_ATTRIBUTE","attribute","attribute::Material Ledger Document.Base UOM","tm1_ti_parser","attrinsert","UNRESOLVED","1"
"UNRESOLVED_DYNAMIC_REFERENCE","dffa35b94c7db795eaa98f63","process::DataUpdate - Material Ledger - Consumption - Sales","WRITES_ATTRIBUTE","attribute","attribute::Material Ledger Document.Base UOM","tm1_ti_parser","AttrPutS","UNRESOLVED","1"
"UNRESOLVED_DYNAMIC_REFERENCE","ce8134d2f5ef5dd00703cf02","process::DataUpdate - Material Ledger - Consumption - Transfers","CREATES_ATTRIBUTE","attribute","attribute::Material Ledger Document.Base UOM","tm1_ti_parser","attrinsert","UNRESOLVED","1"
"UNRESOLVED_DYNAMIC_REFERENCE","068995f40a6cd690735cf34b","process::DataUpdate - Material Ledger - Consumption - Transfers","WRITES_ATTRIBUTE","attribute","attribute::Material Ledger Document.Base UOM","tm1_ti_parser","AttrPutS","UNRESOLVED","1"
"UNRESOLVED_DYNAMIC_REFERENCE","b615545102929fc1074a2c03","process::DataUpdate - Material Ledger - Receipts - All other","WRITES_ATTRIBUTE","attribute","attribute::Material Ledger Document.Base UOM","tm1_ti_parser","AttrPutS","UNRESOLVED","1"
"UNRESOLVED_DYNAMIC_REFERENCE","2256d822f98644c2f5ff82e8","process::DataUpdate - Material Ledger - Receipts - All other","CREATES_ATTRIBUTE","attribute","attribute::Material Ledger Document.Base UOM","tm1_ti_parser","attrinsert","UNRESOLVED","1"
"UNRESOLVED_DYNAMIC_REFERENCE","96d828be387dd309007e19b5","process::DataUpdate - Material Ledger - Receipts - External Procured Receipts","WRITES_ATTRIBUTE","attribute","attribute::Material Ledger Document.Base UOM","tm1_ti_parser","AttrPutS","UNRESOLVED","1"
"UNRESOLVED_DYNAMIC_REFERENCE","f77e85479575a75b0e030ed1","process::DataUpdate - Material Ledger - Receipts - External Procured Receipts","CREATES_ATTRIBUTE","attribute","attribute::Material Ledger Document.Base UOM","tm1_ti_parser","attrinsert","UNRESOLVED","1"
"UNRESOLVED_DYNAMIC_REFERENCE","4e3f2e69ef3ddb29d5390982","process::DataUpdate - Material Ledger - Receipts - Production","WRITES_ATTRIBUTE","attribute","attribute::Material Ledger Document.Base UOM","tm1_ti_parser","AttrPutS","UNRESOLVED","1"
"UNRESOLVED_DYNAMIC_REFERENCE","b6bf85988dd2f381618d1561","process::DataUpdate - Material Ledger - Receipts - Production","CREATES_ATTRIBUTE","attribute","attribute::Material Ledger Document.Base UOM","tm1_ti_parser","attrinsert","UNRESOLVED","1"
"UNRESOLVED_DYNAMIC_REFERENCE","2cac664e26970af012dcce6f","process::DataUpdate - Material Ledger - Receipts - Transfer Posting","CREATES_ATTRIBUTE","attribute","attribute::Material Ledger Document.Base UOM","tm1_ti_parser","attrinsert","UNRESOLVED","1"
"UNRESOLVED_DYNAMIC_REFERENCE","e84c942ebc0c4e4e6530bb15","process::DataUpdate - Material Ledger - Receipts - Transfer Posting","WRITES_ATTRIBUTE","attribute","attribute::Material Ledger Document.Base UOM","tm1_ti_parser","AttrPutS","UNRESOLVED","1"
"UNRESOLVED_DYNAMIC_REFERENCE","090a656cad1df3e0eff57d99","process::DataUpdate - Material Ledger - Revaluation - All Other","WRITES_ATTRIBUTE","attribute","attribute::Material Ledger Document.Base UOM","tm1_ti_parser","AttrPutS","UNRESOLVED","1"
"UNRESOLVED_DYNAMIC_REFERENCE","55464498dfea2e99fabd1f78","process::DataUpdate - Material Ledger - Revaluation - All Other","CREATES_ATTRIBUTE","attribute","attribute::Material Ledger Document.Base UOM","tm1_ti_parser","attrinsert","UNRESOLVED","1"
"UNRESOLVED_DYNAMIC_REFERENCE","98d50e54b314b244363feafb","process::DataUpdate - Material Ledger - Revaluation - Change in Material Price","CREATES_ATTRIBUTE","attribute","attribute::Material Ledger Document.Base UOM","tm1_ti_parser","attrinsert","UNRESOLVED","1"
"UNRESOLVED_DYNAMIC_REFERENCE","ccc21abb7a4d7b61ae43f19b","process::DataUpdate - Material Ledger - Revaluation - Change in Material Price","WRITES_ATTRIBUTE","attribute","attribute::Material Ledger Document.Base UOM","tm1_ti_parser","AttrPutS","UNRESOLVED","1"
"UNRESOLVED_DYNAMIC_REFERENCE","79d7a98b3e106f65008ed20c","process::DataUpdate - Material Ledger - Revaluation - External Procured Receipts","CREATES_ATTRIBUTE","attribute","attribute::Material Ledger Document.Base UOM","tm1_ti_parser","attrinsert","UNRESOLVED","1"
"UNRESOLVED_DYNAMIC_REFERENCE","55de0017089bf5869735abd8","process::DataUpdate - Material Ledger - Revaluation - External Procured Receipts","WRITES_ATTRIBUTE","attribute","attribute::Material Ledger Document.Base UOM","tm1_ti_parser","AttrPutS","UNRESOLVED","1"
"UNRESOLVED_DYNAMIC_REFERENCE","baf5a63684f4bff76b97009f","process::DataUpdate - Material Ledger - Revaluation - Production","WRITES_ATTRIBUTE","attribute","attribute::Material Ledger Document.Base UOM","tm1_ti_parser","AttrPutS","UNRESOLVED","1"
"UNRESOLVED_DYNAMIC_REFERENCE","bab3282bf2592e31222b1fc7","process::DataUpdate - Material Ledger - Revaluation - Production","CREATES_ATTRIBUTE","attribute","attribute::Material Ledger Document.Base UOM","tm1_ti_parser","attrinsert","UNRESOLVED","1"
"UNRESOLVED_DYNAMIC_REFERENCE","39ca73ffae275221ceff9d3b","process::DataUpdate - Material Ledger - Revaluation - Production Consumption","WRITES_ATTRIBUTE","attribute","attribute::Material Ledger Document.Base UOM","tm1_ti_parser","AttrPutS","UNRESOLVED","1"
"UNRESOLVED_DYNAMIC_REFERENCE","7b9233c70e9af3e06dd478ad","process::DataUpdate - Material Ledger - Revaluation - Production Consumption","CREATES_ATTRIBUTE","attribute","attribute::Material Ledger Document.Base UOM","tm1_ti_parser","attrinsert","UNRESOLVED","1"
"UNRESOLVED_DYNAMIC_REFERENCE","2ac0d08f2d7727e45b3f38f4","process::DataUpdate - Material Ledger - Revaluation - Sales","WRITES_ATTRIBUTE","attribute","attribute::Material Ledger Document.Base UOM","tm1_ti_parser","AttrPutS","UNRESOLVED","1"
"UNRESOLVED_DYNAMIC_REFERENCE","02acc8a26fc1f2cdd1dea907","process::DataUpdate - Material Ledger - Revaluation - Sales","CREATES_ATTRIBUTE","attribute","attribute::Material Ledger Document.Base UOM","tm1_ti_parser","attrinsert","UNRESOLVED","1"
"UNRESOLVED_DYNAMIC_REFERENCE","6b9366f3f6c29a7cdbb341a3","process::DataUpdate - Material Ledger - Revaluation - Transfer Posting","CREATES_ATTRIBUTE","attribute","attribute::Material Ledger Document.Base UOM","tm1_ti_parser","attrinsert","UNRESOLVED","1"
"UNRESOLVED_DYNAMIC_REFERENCE","75ae22624db4c2d104b21450","process::DataUpdate - Material Ledger - Revaluation - Transfer Posting","WRITES_ATTRIBUTE","attribute","attribute::Material Ledger Document.Base UOM","tm1_ti_parser","AttrPutS","UNRESOLVED","1"
"UNRESOLVED_DYNAMIC_REFERENCE","127f881426e8f6af5b6d737a","process::DataUpdate - Material Ledger - Revaluation - Transfers Out","CREATES_ATTRIBUTE","attribute","attribute::Material Ledger Document.Base UOM","tm1_ti_parser","attrinsert","UNRESOLVED","1"
"UNRESOLVED_DYNAMIC_REFERENCE","9120d72aa0f2d022b7bfa9f1","process::DataUpdate - Material Ledger - Revaluation - Transfers Out","WRITES_ATTRIBUTE","attribute","attribute::Material Ledger Document.Base UOM","tm1_ti_parser","AttrPutS","UNRESOLVED","1"
"UNRESOLVED_DYNAMIC_REFERENCE","79b9719ef72ead8ec2f0936c","process::DataUpdate - Material Ledger - Beginning and Ending Inventory","WRITES_ATTRIBUTE","attribute","attribute::Material Ledger Document.Customer","tm1_ti_parser","AttrPutS","UNRESOLVED","1"
"UNRESOLVED_DYNAMIC_REFERENCE","ea7b649c47650139d917c1ba","process::DataUpdate - Material Ledger - Beginning and Ending Inventory","CREATES_ATTRIBUTE","attribute","attribute::Material Ledger Document.Customer","tm1_ti_parser","attrinsert","UNRESOLVED","1"
"UNRESOLVED_DYNAMIC_REFERENCE","08b089d1df222573de6b0426","process::DataUpdate - Material Ledger - Consumption - All Other","CREATES_ATTRIBUTE","attribute","attribute::Material Ledger Document.Customer","tm1_ti_parser","attrinsert","UNRESOLVED","1"
"UNRESOLVED_DYNAMIC_REFERENCE","8a6fff7a5ec52145fd650f1e","process::DataUpdate - Material Ledger - Consumption - All Other","WRITES_ATTRIBUTE","attribute","attribute::Material Ledger Document.Customer","tm1_ti_parser","AttrPutS","UNRESOLVED","1"
"UNRESOLVED_DYNAMIC_REFERENCE","3dec4cd123f03f58d45f9e77","process::DataUpdate - Material Ledger - Consumption - Production","CREATES_ATTRIBUTE","attribute","attribute::Material Ledger Document.Customer","tm1_ti_parser","attrinsert","UNRESOLVED","1"
"UNRESOLVED_DYNAMIC_REFERENCE","9e59e3387cc258c4d25d3cf9","process::DataUpdate - Material Ledger - Consumption - Production","WRITES_ATTRIBUTE","attribute","attribute::Material Ledger Document.Customer","tm1_ti_parser","AttrPutS","UNRESOLVED","1"
"UNRESOLVED_DYNAMIC_REFERENCE","e4717395c46441ad02df8066","process::DataUpdate - Material Ledger - Consumption - Sales","WRITES_ATTRIBUTE","attribute","attribute::Material Ledger Document.Customer","tm1_ti_parser","AttrPutS","UNRESOLVED","1"
"UNRESOLVED_DYNAMIC_REFERENCE","a04b4b97ee28fc474ee1e108","process::DataUpdate - Material Ledger - Consumption - Sales","CREATES_ATTRIBUTE","attribute","attribute::Material Ledger Document.Customer","tm1_ti_parser","attrinsert","UNRESOLVED","1"
"UNRESOLVED_DYNAMIC_REFERENCE","68f4fff7e7b6ce9cd07e68a7","process::DataUpdate - Material Ledger - Consumption - Transfers","CREATES_ATTRIBUTE","attribute","attribute::Material Ledger Document.Customer","tm1_ti_parser","attrinsert","UNRESOLVED","1"
"UNRESOLVED_DYNAMIC_REFERENCE","871e1d3388d487bd46418c9d","process::DataUpdate - Material Ledger - Consumption - Transfers","WRITES_ATTRIBUTE","attribute","attribute::Material Ledger Document.Customer","tm1_ti_parser","AttrPutS","UNRESOLVED","1"
"UNRESOLVED_DYNAMIC_REFERENCE","fbb5768a6ba595a913826539","process::DataUpdate - Material Ledger - Receipts - All other","WRITES_ATTRIBUTE","attribute","attribute::Material Ledger Document.Customer","tm1_ti_parser","AttrPutS","UNRESOLVED","1"
"UNRESOLVED_DYNAMIC_REFERENCE","b1db856e0b42891d2b473524","process::DataUpdate - Material Ledger - Receipts - All other","CREATES_ATTRIBUTE","attribute","attribute::Material Ledger Document.Customer","tm1_ti_parser","attrinsert","UNRESOLVED","1"
"UNRESOLVED_DYNAMIC_REFERENCE","b3b7458a1cf5e99fc3e764fe","process::DataUpdate - Material Ledger - Receipts - External Procured Receipts","WRITES_ATTRIBUTE","attribute","attribute::Material Ledger Document.Customer","tm1_ti_parser","AttrPutS","UNRESOLVED","1"
"UNRESOLVED_DYNAMIC_REFERENCE","549016d7260238660735ba5e","process::DataUpdate - Material Ledger - Receipts - External Procured Receipts","CREATES_ATTRIBUTE","attribute","attribute::Material Ledger Document.Customer","tm1_ti_parser","attrinsert","UNRESOLVED","1"
"UNRESOLVED_DYNAMIC_REFERENCE","9d61608ab9196e7a64483fdc","process::DataUpdate - Material Ledger - Receipts - Production","CREATES_ATTRIBUTE","attribute","attribute::Material Ledger Document.Customer","tm1_ti_parser","attrinsert","UNRESOLVED","1"
"UNRESOLVED_DYNAMIC_REFERENCE","67ef4743fc2b7dd36db0d07d","process::DataUpdate - Material Ledger - Receipts - Production","WRITES_ATTRIBUTE","attribute","attribute::Material Ledger Document.Customer","tm1_ti_parser","AttrPutS","UNRESOLVED","1"
"UNRESOLVED_DYNAMIC_REFERENCE","51c77532c5120b6690cfc78f","process::DataUpdate - Material Ledger - Receipts - Transfer Posting","CREATES_ATTRIBUTE","attribute","attribute::Material Ledger Document.Customer","tm1_ti_parser","attrinsert","UNRESOLVED","1"
"UNRESOLVED_DYNAMIC_REFERENCE","ef0d5d86a109f9c659c48bba","process::DataUpdate - Material Ledger - Receipts - Transfer Posting","WRITES_ATTRIBUTE","attribute","attribute::Material Ledger Document.Customer","tm1_ti_parser","AttrPutS","UNRESOLVED","1"
"UNRESOLVED_DYNAMIC_REFERENCE","352253b4360cbaa33a8cd8c5","process::DataUpdate - Material Ledger - Revaluation - All Other","CREATES_ATTRIBUTE","attribute","attribute::Material Ledger Document.Customer","tm1_ti_parser","attrinsert","UNRESOLVED","1"
"UNRESOLVED_DYNAMIC_REFERENCE","23e486fc45d840338b21d401","process::DataUpdate - Material Ledger - Revaluation - All Other","WRITES_ATTRIBUTE","attribute","attribute::Material Ledger Document.Customer","tm1_ti_parser","AttrPutS","UNRESOLVED","1"
"UNRESOLVED_DYNAMIC_REFERENCE","593a013d5f6a5584cb29e3e4","process::DataUpdate - Material Ledger - Revaluation - Change in Material Price","CREATES_ATTRIBUTE","attribute","attribute::Material Ledger Document.Customer","tm1_ti_parser","attrinsert","UNRESOLVED","1"
"UNRESOLVED_DYNAMIC_REFERENCE","71ccbaaa82e9472c5eeb7057","process::DataUpdate - Material Ledger - Revaluation - Change in Material Price","WRITES_ATTRIBUTE","attribute","attribute::Material Ledger Document.Customer","tm1_ti_parser","AttrPutS","UNRESOLVED","1"
"UNRESOLVED_DYNAMIC_REFERENCE","80d7142ea1becada37824830","process::DataUpdate - Material Ledger - Revaluation - External Procured Receipts","WRITES_ATTRIBUTE","attribute","attribute::Material Ledger Document.Customer","tm1_ti_parser","AttrPutS","UNRESOLVED","1"
"UNRESOLVED_DYNAMIC_REFERENCE","a72e6c4e596139ce76cf3524","process::DataUpdate - Material Ledger - Revaluation - External Procured Receipts","CREATES_ATTRIBUTE","attribute","attribute::Material Ledger Document.Customer","tm1_ti_parser","attrinsert","UNRESOLVED","1"
"UNRESOLVED_DYNAMIC_REFERENCE","d0deaea6184a1dc84cc9ea85","process::DataUpdate - Material Ledger - Revaluation - Production","WRITES_ATTRIBUTE","attribute","attribute::Material Ledger Document.Customer","tm1_ti_parser","AttrPutS","UNRESOLVED","1"
"UNRESOLVED_DYNAMIC_REFERENCE","5b172684b55fdf33e74788b4","process::DataUpdate - Material Ledger - Revaluation - Production","CREATES_ATTRIBUTE","attribute","attribute::Material Ledger Document.Customer","tm1_ti_parser","attrinsert","UNRESOLVED","1"
"UNRESOLVED_DYNAMIC_REFERENCE","0bd352a905f82b80cafa56c5","process::DataUpdate - Material Ledger - Revaluation - Production Consumption","WRITES_ATTRIBUTE","attribute","attribute::Material Ledger Document.Customer","tm1_ti_parser","AttrPutS","UNRESOLVED","1"
"UNRESOLVED_DYNAMIC_REFERENCE","aa3d4d050f37cbd25e6da6ed","process::DataUpdate - Material Ledger - Revaluation - Production Consumption","CREATES_ATTRIBUTE","attribute","attribute::Material Ledger Document.Customer","tm1_ti_parser","attrinsert","UNRESOLVED","1"
"UNRESOLVED_DYNAMIC_REFERENCE","8aab9f69a02ee67c3b3e9a4f","process::DataUpdate - Material Ledger - Revaluation - Sales","CREATES_ATTRIBUTE","attribute","attribute::Material Ledger Document.Customer","tm1_ti_parser","attrinsert","UNRESOLVED","1"
"UNRESOLVED_DYNAMIC_REFERENCE","eebe1343744aed8f4534ee04","process::DataUpdate - Material Ledger - Revaluation - Sales","WRITES_ATTRIBUTE","attribute","attribute::Material Ledger Document.Customer","tm1_ti_parser","AttrPutS","UNRESOLVED","1"
"UNRESOLVED_DYNAMIC_REFERENCE","f020cf51a9d065cc9c6434ad","process::DataUpdate - Material Ledger - Revaluation - Transfer Posting","WRITES_ATTRIBUTE","attribute","attribute::Material Ledger Document.Customer","tm1_ti_parser","AttrPutS","UNRESOLVED","1"
"UNRESOLVED_DYNAMIC_REFERENCE","cec2aa594edff50dd242982d","process::DataUpdate - Material Ledger - Revaluation - Transfer Posting","CREATES_ATTRIBUTE","attribute","attribute::Material Ledger Document.Customer","tm1_ti_parser","attrinsert","UNRESOLVED","1"
"UNRESOLVED_DYNAMIC_REFERENCE","eac741e5c3d547e3698792f2","process::DataUpdate - Material Ledger - Revaluation - Transfers Out","CREATES_ATTRIBUTE","attribute","attribute::Material Ledger Document.Customer","tm1_ti_parser","attrinsert","UNRESOLVED","1"
"UNRESOLVED_DYNAMIC_REFERENCE","998bb6e73e8e687df9602274","process::DataUpdate - Material Ledger - Revaluation - Transfers Out","WRITES_ATTRIBUTE","attribute","attribute::Material Ledger Document.Customer","tm1_ti_parser","AttrPutS","UNRESOLVED","1"
"UNRESOLVED_DYNAMIC_REFERENCE","b9b707ec8127381b777c6856","process::DataUpdate - Material Ledger - Beginning and Ending Inventory","WRITES_ATTRIBUTE","attribute","attribute::Material Ledger Document.Goods Movement Type","tm1_ti_parser","AttrPutS","UNRESOLVED","1"
"UNRESOLVED_DYNAMIC_REFERENCE","088dc098bf77cc6456a74ff9","process::DataUpdate - Material Ledger - Beginning and Ending Inventory","CREATES_ATTRIBUTE","attribute","attribute::Material Ledger Document.Goods Movement Type","tm1_ti_parser","attrinsert","UNRESOLVED","1"
"UNRESOLVED_DYNAMIC_REFERENCE","89f5ee457ba233908b829067","process::DataUpdate - Material Ledger - Consumption - All Other","WRITES_ATTRIBUTE","attribute","attribute::Material Ledger Document.Goods Movement Type","tm1_ti_parser","AttrPutS","UNRESOLVED","1"
"UNRESOLVED_DYNAMIC_REFERENCE","adf358776ade4c330d2888c6","process::DataUpdate - Material Ledger - Consumption - All Other","CREATES_ATTRIBUTE","attribute","attribute::Material Ledger Document.Goods Movement Type","tm1_ti_parser","attrinsert","UNRESOLVED","1"
"UNRESOLVED_DYNAMIC_REFERENCE","2518b36dda64cbcd8f28c060","process::DataUpdate - Material Ledger - Consumption - Production","WRITES_ATTRIBUTE","attribute","attribute::Material Ledger Document.Goods Movement Type","tm1_ti_parser","AttrPutS","UNRESOLVED","1"
"UNRESOLVED_DYNAMIC_REFERENCE","143db96ce564422e3c2d1f02","process::DataUpdate - Material Ledger - Consumption - Production","CREATES_ATTRIBUTE","attribute","attribute::Material Ledger Document.Goods Movement Type","tm1_ti_parser","attrinsert","UNRESOLVED","1"
"UNRESOLVED_DYNAMIC_REFERENCE","9ce3d29715ba8a21f04492a7","process::DataUpdate - Material Ledger - Consumption - Sales","WRITES_ATTRIBUTE","attribute","attribute::Material Ledger Document.Goods Movement Type","tm1_ti_parser","AttrPutS","UNRESOLVED","1"
"UNRESOLVED_DYNAMIC_REFERENCE","098c1538319cb1bf4454d327","process::DataUpdate - Material Ledger - Consumption - Sales","CREATES_ATTRIBUTE","attribute","attribute::Material Ledger Document.Goods Movement Type","tm1_ti_parser","attrinsert","UNRESOLVED","1"
"UNRESOLVED_DYNAMIC_REFERENCE","1a78b8eb9dc58d954295c6b8","process::DataUpdate - Material Ledger - Consumption - Transfers","CREATES_ATTRIBUTE","attribute","attribute::Material Ledger Document.Goods Movement Type","tm1_ti_parser","attrinsert","UNRESOLVED","1"
"UNRESOLVED_DYNAMIC_REFERENCE","60a83bf832e0e41544905019","process::DataUpdate - Material Ledger - Consumption - Transfers","WRITES_ATTRIBUTE","attribute","attribute::Material Ledger Document.Goods Movement Type","tm1_ti_parser","AttrPutS","UNRESOLVED","1"
"UNRESOLVED_DYNAMIC_REFERENCE","e767fad2a49aa520d9e1b78c","process::DataUpdate - Material Ledger - Receipts - All other","WRITES_ATTRIBUTE","attribute","attribute::Material Ledger Document.Goods Movement Type","tm1_ti_parser","AttrPutS","UNRESOLVED","1"
"UNRESOLVED_DYNAMIC_REFERENCE","37c9c7f713b64fcd7548e9b4","process::DataUpdate - Material Ledger - Receipts - All other","CREATES_ATTRIBUTE","attribute","attribute::Material Ledger Document.Goods Movement Type","tm1_ti_parser","attrinsert","UNRESOLVED","1"
"UNRESOLVED_DYNAMIC_REFERENCE","331b62482e0b9ba8e961f01d","process::DataUpdate - Material Ledger - Receipts - External Procured Receipts","CREATES_ATTRIBUTE","attribute","attribute::Material Ledger Document.Goods Movement Type","tm1_ti_parser","attrinsert","UNRESOLVED","1"
"UNRESOLVED_DYNAMIC_REFERENCE","da31a20f6133ccea80c21366","process::DataUpdate - Material Ledger - Receipts - External Procured Receipts","WRITES_ATTRIBUTE","attribute","attribute::Material Ledger Document.Goods Movement Type","tm1_ti_parser","AttrPutS","UNRESOLVED","1"
"UNRESOLVED_DYNAMIC_REFERENCE","905189144b049081b63dca4e","process::DataUpdate - Material Ledger - Receipts - Production","WRITES_ATTRIBUTE","attribute","attribute::Material Ledger Document.Goods Movement Type","tm1_ti_parser","AttrPutS","UNRESOLVED","1"
"UNRESOLVED_DYNAMIC_REFERENCE","ad834990a13c3c0c153423cf","process::DataUpdate - Material Ledger - Receipts - Production","CREATES_ATTRIBUTE","attribute","attribute::Material Ledger Document.Goods Movement Type","tm1_ti_parser","attrinsert","UNRESOLVED","1"
"UNRESOLVED_DYNAMIC_REFERENCE","2b7834b43fc7ad66046c6bb5","process::DataUpdate - Material Ledger - Receipts - Transfer Posting","CREATES_ATTRIBUTE","attribute","attribute::Material Ledger Document.Goods Movement Type","tm1_ti_parser","attrinsert","UNRESOLVED","1"
"UNRESOLVED_DYNAMIC_REFERENCE","550eda616311cf222b120d37","process::DataUpdate - Material Ledger - Receipts - Transfer Posting","WRITES_ATTRIBUTE","attribute","attribute::Material Ledger Document.Goods Movement Type","tm1_ti_parser","AttrPutS","UNRESOLVED","1"
"UNRESOLVED_DYNAMIC_REFERENCE","8208dcdfa3adfbac01075aeb","process::DataUpdate - Material Ledger - Revaluation - All Other","WRITES_ATTRIBUTE","attribute","attribute::Material Ledger Document.Goods Movement Type","tm1_ti_parser","AttrPutS","UNRESOLVED","1"
"UNRESOLVED_DYNAMIC_REFERENCE","6f1fe0281522c17346c55b7c","process::DataUpdate - Material Ledger - Revaluation - All Other","CREATES_ATTRIBUTE","attribute","attribute::Material Ledger Document.Goods Movement Type","tm1_ti_parser","attrinsert","UNRESOLVED","1"
"UNRESOLVED_DYNAMIC_REFERENCE","c5929285a2abaf57828ed3c0","process::DataUpdate - Material Ledger - Revaluation - Change in Material Price","WRITES_ATTRIBUTE","attribute","attribute::Material Ledger Document.Goods Movement Type","tm1_ti_parser","AttrPutS","UNRESOLVED","1"
"UNRESOLVED_DYNAMIC_REFERENCE","5aec7305a6ae1513a475c2e9","process::DataUpdate - Material Ledger - Revaluation - Change in Material Price","CREATES_ATTRIBUTE","attribute","attribute::Material Ledger Document.Goods Movement Type","tm1_ti_parser","attrinsert","UNRESOLVED","1"
"UNRESOLVED_DYNAMIC_REFERENCE","f3bc88d021aacbdd8a95e402","process::DataUpdate - Material Ledger - Revaluation - External Procured Receipts","WRITES_ATTRIBUTE","attribute","attribute::Material Ledger Document.Goods Movement Type","tm1_ti_parser","AttrPutS","UNRESOLVED","1"
"UNRESOLVED_DYNAMIC_REFERENCE","5dc729b6e494ab13932e8ff1","process::DataUpdate - Material Ledger - Revaluation - External Procured Receipts","CREATES_ATTRIBUTE","attribute","attribute::Material Ledger Document.Goods Movement Type","tm1_ti_parser","attrinsert","UNRESOLVED","1"
"UNRESOLVED_DYNAMIC_REFERENCE","f8b0baf6d8cd0864ffc53075","process::DataUpdate - Material Ledger - Revaluation - Production","CREATES_ATTRIBUTE","attribute","attribute::Material Ledger Document.Goods Movement Type","tm1_ti_parser","attrinsert","UNRESOLVED","1"
"UNRESOLVED_DYNAMIC_REFERENCE","efd779462d59bf21f8043f7a","process::DataUpdate - Material Ledger - Revaluation - Production","WRITES_ATTRIBUTE","attribute","attribute::Material Ledger Document.Goods Movement Type","tm1_ti_parser","AttrPutS","UNRESOLVED","1"
"UNRESOLVED_DYNAMIC_REFERENCE","ba8cfc502af7fa12a602fa96","process::DataUpdate - Material Ledger - Revaluation - Production Consumption","WRITES_ATTRIBUTE","attribute","attribute::Material Ledger Document.Goods Movement Type","tm1_ti_parser","AttrPutS","UNRESOLVED","1"
"UNRESOLVED_DYNAMIC_REFERENCE","3087e3af5a8f9d04c509c62b","process::DataUpdate - Material Ledger - Revaluation - Production Consumption","CREATES_ATTRIBUTE","attribute","attribute::Material Ledger Document.Goods Movement Type","tm1_ti_parser","attrinsert","UNRESOLVED","1"
"UNRESOLVED_DYNAMIC_REFERENCE","229e43ca308ee7b389da5595","process::DataUpdate - Material Ledger - Revaluation - Sales","WRITES_ATTRIBUTE","attribute","attribute::Material Ledger Document.Goods Movement Type","tm1_ti_parser","AttrPutS","UNRESOLVED","1"
"UNRESOLVED_DYNAMIC_REFERENCE","03b9cf5ce7655421f0a08614","process::DataUpdate - Material Ledger - Revaluation - Sales","CREATES_ATTRIBUTE","attribute","attribute::Material Ledger Document.Goods Movement Type","tm1_ti_parser","attrinsert","UNRESOLVED","1"
"UNRESOLVED_DYNAMIC_REFERENCE","a2b2b4e0e8bf7f60bc531a1f","process::DataUpdate - Material Ledger - Revaluation - Transfer Posting","WRITES_ATTRIBUTE","attribute","attribute::Material Ledger Document.Goods Movement Type","tm1_ti_parser","AttrPutS","UNRESOLVED","1"
"UNRESOLVED_DYNAMIC_REFERENCE","58a8f217185619723215c6ec","process::DataUpdate - Material Ledger - Revaluation - Transfer Posting","CREATES_ATTRIBUTE","attribute","attribute::Material Ledger Document.Goods Movement Type","tm1_ti_parser","attrinsert","UNRESOLVED","1"
"UNRESOLVED_DYNAMIC_REFERENCE","6a9a761343ae1415a73f3a78","process::DataUpdate - Material Ledger - Revaluation - Transfers Out","WRITES_ATTRIBUTE","attribute","attribute::Material Ledger Document.Goods Movement Type","tm1_ti_parser","AttrPutS","UNRESOLVED","1"
"UNRESOLVED_DYNAMIC_REFERENCE","ed65950b6cfb3c521aad82ef","process::DataUpdate - Material Ledger - Revaluation - Transfers Out","CREATES_ATTRIBUTE","attribute","attribute::Material Ledger Document.Goods Movement Type","tm1_ti_parser","attrinsert","UNRESOLVED","1"
"UNRESOLVED_DYNAMIC_REFERENCE","133640422e44c6be835beca1","process::DataUpdate - Material Ledger - Beginning and Ending Inventory","WRITES_ATTRIBUTE","attribute","attribute::Material Ledger Document.ML Document No","tm1_ti_parser","AttrPutS","UNRESOLVED","1"
"UNRESOLVED_DYNAMIC_REFERENCE","460b50864255399714270db4","process::DataUpdate - Material Ledger - Beginning and Ending Inventory","CREATES_ATTRIBUTE","attribute","attribute::Material Ledger Document.ML Document No","tm1_ti_parser","attrinsert","UNRESOLVED","1"
"UNRESOLVED_DYNAMIC_REFERENCE","1c96da43807334ebd2d3a5fc","process::DataUpdate - Material Ledger - Consumption - All Other","WRITES_ATTRIBUTE","attribute","attribute::Material Ledger Document.ML Document No","tm1_ti_parser","AttrPutS","UNRESOLVED","1"
"UNRESOLVED_DYNAMIC_REFERENCE","ff4e8246e9a1ef015dfdfa82","process::DataUpdate - Material Ledger - Consumption - All Other","CREATES_ATTRIBUTE","attribute","attribute::Material Ledger Document.ML Document No","tm1_ti_parser","attrinsert","UNRESOLVED","1"
"UNRESOLVED_DYNAMIC_REFERENCE","4c5cb0f33bd3d2e229a1eb79","process::DataUpdate - Material Ledger - Consumption - Production","CREATES_ATTRIBUTE","attribute","attribute::Material Ledger Document.ML Document No","tm1_ti_parser","attrinsert","UNRESOLVED","1"
"UNRESOLVED_DYNAMIC_REFERENCE","fc7b7b839def580ab8d69632","process::DataUpdate - Material Ledger - Consumption - Production","WRITES_ATTRIBUTE","attribute","attribute::Material Ledger Document.ML Document No","tm1_ti_parser","AttrPutS","UNRESOLVED","1"
"UNRESOLVED_DYNAMIC_REFERENCE","9b490c2cb9f21409c485d646","process::DataUpdate - Material Ledger - Consumption - Sales","CREATES_ATTRIBUTE","attribute","attribute::Material Ledger Document.ML Document No","tm1_ti_parser","attrinsert","UNRESOLVED","1"
"UNRESOLVED_DYNAMIC_REFERENCE","5c588a499e967ca7a031d75c","process::DataUpdate - Material Ledger - Consumption - Sales","WRITES_ATTRIBUTE","attribute","attribute::Material Ledger Document.ML Document No","tm1_ti_parser","AttrPutS","UNRESOLVED","1"
"UNRESOLVED_DYNAMIC_REFERENCE","c7090fa2a86e104223bf8c62","process::DataUpdate - Material Ledger - Consumption - Transfers","CREATES_ATTRIBUTE","attribute","attribute::Material Ledger Document.ML Document No","tm1_ti_parser","attrinsert","UNRESOLVED","1"
"UNRESOLVED_DYNAMIC_REFERENCE","211c3968e502ddcd743ca7c1","process::DataUpdate - Material Ledger - Consumption - Transfers","WRITES_ATTRIBUTE","attribute","attribute::Material Ledger Document.ML Document No","tm1_ti_parser","AttrPutS","UNRESOLVED","1"
"UNRESOLVED_DYNAMIC_REFERENCE","3adeeb8831d3c53a9a136c4b","process::DataUpdate - Material Ledger - Receipts - All other","WRITES_ATTRIBUTE","attribute","attribute::Material Ledger Document.ML Document No","tm1_ti_parser","AttrPutS","UNRESOLVED","1"
"UNRESOLVED_DYNAMIC_REFERENCE","535aee27333d17512e4131eb","process::DataUpdate - Material Ledger - Receipts - All other","CREATES_ATTRIBUTE","attribute","attribute::Material Ledger Document.ML Document No","tm1_ti_parser","attrinsert","UNRESOLVED","1"
"UNRESOLVED_DYNAMIC_REFERENCE","bd008bec9b0cdeab32f1c2dd","process::DataUpdate - Material Ledger - Receipts - External Procured Receipts","CREATES_ATTRIBUTE","attribute","attribute::Material Ledger Document.ML Document No","tm1_ti_parser","attrinsert","UNRESOLVED","1"
"UNRESOLVED_DYNAMIC_REFERENCE","f8bf194d26c9236045f99b08","process::DataUpdate - Material Ledger - Receipts - External Procured Receipts","WRITES_ATTRIBUTE","attribute","attribute::Material Ledger Document.ML Document No","tm1_ti_parser","AttrPutS","UNRESOLVED","1"
"UNRESOLVED_DYNAMIC_REFERENCE","6f8d3bf9e7e522af3b2a6377","process::DataUpdate - Material Ledger - Receipts - Production","WRITES_ATTRIBUTE","attribute","attribute::Material Ledger Document.ML Document No","tm1_ti_parser","AttrPutS","UNRESOLVED","1"
"UNRESOLVED_DYNAMIC_REFERENCE","c7ed805d9d698d388c862be9","process::DataUpdate - Material Ledger - Receipts - Production","CREATES_ATTRIBUTE","attribute","attribute::Material Ledger Document.ML Document No","tm1_ti_parser","attrinsert","UNRESOLVED","1"
"UNRESOLVED_DYNAMIC_REFERENCE","d46c3d79645481dd0067f37f","process::DataUpdate - Material Ledger - Receipts - Transfer Posting","WRITES_ATTRIBUTE","attribute","attribute::Material Ledger Document.ML Document No","tm1_ti_parser","AttrPutS","UNRESOLVED","1"
"UNRESOLVED_DYNAMIC_REFERENCE","8f4f06db50e568ea8db28b3b","process::DataUpdate - Material Ledger - Receipts - Transfer Posting","CREATES_ATTRIBUTE","attribute","attribute::Material Ledger Document.ML Document No","tm1_ti_parser","attrinsert","UNRESOLVED","1"
"UNRESOLVED_DYNAMIC_REFERENCE","750bd73d9e01558bfd9a5893","process::DataUpdate - Material Ledger - Revaluation - All Other","CREATES_ATTRIBUTE","attribute","attribute::Material Ledger Document.ML Document No","tm1_ti_parser","attrinsert","UNRESOLVED","1"
"UNRESOLVED_DYNAMIC_REFERENCE","baf3ba0d2792c62c96f940f7","process::DataUpdate - Material Ledger - Revaluation - All Other","WRITES_ATTRIBUTE","attribute","attribute::Material Ledger Document.ML Document No","tm1_ti_parser","AttrPutS","UNRESOLVED","1"
"UNRESOLVED_DYNAMIC_REFERENCE","0424863c021e3262e1133c7d","process::DataUpdate - Material Ledger - Revaluation - Change in Material Price","WRITES_ATTRIBUTE","attribute","attribute::Material Ledger Document.ML Document No","tm1_ti_parser","AttrPutS","UNRESOLVED","1"
"UNRESOLVED_DYNAMIC_REFERENCE","37d0db4a31f266d3a61b0f07","process::DataUpdate - Material Ledger - Revaluation - Change in Material Price","CREATES_ATTRIBUTE","attribute","attribute::Material Ledger Document.ML Document No","tm1_ti_parser","attrinsert","UNRESOLVED","1"
"UNRESOLVED_DYNAMIC_REFERENCE","7eb7d5ffe8c529872828f857","process::DataUpdate - Material Ledger - Revaluation - External Procured Receipts","CREATES_ATTRIBUTE","attribute","attribute::Material Ledger Document.ML Document No","tm1_ti_parser","attrinsert","UNRESOLVED","1"
"UNRESOLVED_DYNAMIC_REFERENCE","6eb7076aa1d42683e58465cd","process::DataUpdate - Material Ledger - Revaluation - External Procured Receipts","WRITES_ATTRIBUTE","attribute","attribute::Material Ledger Document.ML Document No","tm1_ti_parser","AttrPutS","UNRESOLVED","1"
"UNRESOLVED_DYNAMIC_REFERENCE","9a597d06535deae152c26c70","process::DataUpdate - Material Ledger - Revaluation - Production","WRITES_ATTRIBUTE","attribute","attribute::Material Ledger Document.ML Document No","tm1_ti_parser","AttrPutS","UNRESOLVED","1"
"UNRESOLVED_DYNAMIC_REFERENCE","4ed7f9e3e7c3598b88c091c2","process::DataUpdate - Material Ledger - Revaluation - Production","CREATES_ATTRIBUTE","attribute","attribute::Material Ledger Document.ML Document No","tm1_ti_parser","attrinsert","UNRESOLVED","1"
"UNRESOLVED_DYNAMIC_REFERENCE","59303d4ed8ffa153303f04d2","process::DataUpdate - Material Ledger - Revaluation - Production Consumption","WRITES_ATTRIBUTE","attribute","attribute::Material Ledger Document.ML Document No","tm1_ti_parser","AttrPutS","UNRESOLVED","1"
"UNRESOLVED_DYNAMIC_REFERENCE","f8d55a9a0520ab63140c2957","process::DataUpdate - Material Ledger - Revaluation - Production Consumption","CREATES_ATTRIBUTE","attribute","attribute::Material Ledger Document.ML Document No","tm1_ti_parser","attrinsert","UNRESOLVED","1"
"UNRESOLVED_DYNAMIC_REFERENCE","3ef2593f8756e4bbc7fa9749","process::DataUpdate - Material Ledger - Revaluation - Sales","CREATES_ATTRIBUTE","attribute","attribute::Material Ledger Document.ML Document No","tm1_ti_parser","attrinsert","UNRESOLVED","1"
"UNRESOLVED_DYNAMIC_REFERENCE","dac454bc5a08e27e2e518606","process::DataUpdate - Material Ledger - Revaluation - Sales","WRITES_ATTRIBUTE","attribute","attribute::Material Ledger Document.ML Document No","tm1_ti_parser","AttrPutS","UNRESOLVED","1"
"UNRESOLVED_DYNAMIC_REFERENCE","a035719f18d9ce0ec8bbb1ff","process::DataUpdate - Material Ledger - Revaluation - Transfer Posting","WRITES_ATTRIBUTE","attribute","attribute::Material Ledger Document.ML Document No","tm1_ti_parser","AttrPutS","UNRESOLVED","1"
"UNRESOLVED_DYNAMIC_REFERENCE","69b2f13ea0f8c82b5b61f1c3","process::DataUpdate - Material Ledger - Revaluation - Transfer Posting","CREATES_ATTRIBUTE","attribute","attribute::Material Ledger Document.ML Document No","tm1_ti_parser","attrinsert","UNRESOLVED","1"
"UNRESOLVED_DYNAMIC_REFERENCE","a70bf366741b32dfe129c50f","process::DataUpdate - Material Ledger - Revaluation - Transfers Out","WRITES_ATTRIBUTE","attribute","attribute::Material Ledger Document.ML Document No","tm1_ti_parser","AttrPutS","UNRESOLVED","1"
"UNRESOLVED_DYNAMIC_REFERENCE","b64edae4e780494a6d9067da","process::DataUpdate - Material Ledger - Revaluation - Transfers Out","CREATES_ATTRIBUTE","attribute","attribute::Material Ledger Document.ML Document No","tm1_ti_parser","attrinsert","UNRESOLVED","1"
"UNRESOLVED_DYNAMIC_REFERENCE","8616e75f26ba313427331b31","process::DataUpdate - Material Ledger - Beginning and Ending Inventory","WRITES_ATTRIBUTE","attribute","attribute::Material Ledger Document.Object Number","tm1_ti_parser","AttrPutS","UNRESOLVED","1"
"UNRESOLVED_DYNAMIC_REFERENCE","b3f69c329518ed1e8b86478d","process::DataUpdate - Material Ledger - Beginning and Ending Inventory","CREATES_ATTRIBUTE","attribute","attribute::Material Ledger Document.Object Number","tm1_ti_parser","attrinsert","UNRESOLVED","1"
"UNRESOLVED_DYNAMIC_REFERENCE","c2102d8acb04cfb26fa0dc19","process::DataUpdate - Material Ledger - Consumption - All Other","CREATES_ATTRIBUTE","attribute","attribute::Material Ledger Document.Object Number","tm1_ti_parser","attrinsert","UNRESOLVED","1"
"UNRESOLVED_DYNAMIC_REFERENCE","c8f0b79866ff8dc77d222a8b","process::DataUpdate - Material Ledger - Consumption - All Other","WRITES_ATTRIBUTE","attribute","attribute::Material Ledger Document.Object Number","tm1_ti_parser","AttrPutS","UNRESOLVED","1"
"UNRESOLVED_DYNAMIC_REFERENCE","c432f3406c9fa66fa0164061","process::DataUpdate - Material Ledger - Consumption - Production","CREATES_ATTRIBUTE","attribute","attribute::Material Ledger Document.Object Number","tm1_ti_parser","attrinsert","UNRESOLVED","1"
"UNRESOLVED_DYNAMIC_REFERENCE","18bb00402d4e32dfe3914220","process::DataUpdate - Material Ledger - Consumption - Production","WRITES_ATTRIBUTE","attribute","attribute::Material Ledger Document.Object Number","tm1_ti_parser","AttrPutS","UNRESOLVED","1"
"UNRESOLVED_DYNAMIC_REFERENCE","edf03926ee084fc5ba75534f","process::DataUpdate - Material Ledger - Consumption - Sales","WRITES_ATTRIBUTE","attribute","attribute::Material Ledger Document.Object Number","tm1_ti_parser","AttrPutS","UNRESOLVED","1"
"UNRESOLVED_DYNAMIC_REFERENCE","2369d34edc031805e59df549","process::DataUpdate - Material Ledger - Consumption - Sales","CREATES_ATTRIBUTE","attribute","attribute::Material Ledger Document.Object Number","tm1_ti_parser","attrinsert","UNRESOLVED","1"
"UNRESOLVED_DYNAMIC_REFERENCE","c28fa1f0554b54186d853bfb","process::DataUpdate - Material Ledger - Consumption - Transfers","CREATES_ATTRIBUTE","attribute","attribute::Material Ledger Document.Object Number","tm1_ti_parser","attrinsert","UNRESOLVED","1"
"UNRESOLVED_DYNAMIC_REFERENCE","433e93e1009a3919ffaf02b5","process::DataUpdate - Material Ledger - Consumption - Transfers","WRITES_ATTRIBUTE","attribute","attribute::Material Ledger Document.Object Number","tm1_ti_parser","AttrPutS","UNRESOLVED","1"
"UNRESOLVED_DYNAMIC_REFERENCE","96f6bcb511c8ab852752f5df","process::DataUpdate - Material Ledger - Receipts - All other","WRITES_ATTRIBUTE","attribute","attribute::Material Ledger Document.Object Number","tm1_ti_parser","AttrPutS","UNRESOLVED","1"
"UNRESOLVED_DYNAMIC_REFERENCE","60b9574a6ebe9542af31b903","process::DataUpdate - Material Ledger - Receipts - All other","CREATES_ATTRIBUTE","attribute","attribute::Material Ledger Document.Object Number","tm1_ti_parser","attrinsert","UNRESOLVED","1"
"UNRESOLVED_DYNAMIC_REFERENCE","a1ffd534ae54f2f3ae67ab2d","process::DataUpdate - Material Ledger - Receipts - External Procured Receipts","WRITES_ATTRIBUTE","attribute","attribute::Material Ledger Document.Object Number","tm1_ti_parser","AttrPutS","UNRESOLVED","1"
"UNRESOLVED_DYNAMIC_REFERENCE","aae58f5e7091ee1d83173e8b","process::DataUpdate - Material Ledger - Receipts - External Procured Receipts","CREATES_ATTRIBUTE","attribute","attribute::Material Ledger Document.Object Number","tm1_ti_parser","attrinsert","UNRESOLVED","1"
"UNRESOLVED_DYNAMIC_REFERENCE","885b3a1ca8a382de5a015cf5","process::DataUpdate - Material Ledger - Receipts - Production","WRITES_ATTRIBUTE","attribute","attribute::Material Ledger Document.Object Number","tm1_ti_parser","AttrPutS","UNRESOLVED","1"
"UNRESOLVED_DYNAMIC_REFERENCE","7e6ca26ca3dc9f30e7ccb585","process::DataUpdate - Material Ledger - Receipts - Production","CREATES_ATTRIBUTE","attribute","attribute::Material Ledger Document.Object Number","tm1_ti_parser","attrinsert","UNRESOLVED","1"
"UNRESOLVED_DYNAMIC_REFERENCE","114ed344f49bcfa52e6b5a3c","process::DataUpdate - Material Ledger - Receipts - Transfer Posting","WRITES_ATTRIBUTE","attribute","attribute::Material Ledger Document.Object Number","tm1_ti_parser","AttrPutS","UNRESOLVED","1"
"UNRESOLVED_DYNAMIC_REFERENCE","d4c5c52377369166ff1e2c4e","process::DataUpdate - Material Ledger - Receipts - Transfer Posting","CREATES_ATTRIBUTE","attribute","attribute::Material Ledger Document.Object Number","tm1_ti_parser","attrinsert","UNRESOLVED","1"
"UNRESOLVED_DYNAMIC_REFERENCE","13f6ac64a5fec24992340663","process::DataUpdate - Material Ledger - Revaluation - All Other","CREATES_ATTRIBUTE","attribute","attribute::Material Ledger Document.Object Number","tm1_ti_parser","attrinsert","UNRESOLVED","1"
"UNRESOLVED_DYNAMIC_REFERENCE","bf5a26b5ea9affddd7cda10f","process::DataUpdate - Material Ledger - Revaluation - All Other","WRITES_ATTRIBUTE","attribute","attribute::Material Ledger Document.Object Number","tm1_ti_parser","AttrPutS","UNRESOLVED","1"
"UNRESOLVED_DYNAMIC_REFERENCE","95d3a5f68db9fe9a684693a5","process::DataUpdate - Material Ledger - Revaluation - Change in Material Price","CREATES_ATTRIBUTE","attribute","attribute::Material Ledger Document.Object Number","tm1_ti_parser","attrinsert","UNRESOLVED","1"
"UNRESOLVED_DYNAMIC_REFERENCE","a7f0616cfe7692b283ce71f5","process::DataUpdate - Material Ledger - Revaluation - Change in Material Price","WRITES_ATTRIBUTE","attribute","attribute::Material Ledger Document.Object Number","tm1_ti_parser","AttrPutS","UNRESOLVED","1"
"UNRESOLVED_DYNAMIC_REFERENCE","c000a37f03c1f189227604f3","process::DataUpdate - Material Ledger - Revaluation - External Procured Receipts","CREATES_ATTRIBUTE","attribute","attribute::Material Ledger Document.Object Number","tm1_ti_parser","attrinsert","UNRESOLVED","1"
"UNRESOLVED_DYNAMIC_REFERENCE","e38a0852321d8b643d040bd6","process::DataUpdate - Material Ledger - Revaluation - External Procured Receipts","WRITES_ATTRIBUTE","attribute","attribute::Material Ledger Document.Object Number","tm1_ti_parser","AttrPutS","UNRESOLVED","1"
"UNRESOLVED_DYNAMIC_REFERENCE","88c8b4d79eb87fa8ed7eddd9","process::DataUpdate - Material Ledger - Revaluation - Production","CREATES_ATTRIBUTE","attribute","attribute::Material Ledger Document.Object Number","tm1_ti_parser","attrinsert","UNRESOLVED","1"
"UNRESOLVED_DYNAMIC_REFERENCE","d959841460680a1997564935","process::DataUpdate - Material Ledger - Revaluation - Production","WRITES_ATTRIBUTE","attribute","attribute::Material Ledger Document.Object Number","tm1_ti_parser","AttrPutS","UNRESOLVED","1"
"UNRESOLVED_DYNAMIC_REFERENCE","63b14790f2f2c2b8ae41fe0a","process::DataUpdate - Material Ledger - Revaluation - Production Consumption","CREATES_ATTRIBUTE","attribute","attribute::Material Ledger Document.Object Number","tm1_ti_parser","attrinsert","UNRESOLVED","1"
"UNRESOLVED_DYNAMIC_REFERENCE","ba6d3b239edf0c101d040ee5","process::DataUpdate - Material Ledger - Revaluation - Production Consumption","WRITES_ATTRIBUTE","attribute","attribute::Material Ledger Document.Object Number","tm1_ti_parser","AttrPutS","UNRESOLVED","1"
"UNRESOLVED_DYNAMIC_REFERENCE","072143c579c46b54320c5889","process::DataUpdate - Material Ledger - Revaluation - Sales","CREATES_ATTRIBUTE","attribute","attribute::Material Ledger Document.Object Number","tm1_ti_parser","attrinsert","UNRESOLVED","1"
"UNRESOLVED_DYNAMIC_REFERENCE","fbd4762054459edcba675eda","process::DataUpdate - Material Ledger - Revaluation - Sales","WRITES_ATTRIBUTE","attribute","attribute::Material Ledger Document.Object Number","tm1_ti_parser","AttrPutS","UNRESOLVED","1"
"UNRESOLVED_DYNAMIC_REFERENCE","e92b01f13fa1c9ac5ae3dfbb","process::DataUpdate - Material Ledger - Revaluation - Transfer Posting","WRITES_ATTRIBUTE","attribute","attribute::Material Ledger Document.Object Number","tm1_ti_parser","AttrPutS","UNRESOLVED","1"
"UNRESOLVED_DYNAMIC_REFERENCE","c96eac6444230807d71d55de","process::DataUpdate - Material Ledger - Revaluation - Transfer Posting","CREATES_ATTRIBUTE","attribute","attribute::Material Ledger Document.Object Number","tm1_ti_parser","attrinsert","UNRESOLVED","1"
"UNRESOLVED_DYNAMIC_REFERENCE","8dc69c7f60a5e806cc1a8448","process::DataUpdate - Material Ledger - Revaluation - Transfers Out","WRITES_ATTRIBUTE","attribute","attribute::Material Ledger Document.Object Number","tm1_ti_parser","AttrPutS","UNRESOLVED","1"
"UNRESOLVED_DYNAMIC_REFERENCE","6d5368ff1cb3085a05fa3826","process::DataUpdate - Material Ledger - Revaluation - Transfers Out","CREATES_ATTRIBUTE","attribute","attribute::Material Ledger Document.Object Number","tm1_ti_parser","attrinsert","UNRESOLVED","1"
"UNRESOLVED_DYNAMIC_REFERENCE","a3bee847871c76f77a899b34","process::DataUpdate - Material Ledger - Beginning and Ending Inventory","WRITES_ATTRIBUTE","attribute","attribute::Material Ledger Document.Order Item Number","tm1_ti_parser","AttrPutS","UNRESOLVED","1"
"UNRESOLVED_DYNAMIC_REFERENCE","1f7c7672623525f21df215c7","process::DataUpdate - Material Ledger - Beginning and Ending Inventory","CREATES_ATTRIBUTE","attribute","attribute::Material Ledger Document.Order Item Number","tm1_ti_parser","attrinsert","UNRESOLVED","1"
"UNRESOLVED_DYNAMIC_REFERENCE","163fc596ec3b88da5fc0d65b","process::DataUpdate - Material Ledger - Consumption - All Other","WRITES_ATTRIBUTE","attribute","attribute::Material Ledger Document.Order Item Number","tm1_ti_parser","AttrPutS","UNRESOLVED","1"
"UNRESOLVED_DYNAMIC_REFERENCE","1bc97ad1a896c05ea7252d10","process::DataUpdate - Material Ledger - Consumption - All Other","CREATES_ATTRIBUTE","attribute","attribute::Material Ledger Document.Order Item Number","tm1_ti_parser","attrinsert","UNRESOLVED","1"
"UNRESOLVED_DYNAMIC_REFERENCE","9514f90306de213b9c479b07","process::DataUpdate - Material Ledger - Consumption - Production","WRITES_ATTRIBUTE","attribute","attribute::Material Ledger Document.Order Item Number","tm1_ti_parser","AttrPutS","UNRESOLVED","1"
"UNRESOLVED_DYNAMIC_REFERENCE","27fe590ac553e7bedeef1a85","process::DataUpdate - Material Ledger - Consumption - Production","CREATES_ATTRIBUTE","attribute","attribute::Material Ledger Document.Order Item Number","tm1_ti_parser","attrinsert","UNRESOLVED","1"
"UNRESOLVED_DYNAMIC_REFERENCE","d7aece002496bc83cca1ea16","process::DataUpdate - Material Ledger - Consumption - Sales","CREATES_ATTRIBUTE","attribute","attribute::Material Ledger Document.Order Item Number","tm1_ti_parser","attrinsert","UNRESOLVED","1"
"UNRESOLVED_DYNAMIC_REFERENCE","240c947d4c936a1b827bd3a0","process::DataUpdate - Material Ledger - Consumption - Sales","WRITES_ATTRIBUTE","attribute","attribute::Material Ledger Document.Order Item Number","tm1_ti_parser","AttrPutS","UNRESOLVED","1"
"UNRESOLVED_DYNAMIC_REFERENCE","9b3b83148aa2b40e0ef3fa6c","process::DataUpdate - Material Ledger - Consumption - Transfers","CREATES_ATTRIBUTE","attribute","attribute::Material Ledger Document.Order Item Number","tm1_ti_parser","attrinsert","UNRESOLVED","1"
"UNRESOLVED_DYNAMIC_REFERENCE","35fb01e35a51bedf7a1c6e67","process::DataUpdate - Material Ledger - Consumption - Transfers","WRITES_ATTRIBUTE","attribute","attribute::Material Ledger Document.Order Item Number","tm1_ti_parser","AttrPutS","UNRESOLVED","1"
"UNRESOLVED_DYNAMIC_REFERENCE","1c401481d1a375807b7da04f","process::DataUpdate - Material Ledger - Receipts - All other","CREATES_ATTRIBUTE","attribute","attribute::Material Ledger Document.Order Item Number","tm1_ti_parser","attrinsert","UNRESOLVED","1"
"UNRESOLVED_DYNAMIC_REFERENCE","1832b4b496d8f9bbbf4e5404","process::DataUpdate - Material Ledger - Receipts - All other","WRITES_ATTRIBUTE","attribute","attribute::Material Ledger Document.Order Item Number","tm1_ti_parser","AttrPutS","UNRESOLVED","1"
"UNRESOLVED_DYNAMIC_REFERENCE","e5a888165ec5ad436934eba6","process::DataUpdate - Material Ledger - Receipts - External Procured Receipts","CREATES_ATTRIBUTE","attribute","attribute::Material Ledger Document.Order Item Number","tm1_ti_parser","attrinsert","UNRESOLVED","1"
"UNRESOLVED_DYNAMIC_REFERENCE","7f10beb068f845d268d8c0da","process::DataUpdate - Material Ledger - Receipts - External Procured Receipts","WRITES_ATTRIBUTE","attribute","attribute::Material Ledger Document.Order Item Number","tm1_ti_parser","AttrPutS","UNRESOLVED","1"
"UNRESOLVED_DYNAMIC_REFERENCE","531a1adfbfc325118307c38b","process::DataUpdate - Material Ledger - Receipts - Production","CREATES_ATTRIBUTE","attribute","attribute::Material Ledger Document.Order Item Number","tm1_ti_parser","attrinsert","UNRESOLVED","1"
"UNRESOLVED_DYNAMIC_REFERENCE","9009807a849e494734ddb88e","process::DataUpdate - Material Ledger - Receipts - Production","WRITES_ATTRIBUTE","attribute","attribute::Material Ledger Document.Order Item Number","tm1_ti_parser","AttrPutS","UNRESOLVED","1"
"UNRESOLVED_DYNAMIC_REFERENCE","31bdf3c99b44ca3bb6747d07","process::DataUpdate - Material Ledger - Receipts - Transfer Posting","WRITES_ATTRIBUTE","attribute","attribute::Material Ledger Document.Order Item Number","tm1_ti_parser","AttrPutS","UNRESOLVED","1"
"UNRESOLVED_DYNAMIC_REFERENCE","47debef7d140054823d7c680","process::DataUpdate - Material Ledger - Receipts - Transfer Posting","CREATES_ATTRIBUTE","attribute","attribute::Material Ledger Document.Order Item Number","tm1_ti_parser","attrinsert","UNRESOLVED","1"
"UNRESOLVED_DYNAMIC_REFERENCE","a300d589c0d07e0b6d896e1e","process::DataUpdate - Material Ledger - Revaluation - All Other","CREATES_ATTRIBUTE","attribute","attribute::Material Ledger Document.Order Item Number","tm1_ti_parser","attrinsert","UNRESOLVED","1"
"UNRESOLVED_DYNAMIC_REFERENCE","b73c363717d68f5fef008dc4","process::DataUpdate - Material Ledger - Revaluation - All Other","WRITES_ATTRIBUTE","attribute","attribute::Material Ledger Document.Order Item Number","tm1_ti_parser","AttrPutS","UNRESOLVED","1"
"UNRESOLVED_DYNAMIC_REFERENCE","9203ed5a6d681042481510a9","process::DataUpdate - Material Ledger - Revaluation - Change in Material Price","WRITES_ATTRIBUTE","attribute","attribute::Material Ledger Document.Order Item Number","tm1_ti_parser","AttrPutS","UNRESOLVED","1"
"UNRESOLVED_DYNAMIC_REFERENCE","73342c59656d44c1eededf5c","process::DataUpdate - Material Ledger - Revaluation - Change in Material Price","CREATES_ATTRIBUTE","attribute","attribute::Material Ledger Document.Order Item Number","tm1_ti_parser","attrinsert","UNRESOLVED","1"
"UNRESOLVED_DYNAMIC_REFERENCE","bb9f1232a54c61255287eb95","process::DataUpdate - Material Ledger - Revaluation - External Procured Receipts","CREATES_ATTRIBUTE","attribute","attribute::Material Ledger Document.Order Item Number","tm1_ti_parser","attrinsert","UNRESOLVED","1"
"UNRESOLVED_DYNAMIC_REFERENCE","931d99174e8779e44d29a667","process::DataUpdate - Material Ledger - Revaluation - External Procured Receipts","WRITES_ATTRIBUTE","attribute","attribute::Material Ledger Document.Order Item Number","tm1_ti_parser","AttrPutS","UNRESOLVED","1"
"UNRESOLVED_DYNAMIC_REFERENCE","93e1d7dfd2f1fe155b770df7","process::DataUpdate - Material Ledger - Revaluation - Production","WRITES_ATTRIBUTE","attribute","attribute::Material Ledger Document.Order Item Number","tm1_ti_parser","AttrPutS","UNRESOLVED","1"
"UNRESOLVED_DYNAMIC_REFERENCE","8a53912cc2f39c96ff34c2c0","process::DataUpdate - Material Ledger - Revaluation - Production","CREATES_ATTRIBUTE","attribute","attribute::Material Ledger Document.Order Item Number","tm1_ti_parser","attrinsert","UNRESOLVED","1"
"UNRESOLVED_DYNAMIC_REFERENCE","b3c7606d30f1779e625a5269","process::DataUpdate - Material Ledger - Revaluation - Production Consumption","CREATES_ATTRIBUTE","attribute","attribute::Material Ledger Document.Order Item Number","tm1_ti_parser","attrinsert","UNRESOLVED","1"
"UNRESOLVED_DYNAMIC_REFERENCE","5a2ce04622dd7aa3e4251728","process::DataUpdate - Material Ledger - Revaluation - Production Consumption","WRITES_ATTRIBUTE","attribute","attribute::Material Ledger Document.Order Item Number","tm1_ti_parser","AttrPutS","UNRESOLVED","1"
"UNRESOLVED_DYNAMIC_REFERENCE","7505b64177e57a15a71c15ea","process::DataUpdate - Material Ledger - Revaluation - Sales","CREATES_ATTRIBUTE","attribute","attribute::Material Ledger Document.Order Item Number","tm1_ti_parser","attrinsert","UNRESOLVED","1"
"UNRESOLVED_DYNAMIC_REFERENCE","49c8385901a1d1f6f9314d6b","process::DataUpdate - Material Ledger - Revaluation - Sales","WRITES_ATTRIBUTE","attribute","attribute::Material Ledger Document.Order Item Number","tm1_ti_parser","AttrPutS","UNRESOLVED","1"
"UNRESOLVED_DYNAMIC_REFERENCE","14eee54364ac541c72a51647","process::DataUpdate - Material Ledger - Revaluation - Transfer Posting","CREATES_ATTRIBUTE","attribute","attribute::Material Ledger Document.Order Item Number","tm1_ti_parser","attrinsert","UNRESOLVED","1"
"UNRESOLVED_DYNAMIC_REFERENCE","a7c6798f15f3203e73f06eaf","process::DataUpdate - Material Ledger - Revaluation - Transfer Posting","WRITES_ATTRIBUTE","attribute","attribute::Material Ledger Document.Order Item Number","tm1_ti_parser","AttrPutS","UNRESOLVED","1"
"UNRESOLVED_DYNAMIC_REFERENCE","49a6adc15aeddef42892f81a","process::DataUpdate - Material Ledger - Revaluation - Transfers Out","WRITES_ATTRIBUTE","attribute","attribute::Material Ledger Document.Order Item Number","tm1_ti_parser","AttrPutS","UNRESOLVED","1"
"UNRESOLVED_DYNAMIC_REFERENCE","afa3672844fe5bb0e20ce0a3","process::DataUpdate - Material Ledger - Revaluation - Transfers Out","CREATES_ATTRIBUTE","attribute","attribute::Material Ledger Document.Order Item Number","tm1_ti_parser","attrinsert","UNRESOLVED","1"
"UNRESOLVED_DYNAMIC_REFERENCE","75594061476139fa5b246273","process::DataUpdate - Material Ledger - Beginning and Ending Inventory","WRITES_ATTRIBUTE","attribute","attribute::Material Ledger Document.Order Number","tm1_ti_parser","AttrPutS","UNRESOLVED","1"
"UNRESOLVED_DYNAMIC_REFERENCE","1985bd6210683e3859559bab","process::DataUpdate - Material Ledger - Beginning and Ending Inventory","CREATES_ATTRIBUTE","attribute","attribute::Material Ledger Document.Order Number","tm1_ti_parser","attrinsert","UNRESOLVED","1"
"UNRESOLVED_DYNAMIC_REFERENCE","9c5abf2a1a087fdcc69e3dda","process::DataUpdate - Material Ledger - Consumption - All Other","CREATES_ATTRIBUTE","attribute","attribute::Material Ledger Document.Order Number","tm1_ti_parser","attrinsert","UNRESOLVED","1"
"UNRESOLVED_DYNAMIC_REFERENCE","9a8d570c4eb639b3eafe6b98","process::DataUpdate - Material Ledger - Consumption - All Other","WRITES_ATTRIBUTE","attribute","attribute::Material Ledger Document.Order Number","tm1_ti_parser","AttrPutS","UNRESOLVED","1"
"UNRESOLVED_DYNAMIC_REFERENCE","c22ff64406897f3a9ba0f672","process::DataUpdate - Material Ledger - Consumption - Production","WRITES_ATTRIBUTE","attribute","attribute::Material Ledger Document.Order Number","tm1_ti_parser","AttrPutS","UNRESOLVED","1"
"UNRESOLVED_DYNAMIC_REFERENCE","79ed93d68225fdfbc027f4ba","process::DataUpdate - Material Ledger - Consumption - Production","CREATES_ATTRIBUTE","attribute","attribute::Material Ledger Document.Order Number","tm1_ti_parser","attrinsert","UNRESOLVED","1"
"UNRESOLVED_DYNAMIC_REFERENCE","a33e79a2c0345f4ea29f2d49","process::DataUpdate - Material Ledger - Consumption - Sales","CREATES_ATTRIBUTE","attribute","attribute::Material Ledger Document.Order Number","tm1_ti_parser","attrinsert","UNRESOLVED","1"
"UNRESOLVED_DYNAMIC_REFERENCE","37059298ae97ebc06a1f399e","process::DataUpdate - Material Ledger - Consumption - Sales","WRITES_ATTRIBUTE","attribute","attribute::Material Ledger Document.Order Number","tm1_ti_parser","AttrPutS","UNRESOLVED","1"
"UNRESOLVED_DYNAMIC_REFERENCE","3c25fa646874b727145ad771","process::DataUpdate - Material Ledger - Consumption - Transfers","CREATES_ATTRIBUTE","attribute","attribute::Material Ledger Document.Order Number","tm1_ti_parser","attrinsert","UNRESOLVED","1"
"UNRESOLVED_DYNAMIC_REFERENCE","d701ac7f57ed60d2285e1e7c","process::DataUpdate - Material Ledger - Consumption - Transfers","WRITES_ATTRIBUTE","attribute","attribute::Material Ledger Document.Order Number","tm1_ti_parser","AttrPutS","UNRESOLVED","1"
"UNRESOLVED_DYNAMIC_REFERENCE","e919913251f3672ef2486f18","process::DataUpdate - Material Ledger - Receipts - All other","WRITES_ATTRIBUTE","attribute","attribute::Material Ledger Document.Order Number","tm1_ti_parser","AttrPutS","UNRESOLVED","1"
"UNRESOLVED_DYNAMIC_REFERENCE","11163c6de0efc31e7d030d1e","process::DataUpdate - Material Ledger - Receipts - All other","CREATES_ATTRIBUTE","attribute","attribute::Material Ledger Document.Order Number","tm1_ti_parser","attrinsert","UNRESOLVED","1"
"UNRESOLVED_DYNAMIC_REFERENCE","0b5747cfdba581f86c02e654","process::DataUpdate - Material Ledger - Receipts - External Procured Receipts","WRITES_ATTRIBUTE","attribute","attribute::Material Ledger Document.Order Number","tm1_ti_parser","AttrPutS","UNRESOLVED","1"
"UNRESOLVED_DYNAMIC_REFERENCE","91ea01cdbe3b10c591e922aa","process::DataUpdate - Material Ledger - Receipts - External Procured Receipts","CREATES_ATTRIBUTE","attribute","attribute::Material Ledger Document.Order Number","tm1_ti_parser","attrinsert","UNRESOLVED","1"
"UNRESOLVED_DYNAMIC_REFERENCE","48a7ee234a95be2fd8a5af67","process::DataUpdate - Material Ledger - Receipts - Production","CREATES_ATTRIBUTE","attribute","attribute::Material Ledger Document.Order Number","tm1_ti_parser","attrinsert","UNRESOLVED","1"
"UNRESOLVED_DYNAMIC_REFERENCE","368514f7dea18c2bc21e8102","process::DataUpdate - Material Ledger - Receipts - Production","WRITES_ATTRIBUTE","attribute","attribute::Material Ledger Document.Order Number","tm1_ti_parser","AttrPutS","UNRESOLVED","1"
"UNRESOLVED_DYNAMIC_REFERENCE","649ab9027557e79d525debf7","process::DataUpdate - Material Ledger - Receipts - Transfer Posting","CREATES_ATTRIBUTE","attribute","attribute::Material Ledger Document.Order Number","tm1_ti_parser","attrinsert","UNRESOLVED","1"
"UNRESOLVED_DYNAMIC_REFERENCE","14977bf57b4eb6ffcbede379","process::DataUpdate - Material Ledger - Receipts - Transfer Posting","WRITES_ATTRIBUTE","attribute","attribute::Material Ledger Document.Order Number","tm1_ti_parser","AttrPutS","UNRESOLVED","1"
"UNRESOLVED_DYNAMIC_REFERENCE","12b102c09f0946a3f21ab8e6","process::DataUpdate - Material Ledger - Revaluation - All Other","CREATES_ATTRIBUTE","attribute","attribute::Material Ledger Document.Order Number","tm1_ti_parser","attrinsert","UNRESOLVED","1"
"UNRESOLVED_DYNAMIC_REFERENCE","d64ee5b359e465f53e4c09e3","process::DataUpdate - Material Ledger - Revaluation - All Other","WRITES_ATTRIBUTE","attribute","attribute::Material Ledger Document.Order Number","tm1_ti_parser","AttrPutS","UNRESOLVED","1"
"UNRESOLVED_DYNAMIC_REFERENCE","9064b79f605cd2d8e29836e8","process::DataUpdate - Material Ledger - Revaluation - Change in Material Price","WRITES_ATTRIBUTE","attribute","attribute::Material Ledger Document.Order Number","tm1_ti_parser","AttrPutS","UNRESOLVED","1"
"UNRESOLVED_DYNAMIC_REFERENCE","6b4eea5aa17d3bb0376ebd2b","process::DataUpdate - Material Ledger - Revaluation - Change in Material Price","CREATES_ATTRIBUTE","attribute","attribute::Material Ledger Document.Order Number","tm1_ti_parser","attrinsert","UNRESOLVED","1"
"UNRESOLVED_DYNAMIC_REFERENCE","ff46fe77f004b08f011f6a9f","process::DataUpdate - Material Ledger - Revaluation - External Procured Receipts","CREATES_ATTRIBUTE","attribute","attribute::Material Ledger Document.Order Number","tm1_ti_parser","attrinsert","UNRESOLVED","1"
"UNRESOLVED_DYNAMIC_REFERENCE","ef7fd318af718621d41be7a1","process::DataUpdate - Material Ledger - Revaluation - External Procured Receipts","WRITES_ATTRIBUTE","attribute","attribute::Material Ledger Document.Order Number","tm1_ti_parser","AttrPutS","UNRESOLVED","1"
"UNRESOLVED_DYNAMIC_REFERENCE","2d8a4076f47ac3c2d5d8cc04","process::DataUpdate - Material Ledger - Revaluation - Production","WRITES_ATTRIBUTE","attribute","attribute::Material Ledger Document.Order Number","tm1_ti_parser","AttrPutS","UNRESOLVED","1"
"UNRESOLVED_DYNAMIC_REFERENCE","de4731d8dc79d839556d8f4a","process::DataUpdate - Material Ledger - Revaluation - Production","CREATES_ATTRIBUTE","attribute","attribute::Material Ledger Document.Order Number","tm1_ti_parser","attrinsert","UNRESOLVED","1"
"UNRESOLVED_DYNAMIC_REFERENCE","71c809f88782eba8b08a5a1e","process::DataUpdate - Material Ledger - Revaluation - Production Consumption","CREATES_ATTRIBUTE","attribute","attribute::Material Ledger Document.Order Number","tm1_ti_parser","attrinsert","UNRESOLVED","1"
"UNRESOLVED_DYNAMIC_REFERENCE","7e7b234f5f096b56f1e47fd1","process::DataUpdate - Material Ledger - Revaluation - Production Consumption","WRITES_ATTRIBUTE","attribute","attribute::Material Ledger Document.Order Number","tm1_ti_parser","AttrPutS","UNRESOLVED","1"
"UNRESOLVED_DYNAMIC_REFERENCE","c431e4c206f7a63630b3383e","process::DataUpdate - Material Ledger - Revaluation - Sales","WRITES_ATTRIBUTE","attribute","attribute::Material Ledger Document.Order Number","tm1_ti_parser","AttrPutS","UNRESOLVED","1"
"UNRESOLVED_DYNAMIC_REFERENCE","7a0b5818eccac18cb72bcf05","process::DataUpdate - Material Ledger - Revaluation - Sales","CREATES_ATTRIBUTE","attribute","attribute::Material Ledger Document.Order Number","tm1_ti_parser","attrinsert","UNRESOLVED","1"
"UNRESOLVED_DYNAMIC_REFERENCE","ddac8440c8a80017765a3886","process::DataUpdate - Material Ledger - Revaluation - Transfer Posting","CREATES_ATTRIBUTE","attribute","attribute::Material Ledger Document.Order Number","tm1_ti_parser","attrinsert","UNRESOLVED","1"
"UNRESOLVED_DYNAMIC_REFERENCE","0b648b7cda27cd5bd7ee2f53","process::DataUpdate - Material Ledger - Revaluation - Transfer Posting","WRITES_ATTRIBUTE","attribute","attribute::Material Ledger Document.Order Number","tm1_ti_parser","AttrPutS","UNRESOLVED","1"
"UNRESOLVED_DYNAMIC_REFERENCE","abc0d931ddc536eaa1cace65","process::DataUpdate - Material Ledger - Revaluation - Transfers Out","WRITES_ATTRIBUTE","attribute","attribute::Material Ledger Document.Order Number","tm1_ti_parser","AttrPutS","UNRESOLVED","1"
"UNRESOLVED_DYNAMIC_REFERENCE","df531602d288431dc681c319","process::DataUpdate - Material Ledger - Revaluation - Transfers Out","CREATES_ATTRIBUTE","attribute","attribute::Material Ledger Document.Order Number","tm1_ti_parser","attrinsert","UNRESOLVED","1"
"UNRESOLVED_DYNAMIC_REFERENCE","800f2f8688a5bb70ac5670d3","process::DataUpdate - Material Ledger - Beginning and Ending Inventory","WRITES_ATTRIBUTE","attribute","attribute::Material Ledger Document.PO UOM","tm1_ti_parser","AttrPutS","UNRESOLVED","1"
"UNRESOLVED_DYNAMIC_REFERENCE","9a83c9531ed6bfdeb8ff6789","process::DataUpdate - Material Ledger - Beginning and Ending Inventory","CREATES_ATTRIBUTE","attribute","attribute::Material Ledger Document.PO UOM","tm1_ti_parser","attrinsert","UNRESOLVED","1"
"UNRESOLVED_DYNAMIC_REFERENCE","2e378c2511164c40a34fdadc","process::DataUpdate - Material Ledger - Consumption - All Other","CREATES_ATTRIBUTE","attribute","attribute::Material Ledger Document.PO UOM","tm1_ti_parser","attrinsert","UNRESOLVED","1"
"UNRESOLVED_DYNAMIC_REFERENCE","7ff7e0db4e9bfd0f85ecf165","process::DataUpdate - Material Ledger - Consumption - All Other","WRITES_ATTRIBUTE","attribute","attribute::Material Ledger Document.PO UOM","tm1_ti_parser","AttrPutS","UNRESOLVED","1"
"UNRESOLVED_DYNAMIC_REFERENCE","35889eeb7f42857e5438ee1b","process::DataUpdate - Material Ledger - Consumption - Production","WRITES_ATTRIBUTE","attribute","attribute::Material Ledger Document.PO UOM","tm1_ti_parser","AttrPutS","UNRESOLVED","1"
"UNRESOLVED_DYNAMIC_REFERENCE","163319931a4b15e1a46b3831","process::DataUpdate - Material Ledger - Consumption - Production","CREATES_ATTRIBUTE","attribute","attribute::Material Ledger Document.PO UOM","tm1_ti_parser","attrinsert","UNRESOLVED","1"
"UNRESOLVED_DYNAMIC_REFERENCE","e893859348e239cb6faaddfb","process::DataUpdate - Material Ledger - Consumption - Sales","CREATES_ATTRIBUTE","attribute","attribute::Material Ledger Document.PO UOM","tm1_ti_parser","attrinsert","UNRESOLVED","1"
"UNRESOLVED_DYNAMIC_REFERENCE","9574ec8b612e2c056a7b71f1","process::DataUpdate - Material Ledger - Consumption - Sales","WRITES_ATTRIBUTE","attribute","attribute::Material Ledger Document.PO UOM","tm1_ti_parser","AttrPutS","UNRESOLVED","1"
"UNRESOLVED_DYNAMIC_REFERENCE","505facba6c9aa6e9fc6ea258","process::DataUpdate - Material Ledger - Consumption - Transfers","CREATES_ATTRIBUTE","attribute","attribute::Material Ledger Document.PO UOM","tm1_ti_parser","attrinsert","UNRESOLVED","1"
"UNRESOLVED_DYNAMIC_REFERENCE","a89cf439e50592d99ecb2456","process::DataUpdate - Material Ledger - Consumption - Transfers","WRITES_ATTRIBUTE","attribute","attribute::Material Ledger Document.PO UOM","tm1_ti_parser","AttrPutS","UNRESOLVED","1"
"UNRESOLVED_DYNAMIC_REFERENCE","51ae59e2698e12dfb220df0d","process::DataUpdate - Material Ledger - Receipts - All other","CREATES_ATTRIBUTE","attribute","attribute::Material Ledger Document.PO UOM","tm1_ti_parser","attrinsert","UNRESOLVED","1"
"UNRESOLVED_DYNAMIC_REFERENCE","3b0cb3f3ffb61fca7743e40e","process::DataUpdate - Material Ledger - Receipts - All other","WRITES_ATTRIBUTE","attribute","attribute::Material Ledger Document.PO UOM","tm1_ti_parser","AttrPutS","UNRESOLVED","1"
"UNRESOLVED_DYNAMIC_REFERENCE","5fe3c885e35c034916724da1","process::DataUpdate - Material Ledger - Receipts - External Procured Receipts","WRITES_ATTRIBUTE","attribute","attribute::Material Ledger Document.PO UOM","tm1_ti_parser","AttrPutS","UNRESOLVED","1"
"UNRESOLVED_DYNAMIC_REFERENCE","d93230e85c0dc5fabb5bda3e","process::DataUpdate - Material Ledger - Receipts - External Procured Receipts","CREATES_ATTRIBUTE","attribute","attribute::Material Ledger Document.PO UOM","tm1_ti_parser","attrinsert","UNRESOLVED","1"
"UNRESOLVED_DYNAMIC_REFERENCE","fc9410f7ebb75e0d6a7d0508","process::DataUpdate - Material Ledger - Receipts - Production","CREATES_ATTRIBUTE","attribute","attribute::Material Ledger Document.PO UOM","tm1_ti_parser","attrinsert","UNRESOLVED","1"
"UNRESOLVED_DYNAMIC_REFERENCE","0b08acb895dc77c31628e8bc","process::DataUpdate - Material Ledger - Receipts - Production","WRITES_ATTRIBUTE","attribute","attribute::Material Ledger Document.PO UOM","tm1_ti_parser","AttrPutS","UNRESOLVED","1"
"UNRESOLVED_DYNAMIC_REFERENCE","340b35e3c7a40270f27f3078","process::DataUpdate - Material Ledger - Receipts - Transfer Posting","CREATES_ATTRIBUTE","attribute","attribute::Material Ledger Document.PO UOM","tm1_ti_parser","attrinsert","UNRESOLVED","1"
"UNRESOLVED_DYNAMIC_REFERENCE","db562de21d98a085eab8da04","process::DataUpdate - Material Ledger - Receipts - Transfer Posting","WRITES_ATTRIBUTE","attribute","attribute::Material Ledger Document.PO UOM","tm1_ti_parser","AttrPutS","UNRESOLVED","1"
"UNRESOLVED_DYNAMIC_REFERENCE","88c4f0f08e4b04715fd76119","process::DataUpdate - Material Ledger - Revaluation - All Other","WRITES_ATTRIBUTE","attribute","attribute::Material Ledger Document.PO UOM","tm1_ti_parser","AttrPutS","UNRESOLVED","1"
"UNRESOLVED_DYNAMIC_REFERENCE","71f3ab4fa032524bfe8377da","process::DataUpdate - Material Ledger - Revaluation - All Other","CREATES_ATTRIBUTE","attribute","attribute::Material Ledger Document.PO UOM","tm1_ti_parser","attrinsert","UNRESOLVED","1"
"UNRESOLVED_DYNAMIC_REFERENCE","94f3bc346a1d2fe6023a9ed0","process::DataUpdate - Material Ledger - Revaluation - Change in Material Price","CREATES_ATTRIBUTE","attribute","attribute::Material Ledger Document.PO UOM","tm1_ti_parser","attrinsert","UNRESOLVED","1"
"UNRESOLVED_DYNAMIC_REFERENCE","949e39958d8ec345d183f416","process::DataUpdate - Material Ledger - Revaluation - Change in Material Price","WRITES_ATTRIBUTE","attribute","attribute::Material Ledger Document.PO UOM","tm1_ti_parser","AttrPutS","UNRESOLVED","1"
"UNRESOLVED_DYNAMIC_REFERENCE","36c9f70ba30a303c4c61407a","process::DataUpdate - Material Ledger - Revaluation - External Procured Receipts","CREATES_ATTRIBUTE","attribute","attribute::Material Ledger Document.PO UOM","tm1_ti_parser","attrinsert","UNRESOLVED","1"
"UNRESOLVED_DYNAMIC_REFERENCE","1aeaa87af9017fa23ddb8b48","process::DataUpdate - Material Ledger - Revaluation - External Procured Receipts","WRITES_ATTRIBUTE","attribute","attribute::Material Ledger Document.PO UOM","tm1_ti_parser","AttrPutS","UNRESOLVED","1"
"UNRESOLVED_DYNAMIC_REFERENCE","ab303a9e11672d888fd174a2","process::DataUpdate - Material Ledger - Revaluation - Production","CREATES_ATTRIBUTE","attribute","attribute::Material Ledger Document.PO UOM","tm1_ti_parser","attrinsert","UNRESOLVED","1"
"UNRESOLVED_DYNAMIC_REFERENCE","40a8f13d7063ff9de6a11217","process::DataUpdate - Material Ledger - Revaluation - Production","WRITES_ATTRIBUTE","attribute","attribute::Material Ledger Document.PO UOM","tm1_ti_parser","AttrPutS","UNRESOLVED","1"
"UNRESOLVED_DYNAMIC_REFERENCE","ebd3cda5875418ef57a7d526","process::DataUpdate - Material Ledger - Revaluation - Production Consumption","CREATES_ATTRIBUTE","attribute","attribute::Material Ledger Document.PO UOM","tm1_ti_parser","attrinsert","UNRESOLVED","1"
"UNRESOLVED_DYNAMIC_REFERENCE","fe0bdb081149cf2ee2091e06","process::DataUpdate - Material Ledger - Revaluation - Production Consumption","WRITES_ATTRIBUTE","attribute","attribute::Material Ledger Document.PO UOM","tm1_ti_parser","AttrPutS","UNRESOLVED","1"
"UNRESOLVED_DYNAMIC_REFERENCE","e843fa27040dbf0727cf8d41","process::DataUpdate - Material Ledger - Revaluation - Sales","CREATES_ATTRIBUTE","attribute","attribute::Material Ledger Document.PO UOM","tm1_ti_parser","attrinsert","UNRESOLVED","1"
"UNRESOLVED_DYNAMIC_REFERENCE","bcba31a566a5e5bac1b149c8","process::DataUpdate - Material Ledger - Revaluation - Sales","WRITES_ATTRIBUTE","attribute","attribute::Material Ledger Document.PO UOM","tm1_ti_parser","AttrPutS","UNRESOLVED","1"
"UNRESOLVED_DYNAMIC_REFERENCE","b37206198ffc9daaa8f8cf1f","process::DataUpdate - Material Ledger - Revaluation - Transfer Posting","WRITES_ATTRIBUTE","attribute","attribute::Material Ledger Document.PO UOM","tm1_ti_parser","AttrPutS","UNRESOLVED","1"
"UNRESOLVED_DYNAMIC_REFERENCE","f4e1c84730ce7cec9771ae7f","process::DataUpdate - Material Ledger - Revaluation - Transfer Posting","CREATES_ATTRIBUTE","attribute","attribute::Material Ledger Document.PO UOM","tm1_ti_parser","attrinsert","UNRESOLVED","1"
"UNRESOLVED_DYNAMIC_REFERENCE","2a6f42e36f8760d606eb7b3b","process::DataUpdate - Material Ledger - Revaluation - Transfers Out","WRITES_ATTRIBUTE","attribute","attribute::Material Ledger Document.PO UOM","tm1_ti_parser","AttrPutS","UNRESOLVED","1"
"UNRESOLVED_DYNAMIC_REFERENCE","453acab11682517641395bda","process::DataUpdate - Material Ledger - Revaluation - Transfers Out","CREATES_ATTRIBUTE","attribute","attribute::Material Ledger Document.PO UOM","tm1_ti_parser","attrinsert","UNRESOLVED","1"
"UNRESOLVED_DYNAMIC_REFERENCE","5db74bb3beff9919deda9b72","process::DataUpdate - Material Ledger - Beginning and Ending Inventory","WRITES_ATTRIBUTE","attribute","attribute::Material Ledger Document.Process","tm1_ti_parser","AttrPutS","UNRESOLVED","1"
"UNRESOLVED_DYNAMIC_REFERENCE","2b428bb572f5117e025cf04b","process::DataUpdate - Material Ledger - Beginning and Ending Inventory","CREATES_ATTRIBUTE","attribute","attribute::Material Ledger Document.Process","tm1_ti_parser","attrinsert","UNRESOLVED","1"
"UNRESOLVED_DYNAMIC_REFERENCE","50cb007501948247cea1b791","process::DataUpdate - Material Ledger - Consumption - All Other","CREATES_ATTRIBUTE","attribute","attribute::Material Ledger Document.Process","tm1_ti_parser","attrinsert","UNRESOLVED","1"
"UNRESOLVED_DYNAMIC_REFERENCE","2f4e6ecd086f6490881978dd","process::DataUpdate - Material Ledger - Consumption - All Other","WRITES_ATTRIBUTE","attribute","attribute::Material Ledger Document.Process","tm1_ti_parser","AttrPutS","UNRESOLVED","1"
"UNRESOLVED_DYNAMIC_REFERENCE","7c8b96b0a5df8372d38825d4","process::DataUpdate - Material Ledger - Consumption - Production","CREATES_ATTRIBUTE","attribute","attribute::Material Ledger Document.Process","tm1_ti_parser","attrinsert","UNRESOLVED","1"
"UNRESOLVED_DYNAMIC_REFERENCE","0ff86dae40acdab2aa2f23ee","process::DataUpdate - Material Ledger - Consumption - Production","WRITES_ATTRIBUTE","attribute","attribute::Material Ledger Document.Process","tm1_ti_parser","AttrPutS","UNRESOLVED","1"
"UNRESOLVED_DYNAMIC_REFERENCE","8b82f3b20f8d3972e4dda9b7","process::DataUpdate - Material Ledger - Consumption - Sales","CREATES_ATTRIBUTE","attribute","attribute::Material Ledger Document.Process","tm1_ti_parser","attrinsert","UNRESOLVED","1"
"UNRESOLVED_DYNAMIC_REFERENCE","a07c5048f32e2db6840ab828","process::DataUpdate - Material Ledger - Consumption - Sales","WRITES_ATTRIBUTE","attribute","attribute::Material Ledger Document.Process","tm1_ti_parser","AttrPutS","UNRESOLVED","1"
"UNRESOLVED_DYNAMIC_REFERENCE","f5ef47882a64f82013cd0c17","process::DataUpdate - Material Ledger - Consumption - Transfers","WRITES_ATTRIBUTE","attribute","attribute::Material Ledger Document.Process","tm1_ti_parser","AttrPutS","UNRESOLVED","1"
"UNRESOLVED_DYNAMIC_REFERENCE","0e1c608fc4028998b636289c","process::DataUpdate - Material Ledger - Consumption - Transfers","CREATES_ATTRIBUTE","attribute","attribute::Material Ledger Document.Process","tm1_ti_parser","attrinsert","UNRESOLVED","1"
"UNRESOLVED_DYNAMIC_REFERENCE","3a8f9c01bbee78d1a193890c","process::DataUpdate - Material Ledger - Receipts - All other","CREATES_ATTRIBUTE","attribute","attribute::Material Ledger Document.Process","tm1_ti_parser","attrinsert","UNRESOLVED","1"
"UNRESOLVED_DYNAMIC_REFERENCE","28150d2c72765332b138552a","process::DataUpdate - Material Ledger - Receipts - All other","WRITES_ATTRIBUTE","attribute","attribute::Material Ledger Document.Process","tm1_ti_parser","AttrPutS","UNRESOLVED","1"
"UNRESOLVED_DYNAMIC_REFERENCE","677f7eaf1c689e9f84a49fed","process::DataUpdate - Material Ledger - Receipts - External Procured Receipts","CREATES_ATTRIBUTE","attribute","attribute::Material Ledger Document.Process","tm1_ti_parser","attrinsert","UNRESOLVED","1"
"UNRESOLVED_DYNAMIC_REFERENCE","d26a3df014ca28605c940a23","process::DataUpdate - Material Ledger - Receipts - External Procured Receipts","WRITES_ATTRIBUTE","attribute","attribute::Material Ledger Document.Process","tm1_ti_parser","AttrPutS","UNRESOLVED","1"
"UNRESOLVED_DYNAMIC_REFERENCE","c467e893afdc7669bc23596a","process::DataUpdate - Material Ledger - Receipts - Production","CREATES_ATTRIBUTE","attribute","attribute::Material Ledger Document.Process","tm1_ti_parser","attrinsert","UNRESOLVED","1"
"UNRESOLVED_DYNAMIC_REFERENCE","f655dbaa8adf9bbe67de9031","process::DataUpdate - Material Ledger - Receipts - Production","WRITES_ATTRIBUTE","attribute","attribute::Material Ledger Document.Process","tm1_ti_parser","AttrPutS","UNRESOLVED","1"
"UNRESOLVED_DYNAMIC_REFERENCE","5e4e3496f824966f9ffed012","process::DataUpdate - Material Ledger - Receipts - Transfer Posting","WRITES_ATTRIBUTE","attribute","attribute::Material Ledger Document.Process","tm1_ti_parser","AttrPutS","UNRESOLVED","1"
"UNRESOLVED_DYNAMIC_REFERENCE","090c9a9201ce07f191e26731","process::DataUpdate - Material Ledger - Receipts - Transfer Posting","CREATES_ATTRIBUTE","attribute","attribute::Material Ledger Document.Process","tm1_ti_parser","attrinsert","UNRESOLVED","1"
"UNRESOLVED_DYNAMIC_REFERENCE","b689589b9523e29c2f34c88f","process::DataUpdate - Material Ledger - Revaluation - All Other","WRITES_ATTRIBUTE","attribute","attribute::Material Ledger Document.Process","tm1_ti_parser","AttrPutS","UNRESOLVED","1"
"UNRESOLVED_DYNAMIC_REFERENCE","35cc7621c88454cd1fbb7340","process::DataUpdate - Material Ledger - Revaluation - All Other","CREATES_ATTRIBUTE","attribute","attribute::Material Ledger Document.Process","tm1_ti_parser","attrinsert","UNRESOLVED","1"
"UNRESOLVED_DYNAMIC_REFERENCE","3ac2a95d3d701ed5fc51db07","process::DataUpdate - Material Ledger - Revaluation - Change in Material Price","CREATES_ATTRIBUTE","attribute","attribute::Material Ledger Document.Process","tm1_ti_parser","attrinsert","UNRESOLVED","1"
"UNRESOLVED_DYNAMIC_REFERENCE","c70de67599575dfe27f7753f","process::DataUpdate - Material Ledger - Revaluation - Change in Material Price","WRITES_ATTRIBUTE","attribute","attribute::Material Ledger Document.Process","tm1_ti_parser","AttrPutS","UNRESOLVED","1"
"UNRESOLVED_DYNAMIC_REFERENCE","8513c6fa6f12c77e864d867b","process::DataUpdate - Material Ledger - Revaluation - External Procured Receipts","CREATES_ATTRIBUTE","attribute","attribute::Material Ledger Document.Process","tm1_ti_parser","attrinsert","UNRESOLVED","1"
"UNRESOLVED_DYNAMIC_REFERENCE","1238d09ba34ed36c4cf660fd","process::DataUpdate - Material Ledger - Revaluation - External Procured Receipts","WRITES_ATTRIBUTE","attribute","attribute::Material Ledger Document.Process","tm1_ti_parser","AttrPutS","UNRESOLVED","1"
"UNRESOLVED_DYNAMIC_REFERENCE","59a3f8c4ccc621e6e1e9d672","process::DataUpdate - Material Ledger - Revaluation - Production","CREATES_ATTRIBUTE","attribute","attribute::Material Ledger Document.Process","tm1_ti_parser","attrinsert","UNRESOLVED","1"
"UNRESOLVED_DYNAMIC_REFERENCE","98dcae5482fc184649575e3e","process::DataUpdate - Material Ledger - Revaluation - Production","WRITES_ATTRIBUTE","attribute","attribute::Material Ledger Document.Process","tm1_ti_parser","AttrPutS","UNRESOLVED","1"
"UNRESOLVED_DYNAMIC_REFERENCE","89a08eef0f294b47eda81773","process::DataUpdate - Material Ledger - Revaluation - Production Consumption","CREATES_ATTRIBUTE","attribute","attribute::Material Ledger Document.Process","tm1_ti_parser","attrinsert","UNRESOLVED","1"
"UNRESOLVED_DYNAMIC_REFERENCE","9d53f8c1e3bd2c58c71fba8d","process::DataUpdate - Material Ledger - Revaluation - Production Consumption","WRITES_ATTRIBUTE","attribute","attribute::Material Ledger Document.Process","tm1_ti_parser","AttrPutS","UNRESOLVED","1"
"UNRESOLVED_DYNAMIC_REFERENCE","cdcafcb2a46c4fb23d47b8e8","process::DataUpdate - Material Ledger - Revaluation - Sales","WRITES_ATTRIBUTE","attribute","attribute::Material Ledger Document.Process","tm1_ti_parser","AttrPutS","UNRESOLVED","1"
"UNRESOLVED_DYNAMIC_REFERENCE","d9e33cafea65aa686d032023","process::DataUpdate - Material Ledger - Revaluation - Sales","CREATES_ATTRIBUTE","attribute","attribute::Material Ledger Document.Process","tm1_ti_parser","attrinsert","UNRESOLVED","1"
"UNRESOLVED_DYNAMIC_REFERENCE","fa982e955678cd27fe199628","process::DataUpdate - Material Ledger - Revaluation - Transfer Posting","CREATES_ATTRIBUTE","attribute","attribute::Material Ledger Document.Process","tm1_ti_parser","attrinsert","UNRESOLVED","1"
"UNRESOLVED_DYNAMIC_REFERENCE","d1c1792cbb4a228119cb1ba3","process::DataUpdate - Material Ledger - Revaluation - Transfer Posting","WRITES_ATTRIBUTE","attribute","attribute::Material Ledger Document.Process","tm1_ti_parser","AttrPutS","UNRESOLVED","1"
"UNRESOLVED_DYNAMIC_REFERENCE","0d66333f6dd7e5eee3a0e30c","process::DataUpdate - Material Ledger - Revaluation - Transfers Out","WRITES_ATTRIBUTE","attribute","attribute::Material Ledger Document.Process","tm1_ti_parser","AttrPutS","UNRESOLVED","1"
"UNRESOLVED_DYNAMIC_REFERENCE","8a344872a8969ae2f3cb2f5b","process::DataUpdate - Material Ledger - Revaluation - Transfers Out","CREATES_ATTRIBUTE","attribute","attribute::Material Ledger Document.Process","tm1_ti_parser","attrinsert","UNRESOLVED","1"
"UNRESOLVED_DYNAMIC_REFERENCE","7a73664db2a1d505c781f8c9","process::DataUpdate - Material Ledger - Beginning and Ending Inventory","CREATES_ATTRIBUTE","attribute","attribute::Material Ledger Document.Purchasing Document No","tm1_ti_parser","attrinsert","UNRESOLVED","1"
"UNRESOLVED_DYNAMIC_REFERENCE","3d1f639ad0b56d9e69f8cf8a","process::DataUpdate - Material Ledger - Beginning and Ending Inventory","WRITES_ATTRIBUTE","attribute","attribute::Material Ledger Document.Purchasing Document No","tm1_ti_parser","AttrPutS","UNRESOLVED","1"
"UNRESOLVED_DYNAMIC_REFERENCE","bac2fded8e3753a6700b66d2","process::DataUpdate - Material Ledger - Consumption - All Other","WRITES_ATTRIBUTE","attribute","attribute::Material Ledger Document.Purchasing Document No","tm1_ti_parser","AttrPutS","UNRESOLVED","1"
"UNRESOLVED_DYNAMIC_REFERENCE","72ad82c3dde74198538b992c","process::DataUpdate - Material Ledger - Consumption - All Other","CREATES_ATTRIBUTE","attribute","attribute::Material Ledger Document.Purchasing Document No","tm1_ti_parser","attrinsert","UNRESOLVED","1"
"UNRESOLVED_DYNAMIC_REFERENCE","172661276714523bf6731147","process::DataUpdate - Material Ledger - Consumption - Production","WRITES_ATTRIBUTE","attribute","attribute::Material Ledger Document.Purchasing Document No","tm1_ti_parser","AttrPutS","UNRESOLVED","1"
"UNRESOLVED_DYNAMIC_REFERENCE","9e85e604543dc49771e9f8e0","process::DataUpdate - Material Ledger - Consumption - Production","CREATES_ATTRIBUTE","attribute","attribute::Material Ledger Document.Purchasing Document No","tm1_ti_parser","attrinsert","UNRESOLVED","1"
"UNRESOLVED_DYNAMIC_REFERENCE","8fd99bc9dfd9e40f8e5211b1","process::DataUpdate - Material Ledger - Consumption - Sales","WRITES_ATTRIBUTE","attribute","attribute::Material Ledger Document.Purchasing Document No","tm1_ti_parser","AttrPutS","UNRESOLVED","1"
"UNRESOLVED_DYNAMIC_REFERENCE","c1cff732ddb5cd60cc5f0340","process::DataUpdate - Material Ledger - Consumption - Sales","CREATES_ATTRIBUTE","attribute","attribute::Material Ledger Document.Purchasing Document No","tm1_ti_parser","attrinsert","UNRESOLVED","1"
"UNRESOLVED_DYNAMIC_REFERENCE","fa98cee26c6e68dec94086b6","process::DataUpdate - Material Ledger - Consumption - Transfers","CREATES_ATTRIBUTE","attribute","attribute::Material Ledger Document.Purchasing Document No","tm1_ti_parser","attrinsert","UNRESOLVED","1"
"UNRESOLVED_DYNAMIC_REFERENCE","c64002392e78274650a08e92","process::DataUpdate - Material Ledger - Consumption - Transfers","WRITES_ATTRIBUTE","attribute","attribute::Material Ledger Document.Purchasing Document No","tm1_ti_parser","AttrPutS","UNRESOLVED","1"
"UNRESOLVED_DYNAMIC_REFERENCE","a75f90d75a4278ce44e61ebc","process::DataUpdate - Material Ledger - Receipts - All other","CREATES_ATTRIBUTE","attribute","attribute::Material Ledger Document.Purchasing Document No","tm1_ti_parser","attrinsert","UNRESOLVED","1"
"UNRESOLVED_DYNAMIC_REFERENCE","2962ca5efcc13be706cbd5da","process::DataUpdate - Material Ledger - Receipts - All other","WRITES_ATTRIBUTE","attribute","attribute::Material Ledger Document.Purchasing Document No","tm1_ti_parser","AttrPutS","UNRESOLVED","1"
"UNRESOLVED_DYNAMIC_REFERENCE","fe4c61aafc513f558ee514c2","process::DataUpdate - Material Ledger - Receipts - External Procured Receipts","CREATES_ATTRIBUTE","attribute","attribute::Material Ledger Document.Purchasing Document No","tm1_ti_parser","attrinsert","UNRESOLVED","1"
"UNRESOLVED_DYNAMIC_REFERENCE","f8fce68747e0038564c640a8","process::DataUpdate - Material Ledger - Receipts - External Procured Receipts","WRITES_ATTRIBUTE","attribute","attribute::Material Ledger Document.Purchasing Document No","tm1_ti_parser","AttrPutS","UNRESOLVED","1"
"UNRESOLVED_DYNAMIC_REFERENCE","1e149fd24ee7aba9f165b1a3","process::DataUpdate - Material Ledger - Receipts - Production","WRITES_ATTRIBUTE","attribute","attribute::Material Ledger Document.Purchasing Document No","tm1_ti_parser","AttrPutS","UNRESOLVED","1"
"UNRESOLVED_DYNAMIC_REFERENCE","28c3a12c2d58ca16f3cd8f93","process::DataUpdate - Material Ledger - Receipts - Production","CREATES_ATTRIBUTE","attribute","attribute::Material Ledger Document.Purchasing Document No","tm1_ti_parser","attrinsert","UNRESOLVED","1"
"UNRESOLVED_DYNAMIC_REFERENCE","eede42243bc30da416ed8abe","process::DataUpdate - Material Ledger - Receipts - Transfer Posting","WRITES_ATTRIBUTE","attribute","attribute::Material Ledger Document.Purchasing Document No","tm1_ti_parser","AttrPutS","UNRESOLVED","1"
"UNRESOLVED_DYNAMIC_REFERENCE","003211cbc18423a87389d0b0","process::DataUpdate - Material Ledger - Receipts - Transfer Posting","CREATES_ATTRIBUTE","attribute","attribute::Material Ledger Document.Purchasing Document No","tm1_ti_parser","attrinsert","UNRESOLVED","1"
"UNRESOLVED_DYNAMIC_REFERENCE","d39f6762887c9522fed1ec33","process::DataUpdate - Material Ledger - Revaluation - All Other","CREATES_ATTRIBUTE","attribute","attribute::Material Ledger Document.Purchasing Document No","tm1_ti_parser","attrinsert","UNRESOLVED","1"
"UNRESOLVED_DYNAMIC_REFERENCE","857ce791306237968e669d7e","process::DataUpdate - Material Ledger - Revaluation - All Other","WRITES_ATTRIBUTE","attribute","attribute::Material Ledger Document.Purchasing Document No","tm1_ti_parser","AttrPutS","UNRESOLVED","1"
"UNRESOLVED_DYNAMIC_REFERENCE","4e3b6683a7aa58fecb1d0c52","process::DataUpdate - Material Ledger - Revaluation - Change in Material Price","WRITES_ATTRIBUTE","attribute","attribute::Material Ledger Document.Purchasing Document No","tm1_ti_parser","AttrPutS","UNRESOLVED","1"
"UNRESOLVED_DYNAMIC_REFERENCE","ba5afe1baa741b98efdfc94e","process::DataUpdate - Material Ledger - Revaluation - Change in Material Price","CREATES_ATTRIBUTE","attribute","attribute::Material Ledger Document.Purchasing Document No","tm1_ti_parser","attrinsert","UNRESOLVED","1"
"UNRESOLVED_DYNAMIC_REFERENCE","7aac9168753d9db439f538c3","process::DataUpdate - Material Ledger - Revaluation - External Procured Receipts","CREATES_ATTRIBUTE","attribute","attribute::Material Ledger Document.Purchasing Document No","tm1_ti_parser","attrinsert","UNRESOLVED","1"
"UNRESOLVED_DYNAMIC_REFERENCE","e0e77d3a81828b8f6952f98b","process::DataUpdate - Material Ledger - Revaluation - External Procured Receipts","WRITES_ATTRIBUTE","attribute","attribute::Material Ledger Document.Purchasing Document No","tm1_ti_parser","AttrPutS","UNRESOLVED","1"
"UNRESOLVED_DYNAMIC_REFERENCE","6c2a0e215ccc48e93061c652","process::DataUpdate - Material Ledger - Revaluation - Production","CREATES_ATTRIBUTE","attribute","attribute::Material Ledger Document.Purchasing Document No","tm1_ti_parser","attrinsert","UNRESOLVED","1"
"UNRESOLVED_DYNAMIC_REFERENCE","cc90357507f4909e740a9658","process::DataUpdate - Material Ledger - Revaluation - Production","WRITES_ATTRIBUTE","attribute","attribute::Material Ledger Document.Purchasing Document No","tm1_ti_parser","AttrPutS","UNRESOLVED","1"
"UNRESOLVED_DYNAMIC_REFERENCE","ad1456dcb49e8cb02633f11a","process::DataUpdate - Material Ledger - Revaluation - Production Consumption","CREATES_ATTRIBUTE","attribute","attribute::Material Ledger Document.Purchasing Document No","tm1_ti_parser","attrinsert","UNRESOLVED","1"
"UNRESOLVED_DYNAMIC_REFERENCE","5688380faf69e4fa6961bddb","process::DataUpdate - Material Ledger - Revaluation - Production Consumption","WRITES_ATTRIBUTE","attribute","attribute::Material Ledger Document.Purchasing Document No","tm1_ti_parser","AttrPutS","UNRESOLVED","1"
"UNRESOLVED_DYNAMIC_REFERENCE","8d43914c39e1ca5af436ede9","process::DataUpdate - Material Ledger - Revaluation - Sales","WRITES_ATTRIBUTE","attribute","attribute::Material Ledger Document.Purchasing Document No","tm1_ti_parser","AttrPutS","UNRESOLVED","1"
"UNRESOLVED_DYNAMIC_REFERENCE","fc5e8a7b37d398a7c5fbc337","process::DataUpdate - Material Ledger - Revaluation - Sales","CREATES_ATTRIBUTE","attribute","attribute::Material Ledger Document.Purchasing Document No","tm1_ti_parser","attrinsert","UNRESOLVED","1"
"UNRESOLVED_DYNAMIC_REFERENCE","4a5905280b054c635dbeb9f3","process::DataUpdate - Material Ledger - Revaluation - Transfer Posting","WRITES_ATTRIBUTE","attribute","attribute::Material Ledger Document.Purchasing Document No","tm1_ti_parser","AttrPutS","UNRESOLVED","1"
"UNRESOLVED_DYNAMIC_REFERENCE","c629acbbff2bde275f6f52da","process::DataUpdate - Material Ledger - Revaluation - Transfer Posting","CREATES_ATTRIBUTE","attribute","attribute::Material Ledger Document.Purchasing Document No","tm1_ti_parser","attrinsert","UNRESOLVED","1"
"UNRESOLVED_DYNAMIC_REFERENCE","8028acfb7365d401e5658dc2","process::DataUpdate - Material Ledger - Revaluation - Transfers Out","CREATES_ATTRIBUTE","attribute","attribute::Material Ledger Document.Purchasing Document No","tm1_ti_parser","attrinsert","UNRESOLVED","1"
"UNRESOLVED_DYNAMIC_REFERENCE","268581c0f5e53d3b063a0cfb","process::DataUpdate - Material Ledger - Revaluation - Transfers Out","WRITES_ATTRIBUTE","attribute","attribute::Material Ledger Document.Purchasing Document No","tm1_ti_parser","AttrPutS","UNRESOLVED","1"
"UNRESOLVED_DYNAMIC_REFERENCE","f8f074f281766b0c05dc6d87","process::DataUpdate - Material Ledger - Beginning and Ending Inventory","CREATES_ATTRIBUTE","attribute","attribute::Material Ledger Document.Ship-to Party","tm1_ti_parser","attrinsert","UNRESOLVED","1"
"UNRESOLVED_DYNAMIC_REFERENCE","1a09ea1960c3b1fab5df3ea7","process::DataUpdate - Material Ledger - Beginning and Ending Inventory","WRITES_ATTRIBUTE","attribute","attribute::Material Ledger Document.Ship-to Party","tm1_ti_parser","AttrPutS","UNRESOLVED","1"
"UNRESOLVED_DYNAMIC_REFERENCE","2554ff04bf309226336cea3b","process::DataUpdate - Material Ledger - Consumption - All Other","CREATES_ATTRIBUTE","attribute","attribute::Material Ledger Document.Ship-to Party","tm1_ti_parser","attrinsert","UNRESOLVED","1"
"UNRESOLVED_DYNAMIC_REFERENCE","2b6aa131f11c7a23343dec73","process::DataUpdate - Material Ledger - Consumption - All Other","WRITES_ATTRIBUTE","attribute","attribute::Material Ledger Document.Ship-to Party","tm1_ti_parser","AttrPutS","UNRESOLVED","1"
"UNRESOLVED_DYNAMIC_REFERENCE","a8812a767e0c5d3e7a1590ee","process::DataUpdate - Material Ledger - Consumption - Production","CREATES_ATTRIBUTE","attribute","attribute::Material Ledger Document.Ship-to Party","tm1_ti_parser","attrinsert","UNRESOLVED","1"
"UNRESOLVED_DYNAMIC_REFERENCE","58f5f468882fb2a689b544ea","process::DataUpdate - Material Ledger - Consumption - Production","WRITES_ATTRIBUTE","attribute","attribute::Material Ledger Document.Ship-to Party","tm1_ti_parser","AttrPutS","UNRESOLVED","1"
"UNRESOLVED_DYNAMIC_REFERENCE","9482e0081e4d6a8e05ff031d","process::DataUpdate - Material Ledger - Consumption - Sales","CREATES_ATTRIBUTE","attribute","attribute::Material Ledger Document.Ship-to Party","tm1_ti_parser","attrinsert","UNRESOLVED","1"
"UNRESOLVED_DYNAMIC_REFERENCE","d1b74722141866db4592721f","process::DataUpdate - Material Ledger - Consumption - Sales","WRITES_ATTRIBUTE","attribute","attribute::Material Ledger Document.Ship-to Party","tm1_ti_parser","AttrPutS","UNRESOLVED","1"
"UNRESOLVED_DYNAMIC_REFERENCE","2a9b6143283760c572f26fef","process::DataUpdate - Material Ledger - Consumption - Transfers","WRITES_ATTRIBUTE","attribute","attribute::Material Ledger Document.Ship-to Party","tm1_ti_parser","AttrPutS","UNRESOLVED","1"
"UNRESOLVED_DYNAMIC_REFERENCE","f9a3140765a915250c709435","process::DataUpdate - Material Ledger - Consumption - Transfers","CREATES_ATTRIBUTE","attribute","attribute::Material Ledger Document.Ship-to Party","tm1_ti_parser","attrinsert","UNRESOLVED","1"
"UNRESOLVED_DYNAMIC_REFERENCE","8833d3bc05538ff1a9efb292","process::DataUpdate - Material Ledger - Receipts - All other","CREATES_ATTRIBUTE","attribute","attribute::Material Ledger Document.Ship-to Party","tm1_ti_parser","attrinsert","UNRESOLVED","1"
"UNRESOLVED_DYNAMIC_REFERENCE","e96ed3444f1a52ba9f408810","process::DataUpdate - Material Ledger - Receipts - All other","WRITES_ATTRIBUTE","attribute","attribute::Material Ledger Document.Ship-to Party","tm1_ti_parser","AttrPutS","UNRESOLVED","1"
"UNRESOLVED_DYNAMIC_REFERENCE","4af0d1c6f29b310ae6b14279","process::DataUpdate - Material Ledger - Receipts - External Procured Receipts","WRITES_ATTRIBUTE","attribute","attribute::Material Ledger Document.Ship-to Party","tm1_ti_parser","AttrPutS","UNRESOLVED","1"
"UNRESOLVED_DYNAMIC_REFERENCE","1c5f32a93d5513b8651c65e9","process::DataUpdate - Material Ledger - Receipts - External Procured Receipts","CREATES_ATTRIBUTE","attribute","attribute::Material Ledger Document.Ship-to Party","tm1_ti_parser","attrinsert","UNRESOLVED","1"
"UNRESOLVED_DYNAMIC_REFERENCE","a3b1406e646aa5baf668bb65","process::DataUpdate - Material Ledger - Receipts - Production","WRITES_ATTRIBUTE","attribute","attribute::Material Ledger Document.Ship-to Party","tm1_ti_parser","AttrPutS","UNRESOLVED","1"
"UNRESOLVED_DYNAMIC_REFERENCE","567d65d5df4f437a9bbb150b","process::DataUpdate - Material Ledger - Receipts - Production","CREATES_ATTRIBUTE","attribute","attribute::Material Ledger Document.Ship-to Party","tm1_ti_parser","attrinsert","UNRESOLVED","1"
"UNRESOLVED_DYNAMIC_REFERENCE","1e817dd4c0621944d8cec6ae","process::DataUpdate - Material Ledger - Receipts - Transfer Posting","CREATES_ATTRIBUTE","attribute","attribute::Material Ledger Document.Ship-to Party","tm1_ti_parser","attrinsert","UNRESOLVED","1"
"UNRESOLVED_DYNAMIC_REFERENCE","fb70d2e54e269483eac64b72","process::DataUpdate - Material Ledger - Receipts - Transfer Posting","WRITES_ATTRIBUTE","attribute","attribute::Material Ledger Document.Ship-to Party","tm1_ti_parser","AttrPutS","UNRESOLVED","1"
"UNRESOLVED_DYNAMIC_REFERENCE","19d36cbbfaa0dfce517726ac","process::DataUpdate - Material Ledger - Revaluation - All Other","CREATES_ATTRIBUTE","attribute","attribute::Material Ledger Document.Ship-to Party","tm1_ti_parser","attrinsert","UNRESOLVED","1"
"UNRESOLVED_DYNAMIC_REFERENCE","4e275f602be561ab68fd786f","process::DataUpdate - Material Ledger - Revaluation - All Other","WRITES_ATTRIBUTE","attribute","attribute::Material Ledger Document.Ship-to Party","tm1_ti_parser","AttrPutS","UNRESOLVED","1"
"UNRESOLVED_DYNAMIC_REFERENCE","66007f5ff048c31f3cb78c89","process::DataUpdate - Material Ledger - Revaluation - Change in Material Price","WRITES_ATTRIBUTE","attribute","attribute::Material Ledger Document.Ship-to Party","tm1_ti_parser","AttrPutS","UNRESOLVED","1"
"UNRESOLVED_DYNAMIC_REFERENCE","bd0b827fd0dd2eb6b4da5a17","process::DataUpdate - Material Ledger - Revaluation - Change in Material Price","CREATES_ATTRIBUTE","attribute","attribute::Material Ledger Document.Ship-to Party","tm1_ti_parser","attrinsert","UNRESOLVED","1"
"UNRESOLVED_DYNAMIC_REFERENCE","338a93a0fe7c2b5ed7fcfbaf","process::DataUpdate - Material Ledger - Revaluation - External Procured Receipts","CREATES_ATTRIBUTE","attribute","attribute::Material Ledger Document.Ship-to Party","tm1_ti_parser","attrinsert","UNRESOLVED","1"
"UNRESOLVED_DYNAMIC_REFERENCE","3b614632e0f3e79d24bdd755","process::DataUpdate - Material Ledger - Revaluation - External Procured Receipts","WRITES_ATTRIBUTE","attribute","attribute::Material Ledger Document.Ship-to Party","tm1_ti_parser","AttrPutS","UNRESOLVED","1"
"UNRESOLVED_DYNAMIC_REFERENCE","a7800fb7d7dfdaacb75626d7","process::DataUpdate - Material Ledger - Revaluation - Production","CREATES_ATTRIBUTE","attribute","attribute::Material Ledger Document.Ship-to Party","tm1_ti_parser","attrinsert","UNRESOLVED","1"
"UNRESOLVED_DYNAMIC_REFERENCE","dff910276a1a0294b597981a","process::DataUpdate - Material Ledger - Revaluation - Production","WRITES_ATTRIBUTE","attribute","attribute::Material Ledger Document.Ship-to Party","tm1_ti_parser","AttrPutS","UNRESOLVED","1"
"UNRESOLVED_DYNAMIC_REFERENCE","f55d1659a6f5e1bdac4bf10c","process::DataUpdate - Material Ledger - Revaluation - Production Consumption","WRITES_ATTRIBUTE","attribute","attribute::Material Ledger Document.Ship-to Party","tm1_ti_parser","AttrPutS","UNRESOLVED","1"
"UNRESOLVED_DYNAMIC_REFERENCE","a8fa69ed4020a8199b91e390","process::DataUpdate - Material Ledger - Revaluation - Production Consumption","CREATES_ATTRIBUTE","attribute","attribute::Material Ledger Document.Ship-to Party","tm1_ti_parser","attrinsert","UNRESOLVED","1"
"UNRESOLVED_DYNAMIC_REFERENCE","7ffe2ef3baca740ad9804e0e","process::DataUpdate - Material Ledger - Revaluation - Sales","CREATES_ATTRIBUTE","attribute","attribute::Material Ledger Document.Ship-to Party","tm1_ti_parser","attrinsert","UNRESOLVED","1"
"UNRESOLVED_DYNAMIC_REFERENCE","b847927de45097dddec73ded","process::DataUpdate - Material Ledger - Revaluation - Sales","WRITES_ATTRIBUTE","attribute","attribute::Material Ledger Document.Ship-to Party","tm1_ti_parser","AttrPutS","UNRESOLVED","1"
"UNRESOLVED_DYNAMIC_REFERENCE","2471b7fb8accaa0b75228798","process::DataUpdate - Material Ledger - Revaluation - Transfer Posting","CREATES_ATTRIBUTE","attribute","attribute::Material Ledger Document.Ship-to Party","tm1_ti_parser","attrinsert","UNRESOLVED","1"
"UNRESOLVED_DYNAMIC_REFERENCE","1932e65755c47f89f24dd1ae","process::DataUpdate - Material Ledger - Revaluation - Transfer Posting","WRITES_ATTRIBUTE","attribute","attribute::Material Ledger Document.Ship-to Party","tm1_ti_parser","AttrPutS","UNRESOLVED","1"
"UNRESOLVED_DYNAMIC_REFERENCE","a325519a4e5ade5ef17f6cad","process::DataUpdate - Material Ledger - Revaluation - Transfers Out","CREATES_ATTRIBUTE","attribute","attribute::Material Ledger Document.Ship-to Party","tm1_ti_parser","attrinsert","UNRESOLVED","1"
"UNRESOLVED_DYNAMIC_REFERENCE","ee13a71ca39967e183d64921","process::DataUpdate - Material Ledger - Revaluation - Transfers Out","WRITES_ATTRIBUTE","attribute","attribute::Material Ledger Document.Ship-to Party","tm1_ti_parser","AttrPutS","UNRESOLVED","1"
"UNRESOLVED_DYNAMIC_REFERENCE","539b18e53cdfa51e26f4eed1","process::DataUpdate - Material Ledger - Beginning and Ending Inventory","CREATES_ATTRIBUTE","attribute","attribute::Material Ledger Document.Text","tm1_ti_parser","attrinsert","UNRESOLVED","1"
"UNRESOLVED_DYNAMIC_REFERENCE","90a9e2f0a6abff427abac9ac","process::DataUpdate - Material Ledger - Beginning and Ending Inventory","WRITES_ATTRIBUTE","attribute","attribute::Material Ledger Document.Text","tm1_ti_parser","AttrPutS","UNRESOLVED","1"
"UNRESOLVED_DYNAMIC_REFERENCE","174c7b0aa6c171d31d78d466","process::DataUpdate - Material Ledger - Consumption - All Other","CREATES_ATTRIBUTE","attribute","attribute::Material Ledger Document.Text","tm1_ti_parser","attrinsert","UNRESOLVED","1"
"UNRESOLVED_DYNAMIC_REFERENCE","4d581e2e2cfdf785ada2724f","process::DataUpdate - Material Ledger - Consumption - All Other","WRITES_ATTRIBUTE","attribute","attribute::Material Ledger Document.Text","tm1_ti_parser","AttrPutS","UNRESOLVED","1"
"UNRESOLVED_DYNAMIC_REFERENCE","09aa6863fee744394b73a513","process::DataUpdate - Material Ledger - Consumption - Production","WRITES_ATTRIBUTE","attribute","attribute::Material Ledger Document.Text","tm1_ti_parser","AttrPutS","UNRESOLVED","1"
"UNRESOLVED_DYNAMIC_REFERENCE","71fd22776a54f0bada055ca3","process::DataUpdate - Material Ledger - Consumption - Production","CREATES_ATTRIBUTE","attribute","attribute::Material Ledger Document.Text","tm1_ti_parser","attrinsert","UNRESOLVED","1"
"UNRESOLVED_DYNAMIC_REFERENCE","7e1171410cd841280150a811","process::DataUpdate - Material Ledger - Consumption - Sales","WRITES_ATTRIBUTE","attribute","attribute::Material Ledger Document.Text","tm1_ti_parser","AttrPutS","UNRESOLVED","1"
"UNRESOLVED_DYNAMIC_REFERENCE","e8d752c0853a91593accd502","process::DataUpdate - Material Ledger - Consumption - Sales","CREATES_ATTRIBUTE","attribute","attribute::Material Ledger Document.Text","tm1_ti_parser","attrinsert","UNRESOLVED","1"
"UNRESOLVED_DYNAMIC_REFERENCE","f9882e151a8516b863766fc5","process::DataUpdate - Material Ledger - Consumption - Transfers","WRITES_ATTRIBUTE","attribute","attribute::Material Ledger Document.Text","tm1_ti_parser","AttrPutS","UNRESOLVED","1"
"UNRESOLVED_DYNAMIC_REFERENCE","672e87c7a6b8e0de120d0d7c","process::DataUpdate - Material Ledger - Consumption - Transfers","CREATES_ATTRIBUTE","attribute","attribute::Material Ledger Document.Text","tm1_ti_parser","attrinsert","UNRESOLVED","1"
"UNRESOLVED_DYNAMIC_REFERENCE","f1207426e62670ab8f9e0973","process::DataUpdate - Material Ledger - Receipts - All other","WRITES_ATTRIBUTE","attribute","attribute::Material Ledger Document.Text","tm1_ti_parser","AttrPutS","UNRESOLVED","1"
"UNRESOLVED_DYNAMIC_REFERENCE","d83b255ba124b974baee1acd","process::DataUpdate - Material Ledger - Receipts - All other","CREATES_ATTRIBUTE","attribute","attribute::Material Ledger Document.Text","tm1_ti_parser","attrinsert","UNRESOLVED","1"
"UNRESOLVED_DYNAMIC_REFERENCE","fead80b9d8c1cd56224ed235","process::DataUpdate - Material Ledger - Receipts - External Procured Receipts","WRITES_ATTRIBUTE","attribute","attribute::Material Ledger Document.Text","tm1_ti_parser","AttrPutS","UNRESOLVED","1"
"UNRESOLVED_DYNAMIC_REFERENCE","6b103f10c4e2fd9892f7a85a","process::DataUpdate - Material Ledger - Receipts - External Procured Receipts","CREATES_ATTRIBUTE","attribute","attribute::Material Ledger Document.Text","tm1_ti_parser","attrinsert","UNRESOLVED","1"
"UNRESOLVED_DYNAMIC_REFERENCE","c285e844acce7de0e5b2e700","process::DataUpdate - Material Ledger - Receipts - Production","CREATES_ATTRIBUTE","attribute","attribute::Material Ledger Document.Text","tm1_ti_parser","attrinsert","UNRESOLVED","1"
"UNRESOLVED_DYNAMIC_REFERENCE","1df5ff871b1e3b70ff063512","process::DataUpdate - Material Ledger - Receipts - Production","WRITES_ATTRIBUTE","attribute","attribute::Material Ledger Document.Text","tm1_ti_parser","AttrPutS","UNRESOLVED","1"
"UNRESOLVED_DYNAMIC_REFERENCE","27610f8f227602100a202013","process::DataUpdate - Material Ledger - Receipts - Transfer Posting","CREATES_ATTRIBUTE","attribute","attribute::Material Ledger Document.Text","tm1_ti_parser","attrinsert","UNRESOLVED","1"
"UNRESOLVED_DYNAMIC_REFERENCE","e4d33c4930ce95bea8cc0c70","process::DataUpdate - Material Ledger - Receipts - Transfer Posting","WRITES_ATTRIBUTE","attribute","attribute::Material Ledger Document.Text","tm1_ti_parser","AttrPutS","UNRESOLVED","1"
"UNRESOLVED_DYNAMIC_REFERENCE","98f7b79cb6ee811b1d4f3352","process::DataUpdate - Material Ledger - Revaluation - All Other","CREATES_ATTRIBUTE","attribute","attribute::Material Ledger Document.Text","tm1_ti_parser","attrinsert","UNRESOLVED","1"
"UNRESOLVED_DYNAMIC_REFERENCE","66d3438631b798128f013385","process::DataUpdate - Material Ledger - Revaluation - All Other","WRITES_ATTRIBUTE","attribute","attribute::Material Ledger Document.Text","tm1_ti_parser","AttrPutS","UNRESOLVED","1"
"UNRESOLVED_DYNAMIC_REFERENCE","cbf91e16684fb3d36b58a616","process::DataUpdate - Material Ledger - Revaluation - Change in Material Price","CREATES_ATTRIBUTE","attribute","attribute::Material Ledger Document.Text","tm1_ti_parser","attrinsert","UNRESOLVED","1"
"UNRESOLVED_DYNAMIC_REFERENCE","b6d9865369ac69958a7e022a","process::DataUpdate - Material Ledger - Revaluation - Change in Material Price","WRITES_ATTRIBUTE","attribute","attribute::Material Ledger Document.Text","tm1_ti_parser","AttrPutS","UNRESOLVED","1"
"UNRESOLVED_DYNAMIC_REFERENCE","b6259af70b20c40cfd6fd6a1","process::DataUpdate - Material Ledger - Revaluation - External Procured Receipts","WRITES_ATTRIBUTE","attribute","attribute::Material Ledger Document.Text","tm1_ti_parser","AttrPutS","UNRESOLVED","1"
"UNRESOLVED_DYNAMIC_REFERENCE","cb0f3e7c48ab6ee56813a1a8","process::DataUpdate - Material Ledger - Revaluation - External Procured Receipts","CREATES_ATTRIBUTE","attribute","attribute::Material Ledger Document.Text","tm1_ti_parser","attrinsert","UNRESOLVED","1"
"UNRESOLVED_DYNAMIC_REFERENCE","ebfc6ea5f67b785afcbdd021","process::DataUpdate - Material Ledger - Revaluation - Production","WRITES_ATTRIBUTE","attribute","attribute::Material Ledger Document.Text","tm1_ti_parser","AttrPutS","UNRESOLVED","1"
"UNRESOLVED_DYNAMIC_REFERENCE","d67f8a3bf16c178b759d612a","process::DataUpdate - Material Ledger - Revaluation - Production","CREATES_ATTRIBUTE","attribute","attribute::Material Ledger Document.Text","tm1_ti_parser","attrinsert","UNRESOLVED","1"
"UNRESOLVED_DYNAMIC_REFERENCE","7b85a7a281485fc6850168d0","process::DataUpdate - Material Ledger - Revaluation - Production Consumption","WRITES_ATTRIBUTE","attribute","attribute::Material Ledger Document.Text","tm1_ti_parser","AttrPutS","UNRESOLVED","1"
"UNRESOLVED_DYNAMIC_REFERENCE","7045e97548dd8ba48a2ccb0d","process::DataUpdate - Material Ledger - Revaluation - Production Consumption","CREATES_ATTRIBUTE","attribute","attribute::Material Ledger Document.Text","tm1_ti_parser","attrinsert","UNRESOLVED","1"
"UNRESOLVED_DYNAMIC_REFERENCE","230477a0ea8611a1ad886ca6","process::DataUpdate - Material Ledger - Revaluation - Sales","CREATES_ATTRIBUTE","attribute","attribute::Material Ledger Document.Text","tm1_ti_parser","attrinsert","UNRESOLVED","1"
"UNRESOLVED_DYNAMIC_REFERENCE","f0b0a88bbfd1467ec1a68e79","process::DataUpdate - Material Ledger - Revaluation - Sales","WRITES_ATTRIBUTE","attribute","attribute::Material Ledger Document.Text","tm1_ti_parser","AttrPutS","UNRESOLVED","1"
"UNRESOLVED_DYNAMIC_REFERENCE","da430ff6d2edd95f6d125bde","process::DataUpdate - Material Ledger - Revaluation - Transfer Posting","WRITES_ATTRIBUTE","attribute","attribute::Material Ledger Document.Text","tm1_ti_parser","AttrPutS","UNRESOLVED","1"
"UNRESOLVED_DYNAMIC_REFERENCE","55b2975988cdf103bea3d4b8","process::DataUpdate - Material Ledger - Revaluation - Transfer Posting","CREATES_ATTRIBUTE","attribute","attribute::Material Ledger Document.Text","tm1_ti_parser","attrinsert","UNRESOLVED","1"
"UNRESOLVED_DYNAMIC_REFERENCE","6e242406524870d38904c13b","process::DataUpdate - Material Ledger - Revaluation - Transfers Out","WRITES_ATTRIBUTE","attribute","attribute::Material Ledger Document.Text","tm1_ti_parser","AttrPutS","UNRESOLVED","1"
"UNRESOLVED_DYNAMIC_REFERENCE","db5f6fb28f5573b50280ae8d","process::DataUpdate - Material Ledger - Revaluation - Transfers Out","CREATES_ATTRIBUTE","attribute","attribute::Material Ledger Document.Text","tm1_ti_parser","attrinsert","UNRESOLVED","1"
"UNRESOLVED_DYNAMIC_REFERENCE","c74b6ca6f19f19dd2edc64bf","process::DataUpdate - Material Ledger - Beginning and Ending Inventory","WRITES_ATTRIBUTE","attribute","attribute::Material Ledger Document.Trading Partner","tm1_ti_parser","AttrPutS","UNRESOLVED","1"
"UNRESOLVED_DYNAMIC_REFERENCE","034164285e9fd01543c30775","process::DataUpdate - Material Ledger - Beginning and Ending Inventory","CREATES_ATTRIBUTE","attribute","attribute::Material Ledger Document.Trading Partner","tm1_ti_parser","attrinsert","UNRESOLVED","1"
"UNRESOLVED_DYNAMIC_REFERENCE","d1b5202f0bcde84edc827cf4","process::DataUpdate - Material Ledger - Consumption - All Other","WRITES_ATTRIBUTE","attribute","attribute::Material Ledger Document.Trading Partner","tm1_ti_parser","AttrPutS","UNRESOLVED","1"
"UNRESOLVED_DYNAMIC_REFERENCE","64c4321017974c6232704ee7","process::DataUpdate - Material Ledger - Consumption - All Other","CREATES_ATTRIBUTE","attribute","attribute::Material Ledger Document.Trading Partner","tm1_ti_parser","attrinsert","UNRESOLVED","1"
"UNRESOLVED_DYNAMIC_REFERENCE","affd83060afbe92e77e7c0d6","process::DataUpdate - Material Ledger - Consumption - Production","WRITES_ATTRIBUTE","attribute","attribute::Material Ledger Document.Trading Partner","tm1_ti_parser","AttrPutS","UNRESOLVED","1"
"UNRESOLVED_DYNAMIC_REFERENCE","563c8002fa828be637ae2177","process::DataUpdate - Material Ledger - Consumption - Production","CREATES_ATTRIBUTE","attribute","attribute::Material Ledger Document.Trading Partner","tm1_ti_parser","attrinsert","UNRESOLVED","1"
"UNRESOLVED_DYNAMIC_REFERENCE","bcda725b7da32153311f92f8","process::DataUpdate - Material Ledger - Consumption - Sales","WRITES_ATTRIBUTE","attribute","attribute::Material Ledger Document.Trading Partner","tm1_ti_parser","AttrPutS","UNRESOLVED","1"
"UNRESOLVED_DYNAMIC_REFERENCE","6b6bb2ca94b5057a4740fa97","process::DataUpdate - Material Ledger - Consumption - Sales","CREATES_ATTRIBUTE","attribute","attribute::Material Ledger Document.Trading Partner","tm1_ti_parser","attrinsert","UNRESOLVED","1"
"UNRESOLVED_DYNAMIC_REFERENCE","c4765eece64e81006e44469f","process::DataUpdate - Material Ledger - Consumption - Transfers","WRITES_ATTRIBUTE","attribute","attribute::Material Ledger Document.Trading Partner","tm1_ti_parser","AttrPutS","UNRESOLVED","1"
"UNRESOLVED_DYNAMIC_REFERENCE","09e0a6c7273f7700d60989b0","process::DataUpdate - Material Ledger - Consumption - Transfers","CREATES_ATTRIBUTE","attribute","attribute::Material Ledger Document.Trading Partner","tm1_ti_parser","attrinsert","UNRESOLVED","1"
"UNRESOLVED_DYNAMIC_REFERENCE","464326cf1e5a20d73520cdd2","process::DataUpdate - Material Ledger - Receipts - All other","WRITES_ATTRIBUTE","attribute","attribute::Material Ledger Document.Trading Partner","tm1_ti_parser","AttrPutS","UNRESOLVED","1"
"UNRESOLVED_DYNAMIC_REFERENCE","d989a39f8ab95eac4379477a","process::DataUpdate - Material Ledger - Receipts - All other","CREATES_ATTRIBUTE","attribute","attribute::Material Ledger Document.Trading Partner","tm1_ti_parser","attrinsert","UNRESOLVED","1"
"UNRESOLVED_DYNAMIC_REFERENCE","4d90daf065d4b04951e5151b","process::DataUpdate - Material Ledger - Receipts - External Procured Receipts","WRITES_ATTRIBUTE","attribute","attribute::Material Ledger Document.Trading Partner","tm1_ti_parser","AttrPutS","UNRESOLVED","1"
"UNRESOLVED_DYNAMIC_REFERENCE","4bd741e236f428b3e2b602d0","process::DataUpdate - Material Ledger - Receipts - External Procured Receipts","CREATES_ATTRIBUTE","attribute","attribute::Material Ledger Document.Trading Partner","tm1_ti_parser","attrinsert","UNRESOLVED","1"
"UNRESOLVED_DYNAMIC_REFERENCE","0d3cfaf33e0706cc24c32dea","process::DataUpdate - Material Ledger - Receipts - Production","CREATES_ATTRIBUTE","attribute","attribute::Material Ledger Document.Trading Partner","tm1_ti_parser","attrinsert","UNRESOLVED","1"
"UNRESOLVED_DYNAMIC_REFERENCE","3663f525093db228e4f3363a","process::DataUpdate - Material Ledger - Receipts - Production","WRITES_ATTRIBUTE","attribute","attribute::Material Ledger Document.Trading Partner","tm1_ti_parser","AttrPutS","UNRESOLVED","1"
"UNRESOLVED_DYNAMIC_REFERENCE","629a1a023a13390410e8b0bb","process::DataUpdate - Material Ledger - Receipts - Transfer Posting","CREATES_ATTRIBUTE","attribute","attribute::Material Ledger Document.Trading Partner","tm1_ti_parser","attrinsert","UNRESOLVED","1"
"UNRESOLVED_DYNAMIC_REFERENCE","b00dee5513f5726cbf3717bd","process::DataUpdate - Material Ledger - Receipts - Transfer Posting","WRITES_ATTRIBUTE","attribute","attribute::Material Ledger Document.Trading Partner","tm1_ti_parser","AttrPutS","UNRESOLVED","1"
"UNRESOLVED_DYNAMIC_REFERENCE","bf7d06f6165fc8a7909e350b","process::DataUpdate - Material Ledger - Revaluation - All Other","CREATES_ATTRIBUTE","attribute","attribute::Material Ledger Document.Trading Partner","tm1_ti_parser","attrinsert","UNRESOLVED","1"
"UNRESOLVED_DYNAMIC_REFERENCE","6201e1b5ae274561a9057947","process::DataUpdate - Material Ledger - Revaluation - All Other","WRITES_ATTRIBUTE","attribute","attribute::Material Ledger Document.Trading Partner","tm1_ti_parser","AttrPutS","UNRESOLVED","1"
"UNRESOLVED_DYNAMIC_REFERENCE","e7b9224c28d1996f98120f8f","process::DataUpdate - Material Ledger - Revaluation - Change in Material Price","CREATES_ATTRIBUTE","attribute","attribute::Material Ledger Document.Trading Partner","tm1_ti_parser","attrinsert","UNRESOLVED","1"
"UNRESOLVED_DYNAMIC_REFERENCE","7a7c179f6eb643267f57b384","process::DataUpdate - Material Ledger - Revaluation - Change in Material Price","WRITES_ATTRIBUTE","attribute","attribute::Material Ledger Document.Trading Partner","tm1_ti_parser","AttrPutS","UNRESOLVED","1"
"UNRESOLVED_DYNAMIC_REFERENCE","a27a9b2ad58c76f38a82c01e","process::DataUpdate - Material Ledger - Revaluation - External Procured Receipts","WRITES_ATTRIBUTE","attribute","attribute::Material Ledger Document.Trading Partner","tm1_ti_parser","AttrPutS","UNRESOLVED","1"
"UNRESOLVED_DYNAMIC_REFERENCE","1d5e7a076c55ad6474cf561d","process::DataUpdate - Material Ledger - Revaluation - External Procured Receipts","CREATES_ATTRIBUTE","attribute","attribute::Material Ledger Document.Trading Partner","tm1_ti_parser","attrinsert","UNRESOLVED","1"
"UNRESOLVED_DYNAMIC_REFERENCE","70622a0c5687ce7ba1c8ca63","process::DataUpdate - Material Ledger - Revaluation - Production","WRITES_ATTRIBUTE","attribute","attribute::Material Ledger Document.Trading Partner","tm1_ti_parser","AttrPutS","UNRESOLVED","1"
"UNRESOLVED_DYNAMIC_REFERENCE","58821a8d0e3be955373efe5c","process::DataUpdate - Material Ledger - Revaluation - Production","CREATES_ATTRIBUTE","attribute","attribute::Material Ledger Document.Trading Partner","tm1_ti_parser","attrinsert","UNRESOLVED","1"
"UNRESOLVED_DYNAMIC_REFERENCE","19876024a7111ddced7c6e56","process::DataUpdate - Material Ledger - Revaluation - Production Consumption","WRITES_ATTRIBUTE","attribute","attribute::Material Ledger Document.Trading Partner","tm1_ti_parser","AttrPutS","UNRESOLVED","1"
"UNRESOLVED_DYNAMIC_REFERENCE","2eefeed2aac73ecdbac26f9d","process::DataUpdate - Material Ledger - Revaluation - Production Consumption","CREATES_ATTRIBUTE","attribute","attribute::Material Ledger Document.Trading Partner","tm1_ti_parser","attrinsert","UNRESOLVED","1"
"UNRESOLVED_DYNAMIC_REFERENCE","58d5b6bf592e67e36c86b54d","process::DataUpdate - Material Ledger - Revaluation - Sales","WRITES_ATTRIBUTE","attribute","attribute::Material Ledger Document.Trading Partner","tm1_ti_parser","AttrPutS","UNRESOLVED","1"
"UNRESOLVED_DYNAMIC_REFERENCE","08455295b18c673667d51101","process::DataUpdate - Material Ledger - Revaluation - Sales","CREATES_ATTRIBUTE","attribute","attribute::Material Ledger Document.Trading Partner","tm1_ti_parser","attrinsert","UNRESOLVED","1"
"UNRESOLVED_DYNAMIC_REFERENCE","d78803652baa96b880e2ce5c","process::DataUpdate - Material Ledger - Revaluation - Transfer Posting","WRITES_ATTRIBUTE","attribute","attribute::Material Ledger Document.Trading Partner","tm1_ti_parser","AttrPutS","UNRESOLVED","1"
"UNRESOLVED_DYNAMIC_REFERENCE","001c74edfa0663ccba61f0db","process::DataUpdate - Material Ledger - Revaluation - Transfer Posting","CREATES_ATTRIBUTE","attribute","attribute::Material Ledger Document.Trading Partner","tm1_ti_parser","attrinsert","UNRESOLVED","1"
"UNRESOLVED_DYNAMIC_REFERENCE","04fa82c9f357a1de7c621680","process::DataUpdate - Material Ledger - Revaluation - Transfers Out","CREATES_ATTRIBUTE","attribute","attribute::Material Ledger Document.Trading Partner","tm1_ti_parser","attrinsert","UNRESOLVED","1"
"UNRESOLVED_DYNAMIC_REFERENCE","16968d303cac20dadb3fb4dd","process::DataUpdate - Material Ledger - Revaluation - Transfers Out","WRITES_ATTRIBUTE","attribute","attribute::Material Ledger Document.Trading Partner","tm1_ti_parser","AttrPutS","UNRESOLVED","1"
"UNRESOLVED_DYNAMIC_REFERENCE","01073aae5f168e1353b77b87","process::DataUpdate - Material Ledger - Beginning and Ending Inventory","CREATES_ATTRIBUTE","attribute","attribute::Material Ledger Document.Valuation Class","tm1_ti_parser","attrinsert","UNRESOLVED","1"
"UNRESOLVED_DYNAMIC_REFERENCE","a1ecb0a0d2042e17387b4608","process::DataUpdate - Material Ledger - Beginning and Ending Inventory","WRITES_ATTRIBUTE","attribute","attribute::Material Ledger Document.Valuation Class","tm1_ti_parser","AttrPutS","UNRESOLVED","1"
"UNRESOLVED_DYNAMIC_REFERENCE","ff41d0436a53fcc226ed8af7","process::DataUpdate - Material Ledger - Consumption - All Other","WRITES_ATTRIBUTE","attribute","attribute::Material Ledger Document.Valuation Class","tm1_ti_parser","AttrPutS","UNRESOLVED","1"
"UNRESOLVED_DYNAMIC_REFERENCE","f104bbddad8c05a2bf8adb06","process::DataUpdate - Material Ledger - Consumption - All Other","CREATES_ATTRIBUTE","attribute","attribute::Material Ledger Document.Valuation Class","tm1_ti_parser","attrinsert","UNRESOLVED","1"
"UNRESOLVED_DYNAMIC_REFERENCE","e7d97c12fd3edb140073f3a4","process::DataUpdate - Material Ledger - Consumption - Production","WRITES_ATTRIBUTE","attribute","attribute::Material Ledger Document.Valuation Class","tm1_ti_parser","AttrPutS","UNRESOLVED","1"
"UNRESOLVED_DYNAMIC_REFERENCE","c3be8b3878be74370ebf7dae","process::DataUpdate - Material Ledger - Consumption - Production","CREATES_ATTRIBUTE","attribute","attribute::Material Ledger Document.Valuation Class","tm1_ti_parser","attrinsert","UNRESOLVED","1"
"UNRESOLVED_DYNAMIC_REFERENCE","2eb5895c49602d4cc1c53dca","process::DataUpdate - Material Ledger - Consumption - Sales","WRITES_ATTRIBUTE","attribute","attribute::Material Ledger Document.Valuation Class","tm1_ti_parser","AttrPutS","UNRESOLVED","1"
"UNRESOLVED_DYNAMIC_REFERENCE","bfa2f1579c52668fcd103ea1","process::DataUpdate - Material Ledger - Consumption - Sales","CREATES_ATTRIBUTE","attribute","attribute::Material Ledger Document.Valuation Class","tm1_ti_parser","attrinsert","UNRESOLVED","1"
"UNRESOLVED_DYNAMIC_REFERENCE","be37941750f0d717155d259d","process::DataUpdate - Material Ledger - Consumption - Transfers","CREATES_ATTRIBUTE","attribute","attribute::Material Ledger Document.Valuation Class","tm1_ti_parser","attrinsert","UNRESOLVED","1"
"UNRESOLVED_DYNAMIC_REFERENCE","4fa807bf4986347eb0d0d3e4","process::DataUpdate - Material Ledger - Consumption - Transfers","WRITES_ATTRIBUTE","attribute","attribute::Material Ledger Document.Valuation Class","tm1_ti_parser","AttrPutS","UNRESOLVED","1"
"UNRESOLVED_DYNAMIC_REFERENCE","f247077194c183537ae3ef9c","process::DataUpdate - Material Ledger - Receipts - All other","CREATES_ATTRIBUTE","attribute","attribute::Material Ledger Document.Valuation Class","tm1_ti_parser","attrinsert","UNRESOLVED","1"
"UNRESOLVED_DYNAMIC_REFERENCE","dbb77e3cee773f9b2aca47b1","process::DataUpdate - Material Ledger - Receipts - All other","WRITES_ATTRIBUTE","attribute","attribute::Material Ledger Document.Valuation Class","tm1_ti_parser","AttrPutS","UNRESOLVED","1"
"UNRESOLVED_DYNAMIC_REFERENCE","1fa9f5d705fbfd76e57e7be5","process::DataUpdate - Material Ledger - Receipts - External Procured Receipts","CREATES_ATTRIBUTE","attribute","attribute::Material Ledger Document.Valuation Class","tm1_ti_parser","attrinsert","UNRESOLVED","1"
"UNRESOLVED_DYNAMIC_REFERENCE","38ebad7d61656ad9e40b5f7a","process::DataUpdate - Material Ledger - Receipts - External Procured Receipts","WRITES_ATTRIBUTE","attribute","attribute::Material Ledger Document.Valuation Class","tm1_ti_parser","AttrPutS","UNRESOLVED","1"
"UNRESOLVED_DYNAMIC_REFERENCE","6f0472e19aa87f0dd6267098","process::DataUpdate - Material Ledger - Receipts - Production","CREATES_ATTRIBUTE","attribute","attribute::Material Ledger Document.Valuation Class","tm1_ti_parser","attrinsert","UNRESOLVED","1"
"UNRESOLVED_DYNAMIC_REFERENCE","6633e1d64fefe86b4fa2b1a2","process::DataUpdate - Material Ledger - Receipts - Production","WRITES_ATTRIBUTE","attribute","attribute::Material Ledger Document.Valuation Class","tm1_ti_parser","AttrPutS","UNRESOLVED","1"
"UNRESOLVED_DYNAMIC_REFERENCE","b42f770be7fc368367d93a44","process::DataUpdate - Material Ledger - Receipts - Transfer Posting","CREATES_ATTRIBUTE","attribute","attribute::Material Ledger Document.Valuation Class","tm1_ti_parser","attrinsert","UNRESOLVED","1"
"UNRESOLVED_DYNAMIC_REFERENCE","5e964101fd57c2ebbc8b295c","process::DataUpdate - Material Ledger - Receipts - Transfer Posting","WRITES_ATTRIBUTE","attribute","attribute::Material Ledger Document.Valuation Class","tm1_ti_parser","AttrPutS","UNRESOLVED","1"
"UNRESOLVED_DYNAMIC_REFERENCE","b023c78f6e1b0efbd10bed2a","process::DataUpdate - Material Ledger - Revaluation - All Other","CREATES_ATTRIBUTE","attribute","attribute::Material Ledger Document.Valuation Class","tm1_ti_parser","attrinsert","UNRESOLVED","1"
"UNRESOLVED_DYNAMIC_REFERENCE","a4f1aafdabb9c9d74725de6a","process::DataUpdate - Material Ledger - Revaluation - All Other","WRITES_ATTRIBUTE","attribute","attribute::Material Ledger Document.Valuation Class","tm1_ti_parser","AttrPutS","UNRESOLVED","1"
"UNRESOLVED_DYNAMIC_REFERENCE","0b89f38c2eac5477ccec042b","process::DataUpdate - Material Ledger - Revaluation - Change in Material Price","CREATES_ATTRIBUTE","attribute","attribute::Material Ledger Document.Valuation Class","tm1_ti_parser","attrinsert","UNRESOLVED","1"
"UNRESOLVED_DYNAMIC_REFERENCE","48780f0fa399896a1471ae6c","process::DataUpdate - Material Ledger - Revaluation - Change in Material Price","WRITES_ATTRIBUTE","attribute","attribute::Material Ledger Document.Valuation Class","tm1_ti_parser","AttrPutS","UNRESOLVED","1"
"UNRESOLVED_DYNAMIC_REFERENCE","5a06c963377c42ff02d4e535","process::DataUpdate - Material Ledger - Revaluation - External Procured Receipts","WRITES_ATTRIBUTE","attribute","attribute::Material Ledger Document.Valuation Class","tm1_ti_parser","AttrPutS","UNRESOLVED","1"
"UNRESOLVED_DYNAMIC_REFERENCE","398976aeaedeeb31755932ea","process::DataUpdate - Material Ledger - Revaluation - External Procured Receipts","CREATES_ATTRIBUTE","attribute","attribute::Material Ledger Document.Valuation Class","tm1_ti_parser","attrinsert","UNRESOLVED","1"
"UNRESOLVED_DYNAMIC_REFERENCE","d229b6eae82506f07615c643","process::DataUpdate - Material Ledger - Revaluation - Production","CREATES_ATTRIBUTE","attribute","attribute::Material Ledger Document.Valuation Class","tm1_ti_parser","attrinsert","UNRESOLVED","1"
"UNRESOLVED_DYNAMIC_REFERENCE","660c85ea743a36dbc786c352","process::DataUpdate - Material Ledger - Revaluation - Production","WRITES_ATTRIBUTE","attribute","attribute::Material Ledger Document.Valuation Class","tm1_ti_parser","AttrPutS","UNRESOLVED","1"
"UNRESOLVED_DYNAMIC_REFERENCE","17fdd48c29ec97f6e3a6573f","process::DataUpdate - Material Ledger - Revaluation - Production Consumption","CREATES_ATTRIBUTE","attribute","attribute::Material Ledger Document.Valuation Class","tm1_ti_parser","attrinsert","UNRESOLVED","1"
"UNRESOLVED_DYNAMIC_REFERENCE","390b2a14d60dcaad65b51f82","process::DataUpdate - Material Ledger - Revaluation - Production Consumption","WRITES_ATTRIBUTE","attribute","attribute::Material Ledger Document.Valuation Class","tm1_ti_parser","AttrPutS","UNRESOLVED","1"
"UNRESOLVED_DYNAMIC_REFERENCE","2c79024a46362493e6a87b22","process::DataUpdate - Material Ledger - Revaluation - Sales","WRITES_ATTRIBUTE","attribute","attribute::Material Ledger Document.Valuation Class","tm1_ti_parser","AttrPutS","UNRESOLVED","1"
"UNRESOLVED_DYNAMIC_REFERENCE","2566246e072a700423697d70","process::DataUpdate - Material Ledger - Revaluation - Sales","CREATES_ATTRIBUTE","attribute","attribute::Material Ledger Document.Valuation Class","tm1_ti_parser","attrinsert","UNRESOLVED","1"
"UNRESOLVED_DYNAMIC_REFERENCE","e5b701dfc1e23389628be9a0","process::DataUpdate - Material Ledger - Revaluation - Transfer Posting","CREATES_ATTRIBUTE","attribute","attribute::Material Ledger Document.Valuation Class","tm1_ti_parser","attrinsert","UNRESOLVED","1"
"UNRESOLVED_DYNAMIC_REFERENCE","a6e0a9d7abbf5348b678a7d0","process::DataUpdate - Material Ledger - Revaluation - Transfer Posting","WRITES_ATTRIBUTE","attribute","attribute::Material Ledger Document.Valuation Class","tm1_ti_parser","AttrPutS","UNRESOLVED","1"
"UNRESOLVED_DYNAMIC_REFERENCE","d305d5641d499ed8fa2c1387","process::DataUpdate - Material Ledger - Revaluation - Transfers Out","WRITES_ATTRIBUTE","attribute","attribute::Material Ledger Document.Valuation Class","tm1_ti_parser","AttrPutS","UNRESOLVED","1"
"UNRESOLVED_DYNAMIC_REFERENCE","8bd3e23051a2d1db61594774","process::DataUpdate - Material Ledger - Revaluation - Transfers Out","CREATES_ATTRIBUTE","attribute","attribute::Material Ledger Document.Valuation Class","tm1_ti_parser","attrinsert","UNRESOLVED","1"
"UNRESOLVED_DYNAMIC_REFERENCE","e084c878caa7127fc4a56ff8","process::DataUpdate - Material Ledger - Beginning and Ending Inventory","WRITES_ATTRIBUTE","attribute","attribute::Material Ledger Document.Valuation Type","tm1_ti_parser","AttrPutS","UNRESOLVED","1"
"UNRESOLVED_DYNAMIC_REFERENCE","9a181a2ede6ddac9db19ad67","process::DataUpdate - Material Ledger - Beginning and Ending Inventory","CREATES_ATTRIBUTE","attribute","attribute::Material Ledger Document.Valuation Type","tm1_ti_parser","attrinsert","UNRESOLVED","1"
"UNRESOLVED_DYNAMIC_REFERENCE","7af912079ed4eee38cd160d3","process::DataUpdate - Material Ledger - Consumption - All Other","WRITES_ATTRIBUTE","attribute","attribute::Material Ledger Document.Valuation Type","tm1_ti_parser","AttrPutS","UNRESOLVED","1"
"UNRESOLVED_DYNAMIC_REFERENCE","0a20f96e5bbc4a1f1a2fc568","process::DataUpdate - Material Ledger - Consumption - All Other","CREATES_ATTRIBUTE","attribute","attribute::Material Ledger Document.Valuation Type","tm1_ti_parser","attrinsert","UNRESOLVED","1"
"UNRESOLVED_DYNAMIC_REFERENCE","2936a3c1c6eb09b6e2d5256a","process::DataUpdate - Material Ledger - Consumption - Production","WRITES_ATTRIBUTE","attribute","attribute::Material Ledger Document.Valuation Type","tm1_ti_parser","AttrPutS","UNRESOLVED","1"
"UNRESOLVED_DYNAMIC_REFERENCE","7f8d7ac300907a4157d4b929","process::DataUpdate - Material Ledger - Consumption - Production","CREATES_ATTRIBUTE","attribute","attribute::Material Ledger Document.Valuation Type","tm1_ti_parser","attrinsert","UNRESOLVED","1"
"UNRESOLVED_DYNAMIC_REFERENCE","947b32488e6c7de6ceab67c8","process::DataUpdate - Material Ledger - Consumption - Sales","WRITES_ATTRIBUTE","attribute","attribute::Material Ledger Document.Valuation Type","tm1_ti_parser","AttrPutS","UNRESOLVED","1"
"UNRESOLVED_DYNAMIC_REFERENCE","df087a5aa6f3669fbf26d90a","process::DataUpdate - Material Ledger - Consumption - Sales","CREATES_ATTRIBUTE","attribute","attribute::Material Ledger Document.Valuation Type","tm1_ti_parser","attrinsert","UNRESOLVED","1"
"UNRESOLVED_DYNAMIC_REFERENCE","4600fc450531bf51c95d7385","process::DataUpdate - Material Ledger - Consumption - Transfers","CREATES_ATTRIBUTE","attribute","attribute::Material Ledger Document.Valuation Type","tm1_ti_parser","attrinsert","UNRESOLVED","1"
"UNRESOLVED_DYNAMIC_REFERENCE","6532154070f8ccb40bd45a81","process::DataUpdate - Material Ledger - Consumption - Transfers","WRITES_ATTRIBUTE","attribute","attribute::Material Ledger Document.Valuation Type","tm1_ti_parser","AttrPutS","UNRESOLVED","1"
"UNRESOLVED_DYNAMIC_REFERENCE","55f513497202adef3ae01ea8","process::DataUpdate - Material Ledger - Receipts - All other","WRITES_ATTRIBUTE","attribute","attribute::Material Ledger Document.Valuation Type","tm1_ti_parser","AttrPutS","UNRESOLVED","1"
"UNRESOLVED_DYNAMIC_REFERENCE","d01cbded9fc08fe265f1bd6a","process::DataUpdate - Material Ledger - Receipts - All other","CREATES_ATTRIBUTE","attribute","attribute::Material Ledger Document.Valuation Type","tm1_ti_parser","attrinsert","UNRESOLVED","1"
"UNRESOLVED_DYNAMIC_REFERENCE","475647ac5bd1d5955707ba2f","process::DataUpdate - Material Ledger - Receipts - External Procured Receipts","CREATES_ATTRIBUTE","attribute","attribute::Material Ledger Document.Valuation Type","tm1_ti_parser","attrinsert","UNRESOLVED","1"
"UNRESOLVED_DYNAMIC_REFERENCE","4ac115a48c8abb8f547ad05f","process::DataUpdate - Material Ledger - Receipts - External Procured Receipts","WRITES_ATTRIBUTE","attribute","attribute::Material Ledger Document.Valuation Type","tm1_ti_parser","AttrPutS","UNRESOLVED","1"
"UNRESOLVED_DYNAMIC_REFERENCE","490d29a924c0feb5af2b2f6a","process::DataUpdate - Material Ledger - Receipts - Production","WRITES_ATTRIBUTE","attribute","attribute::Material Ledger Document.Valuation Type","tm1_ti_parser","AttrPutS","UNRESOLVED","1"
"UNRESOLVED_DYNAMIC_REFERENCE","a66acad956ebdcd47f38d235","process::DataUpdate - Material Ledger - Receipts - Production","CREATES_ATTRIBUTE","attribute","attribute::Material Ledger Document.Valuation Type","tm1_ti_parser","attrinsert","UNRESOLVED","1"
"UNRESOLVED_DYNAMIC_REFERENCE","e1d06370b93baf2186e6fa87","process::DataUpdate - Material Ledger - Receipts - Transfer Posting","CREATES_ATTRIBUTE","attribute","attribute::Material Ledger Document.Valuation Type","tm1_ti_parser","attrinsert","UNRESOLVED","1"
"UNRESOLVED_DYNAMIC_REFERENCE","e0ae6b4af36de9a6ea87dab7","process::DataUpdate - Material Ledger - Receipts - Transfer Posting","WRITES_ATTRIBUTE","attribute","attribute::Material Ledger Document.Valuation Type","tm1_ti_parser","AttrPutS","UNRESOLVED","1"
"UNRESOLVED_DYNAMIC_REFERENCE","ea51f512063f71c35168fd7f","process::DataUpdate - Material Ledger - Revaluation - All Other","CREATES_ATTRIBUTE","attribute","attribute::Material Ledger Document.Valuation Type","tm1_ti_parser","attrinsert","UNRESOLVED","1"
"UNRESOLVED_DYNAMIC_REFERENCE","54c9e5ca084f288e7c3eb061","process::DataUpdate - Material Ledger - Revaluation - All Other","WRITES_ATTRIBUTE","attribute","attribute::Material Ledger Document.Valuation Type","tm1_ti_parser","AttrPutS","UNRESOLVED","1"
"UNRESOLVED_DYNAMIC_REFERENCE","b62ea2af37af5cfa87693327","process::DataUpdate - Material Ledger - Revaluation - Change in Material Price","WRITES_ATTRIBUTE","attribute","attribute::Material Ledger Document.Valuation Type","tm1_ti_parser","AttrPutS","UNRESOLVED","1"
"UNRESOLVED_DYNAMIC_REFERENCE","e22437fd0097886b177bef1c","process::DataUpdate - Material Ledger - Revaluation - Change in Material Price","CREATES_ATTRIBUTE","attribute","attribute::Material Ledger Document.Valuation Type","tm1_ti_parser","attrinsert","UNRESOLVED","1"
"UNRESOLVED_DYNAMIC_REFERENCE","aff7e2714bb547227982d417","process::DataUpdate - Material Ledger - Revaluation - External Procured Receipts","WRITES_ATTRIBUTE","attribute","attribute::Material Ledger Document.Valuation Type","tm1_ti_parser","AttrPutS","UNRESOLVED","1"
"UNRESOLVED_DYNAMIC_REFERENCE","f989e8b96848ff96978fb43e","process::DataUpdate - Material Ledger - Revaluation - External Procured Receipts","CREATES_ATTRIBUTE","attribute","attribute::Material Ledger Document.Valuation Type","tm1_ti_parser","attrinsert","UNRESOLVED","1"
"UNRESOLVED_DYNAMIC_REFERENCE","34a85f6edaa1e61f56a5bfe6","process::DataUpdate - Material Ledger - Revaluation - Production","WRITES_ATTRIBUTE","attribute","attribute::Material Ledger Document.Valuation Type","tm1_ti_parser","AttrPutS","UNRESOLVED","1"
"UNRESOLVED_DYNAMIC_REFERENCE","d91b25fdf95f93c0bb972542","process::DataUpdate - Material Ledger - Revaluation - Production","CREATES_ATTRIBUTE","attribute","attribute::Material Ledger Document.Valuation Type","tm1_ti_parser","attrinsert","UNRESOLVED","1"
"UNRESOLVED_DYNAMIC_REFERENCE","30df85fdd3c7abdf32689165","process::DataUpdate - Material Ledger - Revaluation - Production Consumption","CREATES_ATTRIBUTE","attribute","attribute::Material Ledger Document.Valuation Type","tm1_ti_parser","attrinsert","UNRESOLVED","1"
"UNRESOLVED_DYNAMIC_REFERENCE","c3ccb541c9e277fffa1a8ded","process::DataUpdate - Material Ledger - Revaluation - Production Consumption","WRITES_ATTRIBUTE","attribute","attribute::Material Ledger Document.Valuation Type","tm1_ti_parser","AttrPutS","UNRESOLVED","1"
"UNRESOLVED_DYNAMIC_REFERENCE","1ba11222597c849d821cac64","process::DataUpdate - Material Ledger - Revaluation - Sales","CREATES_ATTRIBUTE","attribute","attribute::Material Ledger Document.Valuation Type","tm1_ti_parser","attrinsert","UNRESOLVED","1"
"UNRESOLVED_DYNAMIC_REFERENCE","62fe9a8350d61c02466ac097","process::DataUpdate - Material Ledger - Revaluation - Sales","WRITES_ATTRIBUTE","attribute","attribute::Material Ledger Document.Valuation Type","tm1_ti_parser","AttrPutS","UNRESOLVED","1"
"UNRESOLVED_DYNAMIC_REFERENCE","76f44c4a1b1ea38d4db5a643","process::DataUpdate - Material Ledger - Revaluation - Transfer Posting","WRITES_ATTRIBUTE","attribute","attribute::Material Ledger Document.Valuation Type","tm1_ti_parser","AttrPutS","UNRESOLVED","1"
"UNRESOLVED_DYNAMIC_REFERENCE","ccf863f1234ffdb416d012b1","process::DataUpdate - Material Ledger - Revaluation - Transfer Posting","CREATES_ATTRIBUTE","attribute","attribute::Material Ledger Document.Valuation Type","tm1_ti_parser","attrinsert","UNRESOLVED","1"
"UNRESOLVED_DYNAMIC_REFERENCE","2b20be177806423a0679d72f","process::DataUpdate - Material Ledger - Revaluation - Transfers Out","WRITES_ATTRIBUTE","attribute","attribute::Material Ledger Document.Valuation Type","tm1_ti_parser","AttrPutS","UNRESOLVED","1"
"UNRESOLVED_DYNAMIC_REFERENCE","6e11b689561421370d7cc266","process::DataUpdate - Material Ledger - Revaluation - Transfers Out","CREATES_ATTRIBUTE","attribute","attribute::Material Ledger Document.Valuation Type","tm1_ti_parser","attrinsert","UNRESOLVED","1"
"UNRESOLVED_DYNAMIC_REFERENCE","ddc6f5bd793fdfd2cec2ef97","process::DataUpdate - Material Ledger - Beginning and Ending Inventory","CREATES_ATTRIBUTE","attribute","attribute::Material Ledger Document.Vendor","tm1_ti_parser","attrinsert","UNRESOLVED","1"
"UNRESOLVED_DYNAMIC_REFERENCE","e42c68bd57cd1dfa5db815f2","process::DataUpdate - Material Ledger - Beginning and Ending Inventory","WRITES_ATTRIBUTE","attribute","attribute::Material Ledger Document.Vendor","tm1_ti_parser","AttrPutS","UNRESOLVED","1"
"UNRESOLVED_DYNAMIC_REFERENCE","615ff00288ba0aad483593c3","process::DataUpdate - Material Ledger - Consumption - All Other","WRITES_ATTRIBUTE","attribute","attribute::Material Ledger Document.Vendor","tm1_ti_parser","AttrPutS","UNRESOLVED","1"
"UNRESOLVED_DYNAMIC_REFERENCE","6652ab9f65d9b45f2d5e363e","process::DataUpdate - Material Ledger - Consumption - All Other","CREATES_ATTRIBUTE","attribute","attribute::Material Ledger Document.Vendor","tm1_ti_parser","attrinsert","UNRESOLVED","1"
"UNRESOLVED_DYNAMIC_REFERENCE","6c64846653a2c16f18aa559e","process::DataUpdate - Material Ledger - Consumption - Production","CREATES_ATTRIBUTE","attribute","attribute::Material Ledger Document.Vendor","tm1_ti_parser","attrinsert","UNRESOLVED","1"
"UNRESOLVED_DYNAMIC_REFERENCE","5201c4b8eb900fbcfb0a934d","process::DataUpdate - Material Ledger - Consumption - Production","WRITES_ATTRIBUTE","attribute","attribute::Material Ledger Document.Vendor","tm1_ti_parser","AttrPutS","UNRESOLVED","1"
"UNRESOLVED_DYNAMIC_REFERENCE","01b559cb25302f3156871663","process::DataUpdate - Material Ledger - Consumption - Sales","CREATES_ATTRIBUTE","attribute","attribute::Material Ledger Document.Vendor","tm1_ti_parser","attrinsert","UNRESOLVED","1"
"UNRESOLVED_DYNAMIC_REFERENCE","5a7ca70a25625f6d73a95923","process::DataUpdate - Material Ledger - Consumption - Sales","WRITES_ATTRIBUTE","attribute","attribute::Material Ledger Document.Vendor","tm1_ti_parser","AttrPutS","UNRESOLVED","1"
"UNRESOLVED_DYNAMIC_REFERENCE","52b4cb6d0d61260dcb96eb79","process::DataUpdate - Material Ledger - Consumption - Transfers","CREATES_ATTRIBUTE","attribute","attribute::Material Ledger Document.Vendor","tm1_ti_parser","attrinsert","UNRESOLVED","1"
"UNRESOLVED_DYNAMIC_REFERENCE","2df7462a07c08d0fa6b9deca","process::DataUpdate - Material Ledger - Consumption - Transfers","WRITES_ATTRIBUTE","attribute","attribute::Material Ledger Document.Vendor","tm1_ti_parser","AttrPutS","UNRESOLVED","1"
"UNRESOLVED_DYNAMIC_REFERENCE","15bce47345b05f4e58ae613b","process::DataUpdate - Material Ledger - Receipts - All other","CREATES_ATTRIBUTE","attribute","attribute::Material Ledger Document.Vendor","tm1_ti_parser","attrinsert","UNRESOLVED","1"
"UNRESOLVED_DYNAMIC_REFERENCE","8854d0d745761d9570f6e068","process::DataUpdate - Material Ledger - Receipts - All other","WRITES_ATTRIBUTE","attribute","attribute::Material Ledger Document.Vendor","tm1_ti_parser","AttrPutS","UNRESOLVED","1"
"UNRESOLVED_DYNAMIC_REFERENCE","34a3c7697c3ae7b087b186ec","process::DataUpdate - Material Ledger - Receipts - External Procured Receipts","CREATES_ATTRIBUTE","attribute","attribute::Material Ledger Document.Vendor","tm1_ti_parser","attrinsert","UNRESOLVED","1"
"UNRESOLVED_DYNAMIC_REFERENCE","a991389b46cc9cfe5db2527a","process::DataUpdate - Material Ledger - Receipts - External Procured Receipts","WRITES_ATTRIBUTE","attribute","attribute::Material Ledger Document.Vendor","tm1_ti_parser","AttrPutS","UNRESOLVED","1"
"UNRESOLVED_DYNAMIC_REFERENCE","0e1d034edac1dfbd2a27d555","process::DataUpdate - Material Ledger - Receipts - Production","CREATES_ATTRIBUTE","attribute","attribute::Material Ledger Document.Vendor","tm1_ti_parser","attrinsert","UNRESOLVED","1"
"UNRESOLVED_DYNAMIC_REFERENCE","1203d7ad2b3aeea82e36ae0c","process::DataUpdate - Material Ledger - Receipts - Production","WRITES_ATTRIBUTE","attribute","attribute::Material Ledger Document.Vendor","tm1_ti_parser","AttrPutS","UNRESOLVED","1"
"UNRESOLVED_DYNAMIC_REFERENCE","a3847a22e4b54961ea304914","process::DataUpdate - Material Ledger - Receipts - Transfer Posting","WRITES_ATTRIBUTE","attribute","attribute::Material Ledger Document.Vendor","tm1_ti_parser","AttrPutS","UNRESOLVED","1"
"UNRESOLVED_DYNAMIC_REFERENCE","35a4df67a97562d521ef572b","process::DataUpdate - Material Ledger - Receipts - Transfer Posting","CREATES_ATTRIBUTE","attribute","attribute::Material Ledger Document.Vendor","tm1_ti_parser","attrinsert","UNRESOLVED","1"
"UNRESOLVED_DYNAMIC_REFERENCE","49d11b900e1f2f35fa01e1f1","process::DataUpdate - Material Ledger - Revaluation - All Other","WRITES_ATTRIBUTE","attribute","attribute::Material Ledger Document.Vendor","tm1_ti_parser","AttrPutS","UNRESOLVED","1"
"UNRESOLVED_DYNAMIC_REFERENCE","327c8625f1ef02357be28f72","process::DataUpdate - Material Ledger - Revaluation - All Other","CREATES_ATTRIBUTE","attribute","attribute::Material Ledger Document.Vendor","tm1_ti_parser","attrinsert","UNRESOLVED","1"
"UNRESOLVED_DYNAMIC_REFERENCE","8ccf291555d1b64ea9490ca8","process::DataUpdate - Material Ledger - Revaluation - Change in Material Price","CREATES_ATTRIBUTE","attribute","attribute::Material Ledger Document.Vendor","tm1_ti_parser","attrinsert","UNRESOLVED","1"
"UNRESOLVED_DYNAMIC_REFERENCE","e9edfe3cad901c4016919736","process::DataUpdate - Material Ledger - Revaluation - Change in Material Price","WRITES_ATTRIBUTE","attribute","attribute::Material Ledger Document.Vendor","tm1_ti_parser","AttrPutS","UNRESOLVED","1"
"UNRESOLVED_DYNAMIC_REFERENCE","1538af8df5a835353acc4f9b","process::DataUpdate - Material Ledger - Revaluation - External Procured Receipts","CREATES_ATTRIBUTE","attribute","attribute::Material Ledger Document.Vendor","tm1_ti_parser","attrinsert","UNRESOLVED","1"
"UNRESOLVED_DYNAMIC_REFERENCE","eef3f7265738e855a97c3c34","process::DataUpdate - Material Ledger - Revaluation - External Procured Receipts","WRITES_ATTRIBUTE","attribute","attribute::Material Ledger Document.Vendor","tm1_ti_parser","AttrPutS","UNRESOLVED","1"
"UNRESOLVED_DYNAMIC_REFERENCE","a02012b75b02e98afc2123f3","process::DataUpdate - Material Ledger - Revaluation - Production","WRITES_ATTRIBUTE","attribute","attribute::Material Ledger Document.Vendor","tm1_ti_parser","AttrPutS","UNRESOLVED","1"
"UNRESOLVED_DYNAMIC_REFERENCE","90c4e33059a8e705d43c9b1d","process::DataUpdate - Material Ledger - Revaluation - Production","CREATES_ATTRIBUTE","attribute","attribute::Material Ledger Document.Vendor","tm1_ti_parser","attrinsert","UNRESOLVED","1"
"UNRESOLVED_DYNAMIC_REFERENCE","6e5a22ec35cf2c8bc01647d9","process::DataUpdate - Material Ledger - Revaluation - Production Consumption","WRITES_ATTRIBUTE","attribute","attribute::Material Ledger Document.Vendor","tm1_ti_parser","AttrPutS","UNRESOLVED","1"
"UNRESOLVED_DYNAMIC_REFERENCE","f721a3a60298c107c10492e3","process::DataUpdate - Material Ledger - Revaluation - Production Consumption","CREATES_ATTRIBUTE","attribute","attribute::Material Ledger Document.Vendor","tm1_ti_parser","attrinsert","UNRESOLVED","1"
"UNRESOLVED_DYNAMIC_REFERENCE","8a12ac8b0c4fb6f669d119af","process::DataUpdate - Material Ledger - Revaluation - Sales","CREATES_ATTRIBUTE","attribute","attribute::Material Ledger Document.Vendor","tm1_ti_parser","attrinsert","UNRESOLVED","1"
"UNRESOLVED_DYNAMIC_REFERENCE","7168e791bdfcfb1ca7afe886","process::DataUpdate - Material Ledger - Revaluation - Sales","WRITES_ATTRIBUTE","attribute","attribute::Material Ledger Document.Vendor","tm1_ti_parser","AttrPutS","UNRESOLVED","1"
"UNRESOLVED_DYNAMIC_REFERENCE","1e4ed76ba2966926ff459b8e","process::DataUpdate - Material Ledger - Revaluation - Transfer Posting","CREATES_ATTRIBUTE","attribute","attribute::Material Ledger Document.Vendor","tm1_ti_parser","attrinsert","UNRESOLVED","1"
"UNRESOLVED_DYNAMIC_REFERENCE","280c2ce57765c1fe1f6d9a15","process::DataUpdate - Material Ledger - Revaluation - Transfer Posting","WRITES_ATTRIBUTE","attribute","attribute::Material Ledger Document.Vendor","tm1_ti_parser","AttrPutS","UNRESOLVED","1"
"UNRESOLVED_DYNAMIC_REFERENCE","80190cd234c296e317e3a991","process::DataUpdate - Material Ledger - Revaluation - Transfers Out","CREATES_ATTRIBUTE","attribute","attribute::Material Ledger Document.Vendor","tm1_ti_parser","attrinsert","UNRESOLVED","1"
"UNRESOLVED_DYNAMIC_REFERENCE","caa3e78c53f6a28e84a51fb0","process::DataUpdate - Material Ledger - Revaluation - Transfers Out","WRITES_ATTRIBUTE","attribute","attribute::Material Ledger Document.Vendor","tm1_ti_parser","AttrPutS","UNRESOLVED","1"
"UNRESOLVED_DYNAMIC_REFERENCE","aae6bbeab775776ebbcbfdbd","process::DimUpdate - Material","WRITES_ATTRIBUTE","attribute","attribute::Material.Base UOM","tm1_ti_parser","AttrPutS","UNRESOLVED","1"
"UNRESOLVED_DYNAMIC_REFERENCE","cd2cf04945363231cacc6a58","process::DimUpdate - Material","CREATES_ATTRIBUTE","attribute","attribute::Material.BUn","tm1_ti_parser","AttrInsert","UNRESOLVED","1"
"UNRESOLVED_DYNAMIC_REFERENCE","6edef6c21992dfda67ce0c1f","process::DimUpdate - Material","CREATES_ATTRIBUTE","attribute","attribute::Material.CAPTION","tm1_ti_parser","AttrInsert","UNRESOLVED","1"
"UNRESOLVED_DYNAMIC_REFERENCE","803563d82ad962eb295874e0","process::DimUpdate - Material","WRITES_ATTRIBUTE","attribute","attribute::Material.CAPTION","tm1_ti_parser","AttrPutS","UNRESOLVED","5"
"UNRESOLVED_DYNAMIC_REFERENCE","186401ae28a081d4645b4018","process::DimUpdate - Material","WRITES_ATTRIBUTE","attribute","attribute::Material.Description","tm1_ti_parser","AttrPutS","UNRESOLVED","1"
"UNRESOLVED_DYNAMIC_REFERENCE","e25d5aff1799daec38b5b736","process::DimUpdate - Material","CREATES_ATTRIBUTE","attribute","attribute::Material.Description","tm1_ti_parser","AttrInsert","UNRESOLVED","1"
"UNRESOLVED_DYNAMIC_REFERENCE","03c9d9497636003c1d8e50aa","process::DimUpdate - Material","WRITES_ATTRIBUTE","attribute","attribute::Material.Description (Spanish)","tm1_ti_parser","AttrPutS","UNRESOLVED","1"
"UNRESOLVED_DYNAMIC_REFERENCE","24914b829c986bc546f90f51","process::DimUpdate - Material","CREATES_ATTRIBUTE","attribute","attribute::Material.Description (Spanish)","tm1_ti_parser","AttrInsert","UNRESOLVED","1"
"UNRESOLVED_DYNAMIC_REFERENCE","1ab81663239453a14508efb0","process::DimUpdate - Material","WRITES_ATTRIBUTE","attribute","attribute::Material.M Type","tm1_ti_parser","AttrPutS","UNRESOLVED","1"
"UNRESOLVED_DYNAMIC_REFERENCE","7acf8c1078eccbac896fdba1","process::DimUpdate - Material","WRITES_ATTRIBUTE","attribute","attribute::Material.Material","tm1_ti_parser","AttrPutS","UNRESOLVED","1"
"UNRESOLVED_DYNAMIC_REFERENCE","5ffef53b019a30b661ac78a9","process::DimUpdate - Material","CREATES_ATTRIBUTE","attribute","attribute::Material.Material","tm1_ti_parser","AttrInsert","UNRESOLVED","1"
"UNRESOLVED_DYNAMIC_REFERENCE","f32ffba84eb52054cec509a2","process::DimUpdate - Material","WRITES_ATTRIBUTE","attribute","attribute::Material.Matl Group","tm1_ti_parser","AttrPutS","UNRESOLVED","1"
"UNRESOLVED_DYNAMIC_REFERENCE","f0b073a263a4e861dc770ad7","process::DimUpdate - Material","CREATES_ATTRIBUTE","attribute","attribute::Material.Matl Group","tm1_ti_parser","AttrInsert","UNRESOLVED","1"
"UNRESOLVED_DYNAMIC_REFERENCE","1b93cf4ebb69e411fd38156d","process::DimUpdate - Material","CREATES_ATTRIBUTE","attribute","attribute::Material.Old Material","tm1_ti_parser","AttrInsert","UNRESOLVED","1"
"UNRESOLVED_DYNAMIC_REFERENCE","5e0c614d2398de37465f901f","process::DimUpdate - Material","WRITES_ATTRIBUTE","attribute","attribute::Material.Old Material","tm1_ti_parser","AttrPutS","UNRESOLVED","1"
"UNRESOLVED_DYNAMIC_REFERENCE","5851b63e699af84ca9026d2a","process::DimUpdate - Material","WRITES_ATTRIBUTE","attribute","attribute::Material.Product Hierarchy","tm1_ti_parser","AttrPutS","UNRESOLVED","1"
"UNRESOLVED_DYNAMIC_REFERENCE","074fdf8e41ffd10a901c7f54","process::DimUpdate - Material","CREATES_ATTRIBUTE","attribute","attribute::Material.Product Hierarchy","tm1_ti_parser","AttrInsert","UNRESOLVED","1"
"UNRESOLVED_DYNAMIC_REFERENCE","239c91f7d4a4e8d8bcb7c454","process::DimUpdate - Material","CREATES_ATTRIBUTE","attribute","attribute::Material.Product Hierarchy Level 1","tm1_ti_parser","AttrInsert","UNRESOLVED","1"
"UNRESOLVED_DYNAMIC_REFERENCE","bcc17cdc720682b0e3dba4ca","process::DimUpdate - Material","WRITES_ATTRIBUTE","attribute","attribute::Material.Product Hierarchy Level 1","tm1_ti_parser","AttrPutS","UNRESOLVED","2"
"UNRESOLVED_DYNAMIC_REFERENCE","865ebab4c4b6f77554d6d95c","process::DimUpdate - Material","WRITES_ATTRIBUTE","attribute","attribute::Material.Product Hierarchy Level 1 Description","tm1_ti_parser","AttrPutS","UNRESOLVED","2"
"UNRESOLVED_DYNAMIC_REFERENCE","9525ab674dca5feece5777bb","process::DimUpdate - Material","CREATES_ATTRIBUTE","attribute","attribute::Material.Product Hierarchy Level 1 Description","tm1_ti_parser","AttrInsert","UNRESOLVED","1"
"UNRESOLVED_DYNAMIC_REFERENCE","3ef0a9f13da7b3ba1d8fe9a0","process::DimUpdate - Material","CREATES_ATTRIBUTE","attribute","attribute::Material.Product Hierarchy Level 2","tm1_ti_parser","AttrInsert","UNRESOLVED","1"
"UNRESOLVED_DYNAMIC_REFERENCE","addbed3847ea6dd247a2d5a2","process::DimUpdate - Material","WRITES_ATTRIBUTE","attribute","attribute::Material.Product Hierarchy Level 2","tm1_ti_parser","AttrPutS","UNRESOLVED","2"
"UNRESOLVED_DYNAMIC_REFERENCE","4aa6d9a44d110d2ba0e6d7fe","process::DimUpdate - Material","CREATES_ATTRIBUTE","attribute","attribute::Material.Product Hierarchy Level 2 Description","tm1_ti_parser","AttrInsert","UNRESOLVED","1"
"UNRESOLVED_DYNAMIC_REFERENCE","ec4c514381311f849dd50962","process::DimUpdate - Material","WRITES_ATTRIBUTE","attribute","attribute::Material.Product Hierarchy Level 2 Description","tm1_ti_parser","AttrPutS","UNRESOLVED","2"
"UNRESOLVED_DYNAMIC_REFERENCE","8678e192e0e38b88b86a9aef","process::DimUpdate - Material","CREATES_ATTRIBUTE","attribute","attribute::Material.Product Hierarchy Level 3","tm1_ti_parser","AttrInsert","UNRESOLVED","1"
"UNRESOLVED_DYNAMIC_REFERENCE","138f3a9f48ddec19158734ef","process::DimUpdate - Material","WRITES_ATTRIBUTE","attribute","attribute::Material.Product Hierarchy Level 3","tm1_ti_parser","AttrPutS","UNRESOLVED","2"
"UNRESOLVED_DYNAMIC_REFERENCE","e1b4efed72980a9de867be30","process::DimUpdate - Material","WRITES_ATTRIBUTE","attribute","attribute::Material.Product Hierarchy Level 3 Description","tm1_ti_parser","AttrPutS","UNRESOLVED","2"
"UNRESOLVED_DYNAMIC_REFERENCE","3e5b752e8244315c86d88fd9","process::DimUpdate - Material","CREATES_ATTRIBUTE","attribute","attribute::Material.Product Hierarchy Level 3 Description","tm1_ti_parser","AttrInsert","UNRESOLVED","1"
"UNRESOLVED_DYNAMIC_REFERENCE","b9f1c01572f2ebf22146456b","process::DimUpdate - Material","WRITES_ATTRIBUTE","attribute","attribute::Material.Product Hierarchy Level 4","tm1_ti_parser","AttrPutS","UNRESOLVED","2"
"UNRESOLVED_DYNAMIC_REFERENCE","1e58686d0ec3b23a6a7199f4","process::DimUpdate - Material","CREATES_ATTRIBUTE","attribute","attribute::Material.Product Hierarchy Level 4","tm1_ti_parser","AttrInsert","UNRESOLVED","1"
"UNRESOLVED_DYNAMIC_REFERENCE","8dd5e09961aba30951b32d75","process::DimUpdate - Material","CREATES_ATTRIBUTE","attribute","attribute::Material.Product Hierarchy Level 4 Description","tm1_ti_parser","AttrInsert","UNRESOLVED","1"
"UNRESOLVED_DYNAMIC_REFERENCE","09e637281e5c296422cfb5b5","process::DimUpdate - Material","WRITES_ATTRIBUTE","attribute","attribute::Material.Product Hierarchy Level 4 Description","tm1_ti_parser","AttrPutS","UNRESOLVED","2"
"UNRESOLVED_DYNAMIC_REFERENCE","1532ef590d624182a3856e12","process::DimUpdate - Material - Sales Responsibility - Production UOM","WRITES_ATTRIBUTE","attribute","attribute::Material.Production UOM","tm1_ti_parser","AttrPutS","UNRESOLVED","1"
"UNRESOLVED_DYNAMIC_REFERENCE","818a000ac30b1ce01e7a30bd","process::DimUpdate - Material - Sales Responsibility - Reporting UOM","WRITES_ATTRIBUTE","attribute","attribute::Material.Reporting UOM","tm1_ti_parser","AttrPutS","UNRESOLVED","1"
"UNRESOLVED_DYNAMIC_REFERENCE","0bcd8bd40dae96e9f67989c1","process::DimUpdate - Material","WRITES_ATTRIBUTE","attribute","attribute::Material.Sales Responsibility","tm1_ti_parser","AttrPutS","UNRESOLVED","2"
"UNRESOLVED_DYNAMIC_REFERENCE","d8b7e0b386d4575247c465d9","process::DimUpdate - Material","WRITES_ATTRIBUTE","attribute","attribute::Material.Sales Responsibility Description","tm1_ti_parser","AttrPutS","UNRESOLVED","2"
"UNRESOLVED_DYNAMIC_REFERENCE","25ffb06100267836be885b77","process::DataUpdate - ML Stage","CREATES_ATTRIBUTE","attribute","attribute::ML Document.AREWR","tm1_ti_parser","AttrInsert","UNRESOLVED","1"
"UNRESOLVED_DYNAMIC_REFERENCE","c380f79d265499052adc4cbd","process::DataUpdate - ML Stage","WRITES_ATTRIBUTE","attribute","attribute::ML Document.AREWR","tm1_ti_parser","AttrPutS","UNRESOLVED","1"
"UNRESOLVED_DYNAMIC_REFERENCE","e43f417d934c8c565c31563b","process::DataUpdate - Material Ledger - Beginning and Ending Inventory","READS_ATTRIBUTE","attribute","attribute::ML Document.AUFNR","tm1_ti_parser","CellGetS","UNRESOLVED","1"
"UNRESOLVED_DYNAMIC_REFERENCE","e4e1963adda5e090fe57236b","process::DataUpdate - Material Ledger - Consumption - All Other","READS_ATTRIBUTE","attribute","attribute::ML Document.AUFNR","tm1_ti_parser","CellGetS","UNRESOLVED","1"
"UNRESOLVED_DYNAMIC_REFERENCE","322a65eb4f8956e79a35d7b2","process::DataUpdate - Material Ledger - Consumption - Production","READS_ATTRIBUTE","attribute","attribute::ML Document.AUFNR","tm1_ti_parser","CellGetS","UNRESOLVED","1"
"UNRESOLVED_DYNAMIC_REFERENCE","8844e329b9d569b0b5019dea","process::DataUpdate - Material Ledger - Consumption - Production - Materials Produced - Price Diff","READS_ATTRIBUTE","attribute","attribute::ML Document.AUFNR","tm1_ti_parser","CellGetS","UNRESOLVED","1"
"UNRESOLVED_DYNAMIC_REFERENCE","7d35b5345229b799d25ecf50","process::DataUpdate - Material Ledger - Consumption - Sales","READS_ATTRIBUTE","attribute","attribute::ML Document.AUFNR","tm1_ti_parser","CellGetS","UNRESOLVED","1"
"UNRESOLVED_DYNAMIC_REFERENCE","3eb43e26f8928c19e8a7cef0","process::DataUpdate - Material Ledger - Consumption - Transfers","READS_ATTRIBUTE","attribute","attribute::ML Document.AUFNR","tm1_ti_parser","CellGetS","UNRESOLVED","1"
"UNRESOLVED_DYNAMIC_REFERENCE","1ab8147102dff18247870717","process::DataUpdate - Material Ledger - Receipts - All other","READS_ATTRIBUTE","attribute","attribute::ML Document.AUFNR","tm1_ti_parser","CellGetS","UNRESOLVED","1"
"UNRESOLVED_DYNAMIC_REFERENCE","2ed36767230174c0b6124f4c","process::DataUpdate - Material Ledger - Receipts - External Procured Receipts","READS_ATTRIBUTE","attribute","attribute::ML Document.AUFNR","tm1_ti_parser","CellGetS","UNRESOLVED","1"
"UNRESOLVED_DYNAMIC_REFERENCE","abf0cddedc6bf3476249b458","process::DataUpdate - Material Ledger - Receipts - Production","READS_ATTRIBUTE","attribute","attribute::ML Document.AUFNR","tm1_ti_parser","CellGetS","UNRESOLVED","1"
"UNRESOLVED_DYNAMIC_REFERENCE","b03180a62b6c3bfa9cf8ffdf","process::DataUpdate - Material Ledger - Receipts - Transfer Posting","READS_ATTRIBUTE","attribute","attribute::ML Document.AUFNR","tm1_ti_parser","CellGetS","UNRESOLVED","1"
"UNRESOLVED_DYNAMIC_REFERENCE","d0d695b17797475b0e09573d","process::DataUpdate - Material Ledger - Revaluation - All Other","READS_ATTRIBUTE","attribute","attribute::ML Document.AUFNR","tm1_ti_parser","CellGetS","UNRESOLVED","1"
"UNRESOLVED_DYNAMIC_REFERENCE","6a8e8bd1a72de1ad412647e1","process::DataUpdate - Material Ledger - Revaluation - Change in Material Price","READS_ATTRIBUTE","attribute","attribute::ML Document.AUFNR","tm1_ti_parser","CellGetS","UNRESOLVED","1"
"UNRESOLVED_DYNAMIC_REFERENCE","91e303fa9ca5e3699e61a7ea","process::DataUpdate - Material Ledger - Revaluation - External Procured Receipts","READS_ATTRIBUTE","attribute","attribute::ML Document.AUFNR","tm1_ti_parser","CellGetS","UNRESOLVED","1"
"UNRESOLVED_DYNAMIC_REFERENCE","650d3110e0567241e4749c28","process::DataUpdate - Material Ledger - Revaluation - Production","READS_ATTRIBUTE","attribute","attribute::ML Document.AUFNR","tm1_ti_parser","CellGetS","UNRESOLVED","1"
"UNRESOLVED_DYNAMIC_REFERENCE","75789cef4351f89ceacf0bee","process::DataUpdate - Material Ledger - Revaluation - Production Consumption","READS_ATTRIBUTE","attribute","attribute::ML Document.AUFNR","tm1_ti_parser","CellGetS","UNRESOLVED","1"
"UNRESOLVED_DYNAMIC_REFERENCE","e9c7ff212c14aba44e6a1cd5","process::DataUpdate - Material Ledger - Revaluation - Sales","READS_ATTRIBUTE","attribute","attribute::ML Document.AUFNR","tm1_ti_parser","CellGetS","UNRESOLVED","1"
"UNRESOLVED_DYNAMIC_REFERENCE","df996643bfeee4985bb52292","process::DataUpdate - Material Ledger - Revaluation - Transfer Posting","READS_ATTRIBUTE","attribute","attribute::ML Document.AUFNR","tm1_ti_parser","CellGetS","UNRESOLVED","1"
"UNRESOLVED_DYNAMIC_REFERENCE","3b8034ac9ea63dd739d00912","process::DataUpdate - Material Ledger - Revaluation - Transfers Out","READS_ATTRIBUTE","attribute","attribute::ML Document.AUFNR","tm1_ti_parser","CellGetS","UNRESOLVED","1"
"UNRESOLVED_DYNAMIC_REFERENCE","5fb5bf13f3527a11b9d5d8d5","process::DataUpdate - ML Stage","WRITES_ATTRIBUTE","attribute","attribute::ML Document.AUFNR","tm1_ti_parser","AttrPutS","UNRESOLVED","1"
"UNRESOLVED_DYNAMIC_REFERENCE","cc814afd5026a56c2adce77e","process::DataUpdate - ML Stage","CREATES_ATTRIBUTE","attribute","attribute::ML Document.AUFNR","tm1_ti_parser","AttrInsert","UNRESOLVED","1"
"UNRESOLVED_DYNAMIC_REFERENCE","9d06e8f8394796be3eef3e2f","process::DataUpdate - ML Stage - ACDOCA","CREATES_ATTRIBUTE","attribute","attribute::ML Document.AUFNR","tm1_ti_parser","ATTRInsert","UNRESOLVED","1"
"UNRESOLVED_DYNAMIC_REFERENCE","6aeb75226a11f4536421d808","process::DataUpdate - Material Ledger - Beginning and Ending Inventory","READS_ATTRIBUTE","attribute","attribute::ML Document.AUFPS","tm1_ti_parser","CellGetS","UNRESOLVED","1"
"UNRESOLVED_DYNAMIC_REFERENCE","1acba225afa7a13601a69333","process::DataUpdate - Material Ledger - Consumption - All Other","READS_ATTRIBUTE","attribute","attribute::ML Document.AUFPS","tm1_ti_parser","CellGetS","UNRESOLVED","1"
"UNRESOLVED_DYNAMIC_REFERENCE","a7d087b3d925afba03367165","process::DataUpdate - Material Ledger - Consumption - Production","READS_ATTRIBUTE","attribute","attribute::ML Document.AUFPS","tm1_ti_parser","CellGetS","UNRESOLVED","1"
"UNRESOLVED_DYNAMIC_REFERENCE","d57c19db045f7893f9ff8adf","process::DataUpdate - Material Ledger - Consumption - Sales","READS_ATTRIBUTE","attribute","attribute::ML Document.AUFPS","tm1_ti_parser","CellGetS","UNRESOLVED","1"
"UNRESOLVED_DYNAMIC_REFERENCE","e532bb5457c6abdce1310665","process::DataUpdate - Material Ledger - Consumption - Transfers","READS_ATTRIBUTE","attribute","attribute::ML Document.AUFPS","tm1_ti_parser","CellGetS","UNRESOLVED","1"
"UNRESOLVED_DYNAMIC_REFERENCE","eae0aa2a6f21c5e1f631c2fa","process::DataUpdate - Material Ledger - Receipts - All other","READS_ATTRIBUTE","attribute","attribute::ML Document.AUFPS","tm1_ti_parser","CellGetS","UNRESOLVED","1"
"UNRESOLVED_DYNAMIC_REFERENCE","3b67bc7369387d12ae97cf29","process::DataUpdate - Material Ledger - Receipts - External Procured Receipts","READS_ATTRIBUTE","attribute","attribute::ML Document.AUFPS","tm1_ti_parser","CellGetS","UNRESOLVED","1"
"UNRESOLVED_DYNAMIC_REFERENCE","532a0788ff5c3badabf8bbf7","process::DataUpdate - Material Ledger - Receipts - Production","READS_ATTRIBUTE","attribute","attribute::ML Document.AUFPS","tm1_ti_parser","CellGetS","UNRESOLVED","1"
"UNRESOLVED_DYNAMIC_REFERENCE","90417966566adad3b9d15b7d","process::DataUpdate - Material Ledger - Receipts - Transfer Posting","READS_ATTRIBUTE","attribute","attribute::ML Document.AUFPS","tm1_ti_parser","CellGetS","UNRESOLVED","1"
"UNRESOLVED_DYNAMIC_REFERENCE","b20a305f9caff51eb9e92662","process::DataUpdate - Material Ledger - Revaluation - All Other","READS_ATTRIBUTE","attribute","attribute::ML Document.AUFPS","tm1_ti_parser","CellGetS","UNRESOLVED","1"
"UNRESOLVED_DYNAMIC_REFERENCE","f71ba3d5171763b518465d88","process::DataUpdate - Material Ledger - Revaluation - Change in Material Price","READS_ATTRIBUTE","attribute","attribute::ML Document.AUFPS","tm1_ti_parser","CellGetS","UNRESOLVED","1"
"UNRESOLVED_DYNAMIC_REFERENCE","5a75387e368926c7b0e66981","process::DataUpdate - Material Ledger - Revaluation - External Procured Receipts","READS_ATTRIBUTE","attribute","attribute::ML Document.AUFPS","tm1_ti_parser","CellGetS","UNRESOLVED","1"
"UNRESOLVED_DYNAMIC_REFERENCE","ac4f32440af9dbb9af766973","process::DataUpdate - Material Ledger - Revaluation - Production","READS_ATTRIBUTE","attribute","attribute::ML Document.AUFPS","tm1_ti_parser","CellGetS","UNRESOLVED","1"
"UNRESOLVED_DYNAMIC_REFERENCE","09d6f3bf2ec63ce463851154","process::DataUpdate - Material Ledger - Revaluation - Production Consumption","READS_ATTRIBUTE","attribute","attribute::ML Document.AUFPS","tm1_ti_parser","CellGetS","UNRESOLVED","1"
"UNRESOLVED_DYNAMIC_REFERENCE","7b640f41b5accd5af9c970c5","process::DataUpdate - Material Ledger - Revaluation - Sales","READS_ATTRIBUTE","attribute","attribute::ML Document.AUFPS","tm1_ti_parser","CellGetS","UNRESOLVED","1"
"UNRESOLVED_DYNAMIC_REFERENCE","f709ad2dfa7b575b63ac2371","process::DataUpdate - Material Ledger - Revaluation - Transfer Posting","READS_ATTRIBUTE","attribute","attribute::ML Document.AUFPS","tm1_ti_parser","CellGetS","UNRESOLVED","1"
"UNRESOLVED_DYNAMIC_REFERENCE","8ec8156554ffafbd974c78c2","process::DataUpdate - Material Ledger - Revaluation - Transfers Out","READS_ATTRIBUTE","attribute","attribute::ML Document.AUFPS","tm1_ti_parser","CellGetS","UNRESOLVED","1"
"UNRESOLVED_DYNAMIC_REFERENCE","039b8c5b1b26d9ae72c9683a","process::DataUpdate - ML Stage","WRITES_ATTRIBUTE","attribute","attribute::ML Document.AUFPS","tm1_ti_parser","AttrPutS","UNRESOLVED","1"
"UNRESOLVED_DYNAMIC_REFERENCE","d583143382ce5363ad92f691","process::DataUpdate - ML Stage","CREATES_ATTRIBUTE","attribute","attribute::ML Document.AUFPS","tm1_ti_parser","AttrInsert","UNRESOLVED","1"
"UNRESOLVED_DYNAMIC_REFERENCE","c9eb7126380c093a3ffaecbd","process::DataUpdate - ML Stage","CREATES_ATTRIBUTE","attribute","attribute::ML Document.AWITEM","tm1_ti_parser","AttrInsert","UNRESOLVED","1"
"UNRESOLVED_DYNAMIC_REFERENCE","7c6ac628ff0b4d3d713e3b01","process::DataUpdate - ML Stage","WRITES_ATTRIBUTE","attribute","attribute::ML Document.AWITEM","tm1_ti_parser","AttrPutS","UNRESOLVED","1"
"UNRESOLVED_DYNAMIC_REFERENCE","14dda9ab98da64ba78f1d989","process::DataUpdate - ML Stage","WRITES_ATTRIBUTE","attribute","attribute::ML Document.AWITGRP","tm1_ti_parser","AttrPutS","UNRESOLVED","1"
"UNRESOLVED_DYNAMIC_REFERENCE","b3ed4dfaacae1b0d2fd6d35a","process::DataUpdate - ML Stage","CREATES_ATTRIBUTE","attribute","attribute::ML Document.AWITGRP","tm1_ti_parser","AttrInsert","UNRESOLVED","1"
"UNRESOLVED_DYNAMIC_REFERENCE","9fd55300a530ca1bb680282c","process::DataUpdate - ML Stage","CREATES_ATTRIBUTE","attribute","attribute::ML Document.AWORG","tm1_ti_parser","AttrInsert","UNRESOLVED","1"
"UNRESOLVED_DYNAMIC_REFERENCE","d7123c0f57b7986d6b08c76d","process::DataUpdate - ML Stage","WRITES_ATTRIBUTE","attribute","attribute::ML Document.AWORG","tm1_ti_parser","AttrPutS","UNRESOLVED","1"
"UNRESOLVED_DYNAMIC_REFERENCE","26eae000e048ebe69aaa0898","process::DataUpdate - ML Stage","CREATES_ATTRIBUTE","attribute","attribute::ML Document.AWREF","tm1_ti_parser","AttrInsert","UNRESOLVED","1"
"UNRESOLVED_DYNAMIC_REFERENCE","f0ad4fc4871217d212ad8479","process::DataUpdate - ML Stage","WRITES_ATTRIBUTE","attribute","attribute::ML Document.AWREF","tm1_ti_parser","AttrPutS","UNRESOLVED","1"
"UNRESOLVED_DYNAMIC_REFERENCE","9d49aa2270b1c2d35b0fc0c8","process::DataUpdate - ML Stage","WRITES_ATTRIBUTE","attribute","attribute::ML Document.AWREF_AWITEM","tm1_ti_parser","AttrPutS","UNRESOLVED","1"
"UNRESOLVED_DYNAMIC_REFERENCE","95dd5e0abcbdd4caed88410d","process::DataUpdate - ML Stage","CREATES_ATTRIBUTE","attribute","attribute::ML Document.AWREF_AWITEM","tm1_ti_parser","AttrInsert","UNRESOLVED","1"
"UNRESOLVED_DYNAMIC_REFERENCE","a5a1e48b0df6b066fc67e493","process::DataUpdate - ML Stage","WRITES_ATTRIBUTE","attribute","attribute::ML Document.AWSYS","tm1_ti_parser","AttrPutS","UNRESOLVED","1"
"UNRESOLVED_DYNAMIC_REFERENCE","9600ee35698e7091a863e520","process::DataUpdate - ML Stage","CREATES_ATTRIBUTE","attribute","attribute::ML Document.AWSYS","tm1_ti_parser","AttrInsert","UNRESOLVED","1"
"UNRESOLVED_DYNAMIC_REFERENCE","99fb39aeb90d92c282b9a16d","process::DataUpdate - Material Ledger - Consumption - All Other","READS_ATTRIBUTE","attribute","attribute::ML Document.AWTYP","tm1_ti_parser","CellGetS","UNRESOLVED","2"
"UNRESOLVED_DYNAMIC_REFERENCE","91cbb5e81e13817bafb7bfec","process::DataUpdate - Material Ledger - Consumption - Production","READS_ATTRIBUTE","attribute","attribute::ML Document.AWTYP","tm1_ti_parser","CellGetS","UNRESOLVED","2"
"UNRESOLVED_DYNAMIC_REFERENCE","41e64fe3e05ee63ff5fc173d","process::DataUpdate - Material Ledger - Consumption - Production - Materials Produced - Price Diff","READS_ATTRIBUTE","attribute","attribute::ML Document.AWTYP","tm1_ti_parser","CellGetS","UNRESOLVED","2"
"UNRESOLVED_DYNAMIC_REFERENCE","77758312c2399c96361f8e5b","process::DataUpdate - Material Ledger - Consumption - Sales","READS_ATTRIBUTE","attribute","attribute::ML Document.AWTYP","tm1_ti_parser","CellGetS","UNRESOLVED","2"
"UNRESOLVED_DYNAMIC_REFERENCE","ec0a4d49786acbe0cbb0842b","process::DataUpdate - Material Ledger - Consumption - Transfers","READS_ATTRIBUTE","attribute","attribute::ML Document.AWTYP","tm1_ti_parser","CellGetS","UNRESOLVED","2"
"UNRESOLVED_DYNAMIC_REFERENCE","7056014eb47408772221fe0a","process::DataUpdate - Material Ledger - Receipts - All other","READS_ATTRIBUTE","attribute","attribute::ML Document.AWTYP","tm1_ti_parser","CellGetS","UNRESOLVED","2"
"UNRESOLVED_DYNAMIC_REFERENCE","4029d8ce0214a072f9b8eb74","process::DataUpdate - Material Ledger - Receipts - External Procured Receipts","READS_ATTRIBUTE","attribute","attribute::ML Document.AWTYP","tm1_ti_parser","CellGetS","UNRESOLVED","2"
"UNRESOLVED_DYNAMIC_REFERENCE","8bbc0a944cdd7f6b139d097b","process::DataUpdate - Material Ledger - Receipts - Production","READS_ATTRIBUTE","attribute","attribute::ML Document.AWTYP","tm1_ti_parser","CellGetS","UNRESOLVED","2"
"UNRESOLVED_DYNAMIC_REFERENCE","9e1c1dcfa960868580400168","process::DataUpdate - Material Ledger - Receipts - Production - Components Consumed","READS_ATTRIBUTE","attribute","attribute::ML Document.AWTYP","tm1_ti_parser","CellGetS","UNRESOLVED","1"
"UNRESOLVED_DYNAMIC_REFERENCE","0bbdda6b7a07c4ae8d8b3ef9","process::DataUpdate - Material Ledger - Receipts - Transfer Posting","READS_ATTRIBUTE","attribute","attribute::ML Document.AWTYP","tm1_ti_parser","CellGetS","UNRESOLVED","2"
"UNRESOLVED_DYNAMIC_REFERENCE","923aa6bbfccb1cd04553b3fe","process::DataUpdate - Material Ledger - Receipts - Transfer Posting - Components Consumed","READS_ATTRIBUTE","attribute","attribute::ML Document.AWTYP","tm1_ti_parser","CellGetS","UNRESOLVED","1"
"UNRESOLVED_DYNAMIC_REFERENCE","3558e548836f5c729a0862e7","process::DataUpdate - Material Ledger - Revaluation - All Other","READS_ATTRIBUTE","attribute","attribute::ML Document.AWTYP","tm1_ti_parser","CellGetS","UNRESOLVED","2"
"UNRESOLVED_DYNAMIC_REFERENCE","216e46cbe11b08a310b41987","process::DataUpdate - Material Ledger - Revaluation - Change in Material Price","READS_ATTRIBUTE","attribute","attribute::ML Document.AWTYP","tm1_ti_parser","CellGetS","UNRESOLVED","2"
"UNRESOLVED_DYNAMIC_REFERENCE","ad4f40b33dcc77d5bed34067","process::DataUpdate - Material Ledger - Revaluation - External Procured Receipts","READS_ATTRIBUTE","attribute","attribute::ML Document.AWTYP","tm1_ti_parser","CellGetS","UNRESOLVED","2"
"UNRESOLVED_DYNAMIC_REFERENCE","da7aee39590071c0d64ff728","process::DataUpdate - Material Ledger - Revaluation - Production","READS_ATTRIBUTE","attribute","attribute::ML Document.AWTYP","tm1_ti_parser","CellGetS","UNRESOLVED","2"
"UNRESOLVED_DYNAMIC_REFERENCE","6ceccff4c7915386a5b666e4","process::DataUpdate - Material Ledger - Revaluation - Production Consumption","READS_ATTRIBUTE","attribute","attribute::ML Document.AWTYP","tm1_ti_parser","CellGetS","UNRESOLVED","2"
"UNRESOLVED_DYNAMIC_REFERENCE","70ed56dc020a5535f5906b17","process::DataUpdate - Material Ledger - Revaluation - Sales","READS_ATTRIBUTE","attribute","attribute::ML Document.AWTYP","tm1_ti_parser","CellGetS","UNRESOLVED","2"
"UNRESOLVED_DYNAMIC_REFERENCE","1e7d6a8b7045c0615e9e08bf","process::DataUpdate - Material Ledger - Revaluation - Transfer Posting","READS_ATTRIBUTE","attribute","attribute::ML Document.AWTYP","tm1_ti_parser","CellGetS","UNRESOLVED","2"
"UNRESOLVED_DYNAMIC_REFERENCE","f54013391fffe9878b001175","process::DataUpdate - Material Ledger - Revaluation - Transfers Out","READS_ATTRIBUTE","attribute","attribute::ML Document.AWTYP","tm1_ti_parser","CellGetS","UNRESOLVED","2"
"UNRESOLVED_DYNAMIC_REFERENCE","70716b24bed72d1c7e880761","process::DataUpdate - ML Stage","CREATES_ATTRIBUTE","attribute","attribute::ML Document.AWTYP","tm1_ti_parser","AttrInsert","UNRESOLVED","1"
"UNRESOLVED_DYNAMIC_REFERENCE","998e1b45bedc3fc38404a337","process::DataUpdate - ML Stage","WRITES_ATTRIBUTE","attribute","attribute::ML Document.AWTYP","tm1_ti_parser","AttrPutS","UNRESOLVED","1"
"UNRESOLVED_DYNAMIC_REFERENCE","73ec39fbf2e9d39bc661e0d3","process::DataUpdate - ML Stage - ACDOCA","READS_ATTRIBUTE","attribute","attribute::ML Document.AWTYP","tm1_ti_parser","ATTRS","UNRESOLVED","1"
"UNRESOLVED_DYNAMIC_REFERENCE","a7502f2888e4222603c35fb6","process::DataUpdate - ML Stage - ACDOCA_Temp","READS_ATTRIBUTE","attribute","attribute::ML Document.AWTYP","tm1_ti_parser","ATTRS","UNRESOLVED","1"
"UNRESOLVED_DYNAMIC_REFERENCE","f761437b780e0281c5efb354","process::DataUpdate - Material Ledger - Beginning and Ending Inventory","READS_ATTRIBUTE","attribute","attribute::ML Document.BELNR","tm1_ti_parser","CellGetS","UNRESOLVED","1"
"UNRESOLVED_DYNAMIC_REFERENCE","e044a9e1e1f42dd6eb652858","process::DataUpdate - Material Ledger - Consumption - All Other","READS_ATTRIBUTE","attribute","attribute::ML Document.BELNR","tm1_ti_parser","CellGetS","UNRESOLVED","3"
"UNRESOLVED_DYNAMIC_REFERENCE","88a14c694a8c2ef47aee6a3b","process::DataUpdate - Material Ledger - Consumption - Production","READS_ATTRIBUTE","attribute","attribute::ML Document.BELNR","tm1_ti_parser","CellGetS","UNRESOLVED","3"
"UNRESOLVED_DYNAMIC_REFERENCE","25151429e5690d593150531d","process::DataUpdate - Material Ledger - Consumption - Sales","READS_ATTRIBUTE","attribute","attribute::ML Document.BELNR","tm1_ti_parser","CellGetS","UNRESOLVED","3"
"UNRESOLVED_DYNAMIC_REFERENCE","816b2718251e6b90d458bff9","process::DataUpdate - Material Ledger - Consumption - Transfers","READS_ATTRIBUTE","attribute","attribute::ML Document.BELNR","tm1_ti_parser","CellGetS","UNRESOLVED","3"
"UNRESOLVED_DYNAMIC_REFERENCE","733705e34a30ea42dd567f06","process::DataUpdate - Material Ledger - Receipts - All other","READS_ATTRIBUTE","attribute","attribute::ML Document.BELNR","tm1_ti_parser","CellGetS","UNRESOLVED","3"
"UNRESOLVED_DYNAMIC_REFERENCE","b46aa1932c31544cee581ab6","process::DataUpdate - Material Ledger - Receipts - External Procured Receipts","READS_ATTRIBUTE","attribute","attribute::ML Document.BELNR","tm1_ti_parser","CellGetS","UNRESOLVED","3"
"UNRESOLVED_DYNAMIC_REFERENCE","c71ebfb7449359c7db07266f","process::DataUpdate - Material Ledger - Receipts - Production","READS_ATTRIBUTE","attribute","attribute::ML Document.BELNR","tm1_ti_parser","CellGetS","UNRESOLVED","3"
"UNRESOLVED_DYNAMIC_REFERENCE","468763c0bb2868bda882302a","process::DataUpdate - Material Ledger - Receipts - Transfer Posting","READS_ATTRIBUTE","attribute","attribute::ML Document.BELNR","tm1_ti_parser","CellGetS","UNRESOLVED","3"
"UNRESOLVED_DYNAMIC_REFERENCE","60986dc577fda40b8cbbb6b8","process::DataUpdate - Material Ledger - Revaluation - All Other","READS_ATTRIBUTE","attribute","attribute::ML Document.BELNR","tm1_ti_parser","CellGetS","UNRESOLVED","3"
"UNRESOLVED_DYNAMIC_REFERENCE","d41d5bb2ee5622f6cc01ceb1","process::DataUpdate - Material Ledger - Revaluation - Change in Material Price","READS_ATTRIBUTE","attribute","attribute::ML Document.BELNR","tm1_ti_parser","CellGetS","UNRESOLVED","3"
"UNRESOLVED_DYNAMIC_REFERENCE","0cc49e5141fb22b5c389dc03","process::DataUpdate - Material Ledger - Revaluation - External Procured Receipts","READS_ATTRIBUTE","attribute","attribute::ML Document.BELNR","tm1_ti_parser","CellGetS","UNRESOLVED","3"
"UNRESOLVED_DYNAMIC_REFERENCE","3c9aa215b5c581564f7fb913","process::DataUpdate - Material Ledger - Revaluation - Production","READS_ATTRIBUTE","attribute","attribute::ML Document.BELNR","tm1_ti_parser","CellGetS","UNRESOLVED","3"
"UNRESOLVED_DYNAMIC_REFERENCE","51f91b58e32c5f23b88d059b","process::DataUpdate - Material Ledger - Revaluation - Production Consumption","READS_ATTRIBUTE","attribute","attribute::ML Document.BELNR","tm1_ti_parser","CellGetS","UNRESOLVED","3"
"UNRESOLVED_DYNAMIC_REFERENCE","6cb01f48eb747f83e68daa4b","process::DataUpdate - Material Ledger - Revaluation - Sales","READS_ATTRIBUTE","attribute","attribute::ML Document.BELNR","tm1_ti_parser","CellGetS","UNRESOLVED","3"
"UNRESOLVED_DYNAMIC_REFERENCE","c3e294b8fa07cf377aeb8455","process::DataUpdate - Material Ledger - Revaluation - Transfer Posting","READS_ATTRIBUTE","attribute","attribute::ML Document.BELNR","tm1_ti_parser","CellGetS","UNRESOLVED","3"
"UNRESOLVED_DYNAMIC_REFERENCE","d0c33503c688d8a232e7701d","process::DataUpdate - Material Ledger - Revaluation - Transfers Out","READS_ATTRIBUTE","attribute","attribute::ML Document.BELNR","tm1_ti_parser","CellGetS","UNRESOLVED","3"
"UNRESOLVED_DYNAMIC_REFERENCE","f278a6cf9b8f8cdb50791f90","process::DataUpdate - ML Stage","WRITES_ATTRIBUTE","attribute","attribute::ML Document.BELNR","tm1_ti_parser","AttrPutS","UNRESOLVED","1"
"UNRESOLVED_DYNAMIC_REFERENCE","00f8ad36845d2c3df5c71e7c","process::DataUpdate - ML Stage","CREATES_ATTRIBUTE","attribute","attribute::ML Document.BELNR","tm1_ti_parser","AttrInsert","UNRESOLVED","1"
"UNRESOLVED_DYNAMIC_REFERENCE","3983b0897500498ab4e2e341","process::DataUpdate - Material Ledger - Beginning and Ending Inventory","READS_ATTRIBUTE","attribute","attribute::ML Document.BKLAS","tm1_ti_parser","CellGetS","UNRESOLVED","1"
"UNRESOLVED_DYNAMIC_REFERENCE","9a0d78367bcd0edc9ea46dd1","process::DataUpdate - Material Ledger - Consumption - All Other","READS_ATTRIBUTE","attribute","attribute::ML Document.BKLAS","tm1_ti_parser","CellGetS","UNRESOLVED","1"
"UNRESOLVED_DYNAMIC_REFERENCE","f15890d1eb46139094991b54","process::DataUpdate - Material Ledger - Consumption - Production","READS_ATTRIBUTE","attribute","attribute::ML Document.BKLAS","tm1_ti_parser","CellGetS","UNRESOLVED","1"
"UNRESOLVED_DYNAMIC_REFERENCE","48ca07bf771c8cfff2b28b41","process::DataUpdate - Material Ledger - Consumption - Sales","READS_ATTRIBUTE","attribute","attribute::ML Document.BKLAS","tm1_ti_parser","CellGetS","UNRESOLVED","1"
"UNRESOLVED_DYNAMIC_REFERENCE","e4b308a443f2f60011013149","process::DataUpdate - Material Ledger - Consumption - Transfers","READS_ATTRIBUTE","attribute","attribute::ML Document.BKLAS","tm1_ti_parser","CellGetS","UNRESOLVED","1"
"UNRESOLVED_DYNAMIC_REFERENCE","e3ff79c96ebe7bbe002cd31c","process::DataUpdate - Material Ledger - Receipts - All other","READS_ATTRIBUTE","attribute","attribute::ML Document.BKLAS","tm1_ti_parser","CellGetS","UNRESOLVED","1"
"UNRESOLVED_DYNAMIC_REFERENCE","867b7ab8f6416cbceec0d8dd","process::DataUpdate - Material Ledger - Receipts - External Procured Receipts","READS_ATTRIBUTE","attribute","attribute::ML Document.BKLAS","tm1_ti_parser","CellGetS","UNRESOLVED","1"
"UNRESOLVED_DYNAMIC_REFERENCE","18971120c916187e4767f547","process::DataUpdate - Material Ledger - Receipts - Production","READS_ATTRIBUTE","attribute","attribute::ML Document.BKLAS","tm1_ti_parser","CellGetS","UNRESOLVED","1"
"UNRESOLVED_DYNAMIC_REFERENCE","279ec3f1160ad5bf42656de2","process::DataUpdate - Material Ledger - Receipts - Transfer Posting","READS_ATTRIBUTE","attribute","attribute::ML Document.BKLAS","tm1_ti_parser","CellGetS","UNRESOLVED","1"
"UNRESOLVED_DYNAMIC_REFERENCE","0dc24376285c8cb3a075b3af","process::DataUpdate - Material Ledger - Revaluation - All Other","READS_ATTRIBUTE","attribute","attribute::ML Document.BKLAS","tm1_ti_parser","CellGetS","UNRESOLVED","1"
"UNRESOLVED_DYNAMIC_REFERENCE","fb3bfcbe4986e048dd455ebc","process::DataUpdate - Material Ledger - Revaluation - Change in Material Price","READS_ATTRIBUTE","attribute","attribute::ML Document.BKLAS","tm1_ti_parser","CellGetS","UNRESOLVED","1"
"UNRESOLVED_DYNAMIC_REFERENCE","c6fc3d115c49997e6b3eda96","process::DataUpdate - Material Ledger - Revaluation - External Procured Receipts","READS_ATTRIBUTE","attribute","attribute::ML Document.BKLAS","tm1_ti_parser","CellGetS","UNRESOLVED","1"
"UNRESOLVED_DYNAMIC_REFERENCE","619653b67876cec8bc27f13f","process::DataUpdate - Material Ledger - Revaluation - Production","READS_ATTRIBUTE","attribute","attribute::ML Document.BKLAS","tm1_ti_parser","CellGetS","UNRESOLVED","1"
"UNRESOLVED_DYNAMIC_REFERENCE","ea9ccb2bc326b750e1527ce3","process::DataUpdate - Material Ledger - Revaluation - Production Consumption","READS_ATTRIBUTE","attribute","attribute::ML Document.BKLAS","tm1_ti_parser","CellGetS","UNRESOLVED","1"
"UNRESOLVED_DYNAMIC_REFERENCE","68c49a086fdb35c86eeff0cc","process::DataUpdate - Material Ledger - Revaluation - Sales","READS_ATTRIBUTE","attribute","attribute::ML Document.BKLAS","tm1_ti_parser","CellGetS","UNRESOLVED","1"
"UNRESOLVED_DYNAMIC_REFERENCE","bea2e8900690829b2ab4caf9","process::DataUpdate - Material Ledger - Revaluation - Transfer Posting","READS_ATTRIBUTE","attribute","attribute::ML Document.BKLAS","tm1_ti_parser","CellGetS","UNRESOLVED","1"
"UNRESOLVED_DYNAMIC_REFERENCE","1a387c7b6edf1ff8c4e3c458","process::DataUpdate - Material Ledger - Revaluation - Transfers Out","READS_ATTRIBUTE","attribute","attribute::ML Document.BKLAS","tm1_ti_parser","CellGetS","UNRESOLVED","1"
"UNRESOLVED_DYNAMIC_REFERENCE","0a8a67a5769c6270b7e32620","process::DataUpdate - ML Stage","CREATES_ATTRIBUTE","attribute","attribute::ML Document.BKLAS","tm1_ti_parser","AttrInsert","UNRESOLVED","1"
"UNRESOLVED_DYNAMIC_REFERENCE","afccc7862b4bc80a59fd8091","process::DataUpdate - ML Stage","WRITES_ATTRIBUTE","attribute","attribute::ML Document.BKLAS","tm1_ti_parser","AttrPutS","UNRESOLVED","1"
"UNRESOLVED_DYNAMIC_REFERENCE","975bf26b9edd23bfa4daa385","process::DataUpdate - Material Ledger - Beginning and Ending Inventory","READS_ATTRIBUTE","attribute","attribute::ML Document.BSTME","tm1_ti_parser","CellGetS","UNRESOLVED","1"
"UNRESOLVED_DYNAMIC_REFERENCE","d7f15a0ce062577b479b621a","process::DataUpdate - Material Ledger - Consumption - All Other","READS_ATTRIBUTE","attribute","attribute::ML Document.BSTME","tm1_ti_parser","CellGetS","UNRESOLVED","1"
"UNRESOLVED_DYNAMIC_REFERENCE","7e68ffff7f82c761192c7c98","process::DataUpdate - Material Ledger - Consumption - Production","READS_ATTRIBUTE","attribute","attribute::ML Document.BSTME","tm1_ti_parser","CellGetS","UNRESOLVED","1"
"UNRESOLVED_DYNAMIC_REFERENCE","806107af0fe8c118b56d62d1","process::DataUpdate - Material Ledger - Consumption - Sales","READS_ATTRIBUTE","attribute","attribute::ML Document.BSTME","tm1_ti_parser","CellGetS","UNRESOLVED","1"
"UNRESOLVED_DYNAMIC_REFERENCE","608b18be1f1092109d480f13","process::DataUpdate - Material Ledger - Consumption - Transfers","READS_ATTRIBUTE","attribute","attribute::ML Document.BSTME","tm1_ti_parser","CellGetS","UNRESOLVED","1"
"UNRESOLVED_DYNAMIC_REFERENCE","8b1cc7765ae0f5b0565a3483","process::DataUpdate - Material Ledger - Receipts - All other","READS_ATTRIBUTE","attribute","attribute::ML Document.BSTME","tm1_ti_parser","CellGetS","UNRESOLVED","1"
"UNRESOLVED_DYNAMIC_REFERENCE","c4b2cac561eabb5a820d6c81","process::DataUpdate - Material Ledger - Receipts - External Procured Receipts","READS_ATTRIBUTE","attribute","attribute::ML Document.BSTME","tm1_ti_parser","CellGetS","UNRESOLVED","1"
"UNRESOLVED_DYNAMIC_REFERENCE","1131d44806f5ff098e56963d","process::DataUpdate - Material Ledger - Receipts - Production","READS_ATTRIBUTE","attribute","attribute::ML Document.BSTME","tm1_ti_parser","CellGetS","UNRESOLVED","1"
"UNRESOLVED_DYNAMIC_REFERENCE","8bc037aa5753288f0feb03b5","process::DataUpdate - Material Ledger - Receipts - Transfer Posting","READS_ATTRIBUTE","attribute","attribute::ML Document.BSTME","tm1_ti_parser","CellGetS","UNRESOLVED","1"
"UNRESOLVED_DYNAMIC_REFERENCE","bbca8dc5865d407a02900438","process::DataUpdate - Material Ledger - Revaluation - All Other","READS_ATTRIBUTE","attribute","attribute::ML Document.BSTME","tm1_ti_parser","CellGetS","UNRESOLVED","1"
"UNRESOLVED_DYNAMIC_REFERENCE","eb18754ea4a860d7542448bf","process::DataUpdate - Material Ledger - Revaluation - Change in Material Price","READS_ATTRIBUTE","attribute","attribute::ML Document.BSTME","tm1_ti_parser","CellGetS","UNRESOLVED","1"
"UNRESOLVED_DYNAMIC_REFERENCE","a6741a55234afb8ed25d8bcf","process::DataUpdate - Material Ledger - Revaluation - External Procured Receipts","READS_ATTRIBUTE","attribute","attribute::ML Document.BSTME","tm1_ti_parser","CellGetS","UNRESOLVED","1"
"UNRESOLVED_DYNAMIC_REFERENCE","42fef5300a3bd8b485795783","process::DataUpdate - Material Ledger - Revaluation - Production","READS_ATTRIBUTE","attribute","attribute::ML Document.BSTME","tm1_ti_parser","CellGetS","UNRESOLVED","1"
"UNRESOLVED_DYNAMIC_REFERENCE","fd3ddd7c23d63f5181b2519c","process::DataUpdate - Material Ledger - Revaluation - Production Consumption","READS_ATTRIBUTE","attribute","attribute::ML Document.BSTME","tm1_ti_parser","CellGetS","UNRESOLVED","1"
"UNRESOLVED_DYNAMIC_REFERENCE","99570f80011f00df3bdf082f","process::DataUpdate - Material Ledger - Revaluation - Sales","READS_ATTRIBUTE","attribute","attribute::ML Document.BSTME","tm1_ti_parser","CellGetS","UNRESOLVED","1"
"UNRESOLVED_DYNAMIC_REFERENCE","899154d4f9daa1bca6d69215","process::DataUpdate - Material Ledger - Revaluation - Transfer Posting","READS_ATTRIBUTE","attribute","attribute::ML Document.BSTME","tm1_ti_parser","CellGetS","UNRESOLVED","1"
"UNRESOLVED_DYNAMIC_REFERENCE","e02db9ea3d995f5da8038abb","process::DataUpdate - Material Ledger - Revaluation - Transfers Out","READS_ATTRIBUTE","attribute","attribute::ML Document.BSTME","tm1_ti_parser","CellGetS","UNRESOLVED","1"
"UNRESOLVED_DYNAMIC_REFERENCE","e2dff10e0ddad0e4df27df7a","process::DataUpdate - ML Stage","WRITES_ATTRIBUTE","attribute","attribute::ML Document.BSTME","tm1_ti_parser","AttrPutS","UNRESOLVED","1"
"UNRESOLVED_DYNAMIC_REFERENCE","23ea9bf51064fb54bb5146b7","process::DataUpdate - ML Stage","CREATES_ATTRIBUTE","attribute","attribute::ML Document.BSTME","tm1_ti_parser","AttrInsert","UNRESOLVED","1"
"UNRESOLVED_DYNAMIC_REFERENCE","70affcbef74b2fd51f5e518b","process::DataUpdate - ML Stage","WRITES_ATTRIBUTE","attribute","attribute::ML Document.BUDAT","tm1_ti_parser","AttrPutS","UNRESOLVED","1"
"UNRESOLVED_DYNAMIC_REFERENCE","475b9c42ce95731e1aa7b908","process::DataUpdate - ML Stage","CREATES_ATTRIBUTE","attribute","attribute::ML Document.BUDAT","tm1_ti_parser","AttrInsert","UNRESOLVED","1"
"UNRESOLVED_DYNAMIC_REFERENCE","0b5a051d34e9ce6b34151dde","process::DataUpdate - Material Ledger - Beginning and Ending Inventory","READS_ATTRIBUTE","attribute","attribute::ML Document.BVALT","tm1_ti_parser","CellGetS","UNRESOLVED","1"
"UNRESOLVED_DYNAMIC_REFERENCE","eec511cb20948292c9499795","process::DataUpdate - Material Ledger - Consumption - All Other","READS_ATTRIBUTE","attribute","attribute::ML Document.BVALT","tm1_ti_parser","CellGetS","UNRESOLVED","1"
"UNRESOLVED_DYNAMIC_REFERENCE","02794fbbfa1b52204b501c63","process::DataUpdate - Material Ledger - Consumption - Production","READS_ATTRIBUTE","attribute","attribute::ML Document.BVALT","tm1_ti_parser","CellGetS","UNRESOLVED","1"
"UNRESOLVED_DYNAMIC_REFERENCE","2c2ccdd04efce24aa0d34974","process::DataUpdate - Material Ledger - Consumption - Production - Materials Produced - Price Diff","READS_ATTRIBUTE","attribute","attribute::ML Document.BVALT","tm1_ti_parser","CellGetS","UNRESOLVED","2"
"UNRESOLVED_DYNAMIC_REFERENCE","62c054fd7c05da81aef1736a","process::DataUpdate - Material Ledger - Consumption - Sales","READS_ATTRIBUTE","attribute","attribute::ML Document.BVALT","tm1_ti_parser","CellGetS","UNRESOLVED","1"
"UNRESOLVED_DYNAMIC_REFERENCE","efb4624d2247cc35abbb9a47","process::DataUpdate - Material Ledger - Consumption - Transfers","READS_ATTRIBUTE","attribute","attribute::ML Document.BVALT","tm1_ti_parser","CellGetS","UNRESOLVED","1"
"UNRESOLVED_DYNAMIC_REFERENCE","cb270b414175b9a500bdf687","process::DataUpdate - Material Ledger - Receipts - All other","READS_ATTRIBUTE","attribute","attribute::ML Document.BVALT","tm1_ti_parser","CellGetS","UNRESOLVED","1"
"UNRESOLVED_DYNAMIC_REFERENCE","0e2f2971c2ea19e821d6c2d7","process::DataUpdate - Material Ledger - Receipts - External Procured Receipts","READS_ATTRIBUTE","attribute","attribute::ML Document.BVALT","tm1_ti_parser","CellGetS","UNRESOLVED","1"
"UNRESOLVED_DYNAMIC_REFERENCE","c31600f60ce8b8fa81afe0ad","process::DataUpdate - Material Ledger - Receipts - Production","READS_ATTRIBUTE","attribute","attribute::ML Document.BVALT","tm1_ti_parser","CellGetS","UNRESOLVED","1"
"UNRESOLVED_DYNAMIC_REFERENCE","ceef149bd9d4ef284e98f052","process::DataUpdate - Material Ledger - Receipts - Transfer Posting","READS_ATTRIBUTE","attribute","attribute::ML Document.BVALT","tm1_ti_parser","CellGetS","UNRESOLVED","1"
"UNRESOLVED_DYNAMIC_REFERENCE","ade9252f4c27caa12cb1c29d","process::DataUpdate - Material Ledger - Revaluation - All Other","READS_ATTRIBUTE","attribute","attribute::ML Document.BVALT","tm1_ti_parser","CellGetS","UNRESOLVED","1"
"UNRESOLVED_DYNAMIC_REFERENCE","6065970827f6bac6e2e2614a","process::DataUpdate - Material Ledger - Revaluation - Change in Material Price","READS_ATTRIBUTE","attribute","attribute::ML Document.BVALT","tm1_ti_parser","CellGetS","UNRESOLVED","1"
"UNRESOLVED_DYNAMIC_REFERENCE","fae4b612d63f92173580e0d0","process::DataUpdate - Material Ledger - Revaluation - External Procured Receipts","READS_ATTRIBUTE","attribute","attribute::ML Document.BVALT","tm1_ti_parser","CellGetS","UNRESOLVED","1"
"UNRESOLVED_DYNAMIC_REFERENCE","d97adc083bf129aa89bd8d92","process::DataUpdate - Material Ledger - Revaluation - Production","READS_ATTRIBUTE","attribute","attribute::ML Document.BVALT","tm1_ti_parser","CellGetS","UNRESOLVED","1"
"UNRESOLVED_DYNAMIC_REFERENCE","ac50015fcf0459651d78a51d","process::DataUpdate - Material Ledger - Revaluation - Production Consumption","READS_ATTRIBUTE","attribute","attribute::ML Document.BVALT","tm1_ti_parser","CellGetS","UNRESOLVED","1"
"UNRESOLVED_DYNAMIC_REFERENCE","e7d17bd0676464e71e750e21","process::DataUpdate - Material Ledger - Revaluation - Sales","READS_ATTRIBUTE","attribute","attribute::ML Document.BVALT","tm1_ti_parser","CellGetS","UNRESOLVED","1"
"UNRESOLVED_DYNAMIC_REFERENCE","4f46b302322324935a0ea812","process::DataUpdate - Material Ledger - Revaluation - Transfer Posting","READS_ATTRIBUTE","attribute","attribute::ML Document.BVALT","tm1_ti_parser","CellGetS","UNRESOLVED","1"
"UNRESOLVED_DYNAMIC_REFERENCE","fa2964a09fbb00e2642beb95","process::DataUpdate - Material Ledger - Revaluation - Transfers Out","READS_ATTRIBUTE","attribute","attribute::ML Document.BVALT","tm1_ti_parser","CellGetS","UNRESOLVED","1"
"UNRESOLVED_DYNAMIC_REFERENCE","9352d8a4723be6e1f77d533f","process::DataUpdate - ML Stage","CREATES_ATTRIBUTE","attribute","attribute::ML Document.BVALT","tm1_ti_parser","AttrInsert","UNRESOLVED","1"
"UNRESOLVED_DYNAMIC_REFERENCE","c584c2669d34207c806f9ac2","process::DataUpdate - ML Stage","WRITES_ATTRIBUTE","attribute","attribute::ML Document.BVALT","tm1_ti_parser","AttrPutS","UNRESOLVED","1"
"UNRESOLVED_DYNAMIC_REFERENCE","d1ff72ed1b8e80f980430d6b","process::DataUpdate - Material Ledger - Consumption - Production - Materials Produced - Price Diff","READS_ATTRIBUTE","attribute","attribute::ML Document.BWART","tm1_ti_parser","CellGetS","UNRESOLVED","1"
"UNRESOLVED_DYNAMIC_REFERENCE","df2222086644e27ce78a4378","process::DataUpdate - ML Stage","WRITES_ATTRIBUTE","attribute","attribute::ML Document.BWART","tm1_ti_parser","AttrPutS","UNRESOLVED","1"
"UNRESOLVED_DYNAMIC_REFERENCE","3bb5571ddf9584da53f46ca9","process::DataUpdate - ML Stage","CREATES_ATTRIBUTE","attribute","attribute::ML Document.BWART","tm1_ti_parser","AttrInsert","UNRESOLVED","1"
"UNRESOLVED_DYNAMIC_REFERENCE","7a84a27e8d340a2800ac6cf1","process::DataUpdate - ML Stage - ACDOCA","READS_ATTRIBUTE","attribute","attribute::ML Document.BWART","tm1_ti_parser","ATTRS","UNRESOLVED","1"
"UNRESOLVED_DYNAMIC_REFERENCE","44543adf657197193f128c45","process::DataUpdate - ML Stage - ACDOCA_Temp","READS_ATTRIBUTE","attribute","attribute::ML Document.BWART","tm1_ti_parser","ATTRS","UNRESOLVED","1"
"UNRESOLVED_DYNAMIC_REFERENCE","bad46ff5d5a1525a3e5b1cde","process::DataUpdate - Material Ledger - Beginning and Ending Inventory","READS_ATTRIBUTE","attribute","attribute::ML Document.BWTAR","tm1_ti_parser","CellGetS","UNRESOLVED","2"
"UNRESOLVED_DYNAMIC_REFERENCE","c8af65d97e5fa9b79f8cdbb1","process::DataUpdate - Material Ledger - Consumption - All Other","READS_ATTRIBUTE","attribute","attribute::ML Document.BWTAR","tm1_ti_parser","CellGetS","UNRESOLVED","1"
"UNRESOLVED_DYNAMIC_REFERENCE","10e081f57e815752653e179c","process::DataUpdate - Material Ledger - Consumption - Production","READS_ATTRIBUTE","attribute","attribute::ML Document.BWTAR","tm1_ti_parser","CellGetS","UNRESOLVED","1"
"UNRESOLVED_DYNAMIC_REFERENCE","e638b1d5ed4343f755f37229","process::DataUpdate - Material Ledger - Consumption - Sales","READS_ATTRIBUTE","attribute","attribute::ML Document.BWTAR","tm1_ti_parser","CellGetS","UNRESOLVED","1"
"UNRESOLVED_DYNAMIC_REFERENCE","6bdb370a97c8bd8aa4ad5e4b","process::DataUpdate - Material Ledger - Consumption - Transfers","READS_ATTRIBUTE","attribute","attribute::ML Document.BWTAR","tm1_ti_parser","CellGetS","UNRESOLVED","1"
"UNRESOLVED_DYNAMIC_REFERENCE","36f1e903b9b33e031f5e798b","process::DataUpdate - Material Ledger - Consumption - Transfers - Receiving Material and Plant","READS_ATTRIBUTE","attribute","attribute::ML Document.BWTAR","tm1_ti_parser","CellGetS","UNRESOLVED","2"
"UNRESOLVED_DYNAMIC_REFERENCE","8af51d90cbdc099fcd5c8552","process::DataUpdate - Material Ledger - Receipts - All other","READS_ATTRIBUTE","attribute","attribute::ML Document.BWTAR","tm1_ti_parser","CellGetS","UNRESOLVED","1"
"UNRESOLVED_DYNAMIC_REFERENCE","c10d589c2bfb0f620bfdb2a4","process::DataUpdate - Material Ledger - Receipts - External Procured Receipts","READS_ATTRIBUTE","attribute","attribute::ML Document.BWTAR","tm1_ti_parser","CellGetS","UNRESOLVED","1"
"UNRESOLVED_DYNAMIC_REFERENCE","c5de95c47ff42cf063c403cf","process::DataUpdate - Material Ledger - Receipts - Production","READS_ATTRIBUTE","attribute","attribute::ML Document.BWTAR","tm1_ti_parser","CellGetS","UNRESOLVED","1"
"UNRESOLVED_DYNAMIC_REFERENCE","a350416f0f017c10005ede4c","process::DataUpdate - Material Ledger - Receipts - Transfer Posting","READS_ATTRIBUTE","attribute","attribute::ML Document.BWTAR","tm1_ti_parser","CellGetS","UNRESOLVED","1"
"UNRESOLVED_DYNAMIC_REFERENCE","0b2993fbf9b7ab06e05c7d85","process::DataUpdate - Material Ledger - Revaluation - All Other","READS_ATTRIBUTE","attribute","attribute::ML Document.BWTAR","tm1_ti_parser","CellGetS","UNRESOLVED","1"
"UNRESOLVED_DYNAMIC_REFERENCE","7e60138dd99e47188b4c252f","process::DataUpdate - Material Ledger - Revaluation - Change in Material Price","READS_ATTRIBUTE","attribute","attribute::ML Document.BWTAR","tm1_ti_parser","CellGetS","UNRESOLVED","1"
"UNRESOLVED_DYNAMIC_REFERENCE","262780758d4a6a7a8fb19323","process::DataUpdate - Material Ledger - Revaluation - External Procured Receipts","READS_ATTRIBUTE","attribute","attribute::ML Document.BWTAR","tm1_ti_parser","CellGetS","UNRESOLVED","1"
"UNRESOLVED_DYNAMIC_REFERENCE","d5cbc659956a2bc0eef52028","process::DataUpdate - Material Ledger - Revaluation - Production","READS_ATTRIBUTE","attribute","attribute::ML Document.BWTAR","tm1_ti_parser","CellGetS","UNRESOLVED","1"
"UNRESOLVED_DYNAMIC_REFERENCE","69d73fab5dd6c11eb322cc32","process::DataUpdate - Material Ledger - Revaluation - Production Consumption","READS_ATTRIBUTE","attribute","attribute::ML Document.BWTAR","tm1_ti_parser","CellGetS","UNRESOLVED","1"
"UNRESOLVED_DYNAMIC_REFERENCE","4bd8b008f963f876b60061c7","process::DataUpdate - Material Ledger - Revaluation - Sales","READS_ATTRIBUTE","attribute","attribute::ML Document.BWTAR","tm1_ti_parser","CellGetS","UNRESOLVED","1"
"UNRESOLVED_DYNAMIC_REFERENCE","9b6f43d3844b3cce0ff609d3","process::DataUpdate - Material Ledger - Revaluation - Transfer Posting","READS_ATTRIBUTE","attribute","attribute::ML Document.BWTAR","tm1_ti_parser","CellGetS","UNRESOLVED","1"
"UNRESOLVED_DYNAMIC_REFERENCE","928145d0e5c7c4db7a0bf1a0","process::DataUpdate - Material Ledger - Revaluation - Transfers Out","READS_ATTRIBUTE","attribute","attribute::ML Document.BWTAR","tm1_ti_parser","CellGetS","UNRESOLVED","1"
"UNRESOLVED_DYNAMIC_REFERENCE","7c21d4b566c4d032b1c47b72","process::DataUpdate - ML Stage","WRITES_ATTRIBUTE","attribute","attribute::ML Document.BWTAR","tm1_ti_parser","AttrPutS","UNRESOLVED","1"
"UNRESOLVED_DYNAMIC_REFERENCE","daa816466ed983efee3ff041","process::DataUpdate - ML Stage","CREATES_ATTRIBUTE","attribute","attribute::ML Document.BWTAR","tm1_ti_parser","AttrInsert","UNRESOLVED","1"
"UNRESOLVED_DYNAMIC_REFERENCE","e48ca739ca49ead5437911c7","process::DataUpdate - ML Stage","WRITES_ATTRIBUTE","attribute","attribute::ML Document.CATEG","tm1_ti_parser","AttrPutS","UNRESOLVED","1"
"UNRESOLVED_DYNAMIC_REFERENCE","bb6101c58dae6200198b2154","process::DataUpdate - ML Stage","CREATES_ATTRIBUTE","attribute","attribute::ML Document.CATEG","tm1_ti_parser","AttrInsert","UNRESOLVED","1"
"UNRESOLVED_DYNAMIC_REFERENCE","eca8b0a93cb4b216037a6cd5","process::DataUpdate - ML Stage - ACDOCA","READS_ATTRIBUTE","attribute","attribute::ML Document.CATEG","tm1_ti_parser","ATTRS","UNRESOLVED","1"
"UNRESOLVED_DYNAMIC_REFERENCE","a1385c14ead7fa2a98b4f448","process::DataUpdate - ML Stage - ACDOCA_Temp","READS_ATTRIBUTE","attribute","attribute::ML Document.CATEG","tm1_ti_parser","ATTRS","UNRESOLVED","1"
"UNRESOLVED_DYNAMIC_REFERENCE","8378757713cd40d5471df2a1","process::DataUpdate - ML Stage","WRITES_ATTRIBUTE","attribute","attribute::ML Document.CKM3 line","tm1_ti_parser","AttrPutS","UNRESOLVED","1"
"UNRESOLVED_DYNAMIC_REFERENCE","cdc31e73ee30bb155473d085","process::DataUpdate - ML Stage","CREATES_ATTRIBUTE","attribute","attribute::ML Document.CKM3 line","tm1_ti_parser","AttrInsert","UNRESOLVED","1"
"UNRESOLVED_DYNAMIC_REFERENCE","9c3e7c1625aaabb03d5b5a29","process::DataUpdate - ML Stage","CREATES_ATTRIBUTE","attribute","attribute::ML Document.CURRENT_PER","tm1_ti_parser","AttrInsert","UNRESOLVED","1"
"UNRESOLVED_DYNAMIC_REFERENCE","be75afcd38aeab37c882ba3e","process::DataUpdate - ML Stage","WRITES_ATTRIBUTE","attribute","attribute::ML Document.CURRENT_PER","tm1_ti_parser","AttrPutS","UNRESOLVED","1"
"UNRESOLVED_DYNAMIC_REFERENCE","293bfa9cd66ba747460b37be","process::DataUpdate - ML Stage","WRITES_ATTRIBUTE","attribute","attribute::ML Document.CYCLENR","tm1_ti_parser","AttrPutS","UNRESOLVED","1"
"UNRESOLVED_DYNAMIC_REFERENCE","6323aaf878f438ea17e12544","process::DataUpdate - ML Stage","CREATES_ATTRIBUTE","attribute","attribute::ML Document.CYCLENR","tm1_ti_parser","AttrInsert","UNRESOLVED","1"
"UNRESOLVED_DYNAMIC_REFERENCE","1e32434fa7aa0467adf10b23","process::DataUpdate - Material Ledger - Beginning and Ending Inventory","READS_ATTRIBUTE","attribute","attribute::ML Document.EBELN","tm1_ti_parser","CellGetS","UNRESOLVED","1"
"UNRESOLVED_DYNAMIC_REFERENCE","481612d7232faaded0c9a2fa","process::DataUpdate - Material Ledger - Consumption - All Other","READS_ATTRIBUTE","attribute","attribute::ML Document.EBELN","tm1_ti_parser","CellGetS","UNRESOLVED","1"
"UNRESOLVED_DYNAMIC_REFERENCE","3ac7885568ad633ad2a1114a","process::DataUpdate - Material Ledger - Consumption - Production","READS_ATTRIBUTE","attribute","attribute::ML Document.EBELN","tm1_ti_parser","CellGetS","UNRESOLVED","1"
"UNRESOLVED_DYNAMIC_REFERENCE","3bdcad0d79304d5ef00fe1cb","process::DataUpdate - Material Ledger - Consumption - Sales","READS_ATTRIBUTE","attribute","attribute::ML Document.EBELN","tm1_ti_parser","CellGetS","UNRESOLVED","1"
"UNRESOLVED_DYNAMIC_REFERENCE","956dea8f7fc04ca6b22e69ba","process::DataUpdate - Material Ledger - Consumption - Transfers","READS_ATTRIBUTE","attribute","attribute::ML Document.EBELN","tm1_ti_parser","CellGetS","UNRESOLVED","1"
"UNRESOLVED_DYNAMIC_REFERENCE","0b1a1e19b7247a9446614083","process::DataUpdate - Material Ledger - Receipts - All other","READS_ATTRIBUTE","attribute","attribute::ML Document.EBELN","tm1_ti_parser","CellGetS","UNRESOLVED","1"
"UNRESOLVED_DYNAMIC_REFERENCE","30a941516169f113104c330d","process::DataUpdate - Material Ledger - Receipts - External Procured Receipts","READS_ATTRIBUTE","attribute","attribute::ML Document.EBELN","tm1_ti_parser","CellGetS","UNRESOLVED","1"
"UNRESOLVED_DYNAMIC_REFERENCE","c6cb11a311adc6f241caaf43","process::DataUpdate - Material Ledger - Receipts - Production","READS_ATTRIBUTE","attribute","attribute::ML Document.EBELN","tm1_ti_parser","CellGetS","UNRESOLVED","1"
"UNRESOLVED_DYNAMIC_REFERENCE","333c5726816bda8402102250","process::DataUpdate - Material Ledger - Receipts - Transfer Posting","READS_ATTRIBUTE","attribute","attribute::ML Document.EBELN","tm1_ti_parser","CellGetS","UNRESOLVED","1"
"UNRESOLVED_DYNAMIC_REFERENCE","857ed52443db779e25196cd1","process::DataUpdate - Material Ledger - Revaluation - All Other","READS_ATTRIBUTE","attribute","attribute::ML Document.EBELN","tm1_ti_parser","CellGetS","UNRESOLVED","1"
"UNRESOLVED_DYNAMIC_REFERENCE","916ddfdb5c80beadf8d2710e","process::DataUpdate - Material Ledger - Revaluation - Change in Material Price","READS_ATTRIBUTE","attribute","attribute::ML Document.EBELN","tm1_ti_parser","CellGetS","UNRESOLVED","1"
"UNRESOLVED_DYNAMIC_REFERENCE","469ab3f66190cd53dba2b24f","process::DataUpdate - Material Ledger - Revaluation - External Procured Receipts","READS_ATTRIBUTE","attribute","attribute::ML Document.EBELN","tm1_ti_parser","CellGetS","UNRESOLVED","1"
"UNRESOLVED_DYNAMIC_REFERENCE","9b3d367666bd63621a2ca47b","process::DataUpdate - Material Ledger - Revaluation - Production","READS_ATTRIBUTE","attribute","attribute::ML Document.EBELN","tm1_ti_parser","CellGetS","UNRESOLVED","1"
"UNRESOLVED_DYNAMIC_REFERENCE","d8021343ccee71194cdb1473","process::DataUpdate - Material Ledger - Revaluation - Production Consumption","READS_ATTRIBUTE","attribute","attribute::ML Document.EBELN","tm1_ti_parser","CellGetS","UNRESOLVED","1"
"UNRESOLVED_DYNAMIC_REFERENCE","f14336a772de24a623be6c85","process::DataUpdate - Material Ledger - Revaluation - Sales","READS_ATTRIBUTE","attribute","attribute::ML Document.EBELN","tm1_ti_parser","CellGetS","UNRESOLVED","1"
"UNRESOLVED_DYNAMIC_REFERENCE","e691850615617ec5e9275143","process::DataUpdate - Material Ledger - Revaluation - Transfer Posting","READS_ATTRIBUTE","attribute","attribute::ML Document.EBELN","tm1_ti_parser","CellGetS","UNRESOLVED","1"
"UNRESOLVED_DYNAMIC_REFERENCE","b476547b55f6219eed90197d","process::DataUpdate - Material Ledger - Revaluation - Transfers Out","READS_ATTRIBUTE","attribute","attribute::ML Document.EBELN","tm1_ti_parser","CellGetS","UNRESOLVED","1"
"UNRESOLVED_DYNAMIC_REFERENCE","d2f300aa33787fdb65af4615","process::DataUpdate - ML Stage - ACDOCA","CREATES_ATTRIBUTE","attribute","attribute::ML Document.EBELN","tm1_ti_parser","ATTRInsert","UNRESOLVED","1"
"UNRESOLVED_DYNAMIC_REFERENCE","886558d67b5c939a5eb8168b","process::DataUpdate - ML Stage - ACDOCA","WRITES_ATTRIBUTE","attribute","attribute::ML Document.EBELN","tm1_ti_parser","AttrPutS","UNRESOLVED","1"
"UNRESOLVED_DYNAMIC_REFERENCE","a75aafaad51824ec8b7b403a","process::DataUpdate - Material Ledger - Consumption - Production - Materials Produced - Price Diff","READS_ATTRIBUTE","attribute","attribute::ML Document.Flow","tm1_ti_parser","CellGetS","UNRESOLVED","2"
"UNRESOLVED_DYNAMIC_REFERENCE","cc0680702140d7b7257ebef2","process::DataUpdate - Material Ledger - Consumption - Transfers - Receiving Material and Plant","READS_ATTRIBUTE","attribute","attribute::ML Document.Flow","tm1_ti_parser","CellGetS","UNRESOLVED","2"
"UNRESOLVED_DYNAMIC_REFERENCE","b1a3c0cc37552992d76d5c76","process::DataUpdate - ML Stage","WRITES_ATTRIBUTE","attribute","attribute::ML Document.Flow","tm1_ti_parser","AttrPutS","UNRESOLVED","1"
"UNRESOLVED_DYNAMIC_REFERENCE","6f94ea36cd71bace6caa7583","process::DataUpdate - ML Stage","CREATES_ATTRIBUTE","attribute","attribute::ML Document.Flow","tm1_ti_parser","AttrInsert","UNRESOLVED","1"
"UNRESOLVED_DYNAMIC_REFERENCE","e8459aadcf3062c81ba48825","process::DataUpdate - ML Stage - ACDOCA","CREATES_ATTRIBUTE","attribute","attribute::ML Document.GKONT","tm1_ti_parser","ATTRInsert","UNRESOLVED","1"
"UNRESOLVED_DYNAMIC_REFERENCE","8675338fa11aa1b41b3a37db","process::DataUpdate - ML Stage - ACDOCA","WRITES_ATTRIBUTE","attribute","attribute::ML Document.GKONT","tm1_ti_parser","AttrPutS","UNRESOLVED","1"
"UNRESOLVED_DYNAMIC_REFERENCE","6649fb7097d918fea04b6ce1","process::DataUpdate - ML Stage","WRITES_ATTRIBUTE","attribute","attribute::ML Document.GLVOR","tm1_ti_parser","AttrPutS","UNRESOLVED","1"
"UNRESOLVED_DYNAMIC_REFERENCE","357d67c6e19d1aa7b958a668","process::DataUpdate - ML Stage","CREATES_ATTRIBUTE","attribute","attribute::ML Document.GLVOR","tm1_ti_parser","AttrInsert","UNRESOLVED","1"
"UNRESOLVED_DYNAMIC_REFERENCE","c62c02b3eea1cefbc711b893","process::DataUpdate - ML Stage - ACDOCA","READS_ATTRIBUTE","attribute","attribute::ML Document.GLVOR","tm1_ti_parser","ATTRS","UNRESOLVED","1"
"UNRESOLVED_DYNAMIC_REFERENCE","9481d13e2904080beb096608","process::DataUpdate - ML Stage - ACDOCA_Temp","READS_ATTRIBUTE","attribute","attribute::ML Document.GLVOR","tm1_ti_parser","ATTRS","UNRESOLVED","1"
"UNRESOLVED_DYNAMIC_REFERENCE","f7741f1817a2439f2f9779c8","process::DataUpdate - Material Ledger - Beginning and Ending Inventory","READS_ATTRIBUTE","attribute","attribute::ML Document.GOODSMOVEMENTTYPE","tm1_ti_parser","CellGetS","UNRESOLVED","1"
"UNRESOLVED_DYNAMIC_REFERENCE","b81653f40193e542af35e1c8","process::DataUpdate - Material Ledger - Consumption - All Other","READS_ATTRIBUTE","attribute","attribute::ML Document.GOODSMOVEMENTTYPE","tm1_ti_parser","CellGetS","UNRESOLVED","1"
"UNRESOLVED_DYNAMIC_REFERENCE","3ed64ed41bb732946531db91","process::DataUpdate - Material Ledger - Consumption - Production","READS_ATTRIBUTE","attribute","attribute::ML Document.GOODSMOVEMENTTYPE","tm1_ti_parser","CellGetS","UNRESOLVED","1"
"UNRESOLVED_DYNAMIC_REFERENCE","d326576795cfad86e95e555f","process::DataUpdate - Material Ledger - Consumption - Sales","READS_ATTRIBUTE","attribute","attribute::ML Document.GOODSMOVEMENTTYPE","tm1_ti_parser","CellGetS","UNRESOLVED","1"
"UNRESOLVED_DYNAMIC_REFERENCE","9fa6018bed443376512257f4","process::DataUpdate - Material Ledger - Consumption - Transfers","READS_ATTRIBUTE","attribute","attribute::ML Document.GOODSMOVEMENTTYPE","tm1_ti_parser","CellGetS","UNRESOLVED","1"
"UNRESOLVED_DYNAMIC_REFERENCE","792d4e20cde2e0b6fb40f509","process::DataUpdate - Material Ledger - Receipts - All other","READS_ATTRIBUTE","attribute","attribute::ML Document.GOODSMOVEMENTTYPE","tm1_ti_parser","CellGetS","UNRESOLVED","1"
"UNRESOLVED_DYNAMIC_REFERENCE","19686ea4d874723e8c1f8d35","process::DataUpdate - Material Ledger - Receipts - External Procured Receipts","READS_ATTRIBUTE","attribute","attribute::ML Document.GOODSMOVEMENTTYPE","tm1_ti_parser","CellGetS","UNRESOLVED","1"
"UNRESOLVED_DYNAMIC_REFERENCE","1561e803114ae6144797f4ac","process::DataUpdate - Material Ledger - Receipts - Production","READS_ATTRIBUTE","attribute","attribute::ML Document.GOODSMOVEMENTTYPE","tm1_ti_parser","CellGetS","UNRESOLVED","1"
"UNRESOLVED_DYNAMIC_REFERENCE","28632f377d3a7d1b9875d0ab","process::DataUpdate - Material Ledger - Receipts - Transfer Posting","READS_ATTRIBUTE","attribute","attribute::ML Document.GOODSMOVEMENTTYPE","tm1_ti_parser","CellGetS","UNRESOLVED","1"
"UNRESOLVED_DYNAMIC_REFERENCE","3681b369a41e06704e09b166","process::DataUpdate - Material Ledger - Revaluation - All Other","READS_ATTRIBUTE","attribute","attribute::ML Document.GOODSMOVEMENTTYPE","tm1_ti_parser","CellGetS","UNRESOLVED","1"
"UNRESOLVED_DYNAMIC_REFERENCE","febd655939901254d3e3dda1","process::DataUpdate - Material Ledger - Revaluation - Change in Material Price","READS_ATTRIBUTE","attribute","attribute::ML Document.GOODSMOVEMENTTYPE","tm1_ti_parser","CellGetS","UNRESOLVED","1"
"UNRESOLVED_DYNAMIC_REFERENCE","2f710eaeaeb75c9afde9641c","process::DataUpdate - Material Ledger - Revaluation - External Procured Receipts","READS_ATTRIBUTE","attribute","attribute::ML Document.GOODSMOVEMENTTYPE","tm1_ti_parser","CellGetS","UNRESOLVED","1"
"UNRESOLVED_DYNAMIC_REFERENCE","baf9080ed9c037eb7310a741","process::DataUpdate - Material Ledger - Revaluation - Production","READS_ATTRIBUTE","attribute","attribute::ML Document.GOODSMOVEMENTTYPE","tm1_ti_parser","CellGetS","UNRESOLVED","1"
"UNRESOLVED_DYNAMIC_REFERENCE","2d65a95dfee7fe78365eb134","process::DataUpdate - Material Ledger - Revaluation - Production Consumption","READS_ATTRIBUTE","attribute","attribute::ML Document.GOODSMOVEMENTTYPE","tm1_ti_parser","CellGetS","UNRESOLVED","1"
"UNRESOLVED_DYNAMIC_REFERENCE","a0962407a2942693076a1665","process::DataUpdate - Material Ledger - Revaluation - Sales","READS_ATTRIBUTE","attribute","attribute::ML Document.GOODSMOVEMENTTYPE","tm1_ti_parser","CellGetS","UNRESOLVED","1"
"UNRESOLVED_DYNAMIC_REFERENCE","06ed32387030d4d25676588f","process::DataUpdate - Material Ledger - Revaluation - Transfer Posting","READS_ATTRIBUTE","attribute","attribute::ML Document.GOODSMOVEMENTTYPE","tm1_ti_parser","CellGetS","UNRESOLVED","1"
"UNRESOLVED_DYNAMIC_REFERENCE","ce8346035d21fbf912afa596","process::DataUpdate - Material Ledger - Revaluation - Transfers Out","READS_ATTRIBUTE","attribute","attribute::ML Document.GOODSMOVEMENTTYPE","tm1_ti_parser","CellGetS","UNRESOLVED","1"
"UNRESOLVED_DYNAMIC_REFERENCE","0e08dc20e8ff65f544afe47f","process::DataUpdate - ML Stage - ACDOCA","CREATES_ATTRIBUTE","attribute","attribute::ML Document.GOODSMOVEMENTTYPE","tm1_ti_parser","ATTRInsert","UNRESOLVED","1"
"UNRESOLVED_DYNAMIC_REFERENCE","95c2f6b3238296f488049158","process::DataUpdate - ML Stage - ACDOCA","WRITES_ATTRIBUTE","attribute","attribute::ML Document.GOODSMOVEMENTTYPE","tm1_ti_parser","AttrPutS","UNRESOLVED","1"
"UNRESOLVED_DYNAMIC_REFERENCE","b5a15f948c983ea2251bda4b","process::DataUpdate - ML Stage","WRITES_ATTRIBUTE","attribute","attribute::ML Document.HRKFT","tm1_ti_parser","AttrPutS","UNRESOLVED","1"
"UNRESOLVED_DYNAMIC_REFERENCE","f2326d89624bc0a2bd2ffc6a","process::DataUpdate - ML Stage","CREATES_ATTRIBUTE","attribute","attribute::ML Document.HRKFT","tm1_ti_parser","AttrInsert","UNRESOLVED","1"
"UNRESOLVED_DYNAMIC_REFERENCE","2f6acb3e6637280f3cd8884f","process::DataUpdate - ML Stage","CREATES_ATTRIBUTE","attribute","attribute::ML Document.JAHRPER","tm1_ti_parser","AttrInsert","UNRESOLVED","1"
"UNRESOLVED_DYNAMIC_REFERENCE","439046b3dc47f0f9064db7d8","process::DataUpdate - ML Stage","WRITES_ATTRIBUTE","attribute","attribute::ML Document.JAHRPER","tm1_ti_parser","AttrPutS","UNRESOLVED","1"
"UNRESOLVED_DYNAMIC_REFERENCE","d9f0a274a93de556e5bddb76","process::DataUpdate - ML Stage","CREATES_ATTRIBUTE","attribute","attribute::ML Document.JAHRPER_WIP","tm1_ti_parser","AttrInsert","UNRESOLVED","1"
"UNRESOLVED_DYNAMIC_REFERENCE","7e797d9bcd5bdc255887209c","process::DataUpdate - ML Stage","WRITES_ATTRIBUTE","attribute","attribute::ML Document.JAHRPER_WIP","tm1_ti_parser","AttrPutS","UNRESOLVED","1"
"UNRESOLVED_DYNAMIC_REFERENCE","f4ae21f27a3b0e723be143ec","process::DataUpdate - ML Stage","WRITES_ATTRIBUTE","attribute","attribute::ML Document.KALNR","tm1_ti_parser","AttrPutS","UNRESOLVED","1"
"UNRESOLVED_DYNAMIC_REFERENCE","d7a96e016b290b18b825c2d2","process::DataUpdate - ML Stage","CREATES_ATTRIBUTE","attribute","attribute::ML Document.KALNR","tm1_ti_parser","AttrInsert","UNRESOLVED","1"
"UNRESOLVED_DYNAMIC_REFERENCE","c2b4c51a3657abc88bb57124","process::DataUpdate - ML Stage","CREATES_ATTRIBUTE","attribute","attribute::ML Document.KJAHR","tm1_ti_parser","AttrInsert","UNRESOLVED","1"
"UNRESOLVED_DYNAMIC_REFERENCE","4b22b336ef3bc5fa94e0540a","process::DataUpdate - ML Stage","WRITES_ATTRIBUTE","attribute","attribute::ML Document.KJAHR","tm1_ti_parser","AttrPutS","UNRESOLVED","1"
"UNRESOLVED_DYNAMIC_REFERENCE","e9ecb3e772c218def31bb156","process::DataUpdate - Material Ledger - Consumption - All Other","READS_ATTRIBUTE","attribute","attribute::ML Document.KSTAR","tm1_ti_parser","CellGetS","UNRESOLVED","1"
"UNRESOLVED_DYNAMIC_REFERENCE","e3659a6b8699799480bf7fcb","process::DataUpdate - Material Ledger - Consumption - Production","READS_ATTRIBUTE","attribute","attribute::ML Document.KSTAR","tm1_ti_parser","CellGetS","UNRESOLVED","1"
"UNRESOLVED_DYNAMIC_REFERENCE","8ca91600038bd3b8516d60d3","process::DataUpdate - Material Ledger - Consumption - Sales","READS_ATTRIBUTE","attribute","attribute::ML Document.KSTAR","tm1_ti_parser","CellGetS","UNRESOLVED","1"
"UNRESOLVED_DYNAMIC_REFERENCE","cc242b3453ec0ad12bc9c2b1","process::DataUpdate - Material Ledger - Consumption - Transfers","READS_ATTRIBUTE","attribute","attribute::ML Document.KSTAR","tm1_ti_parser","CellGetS","UNRESOLVED","1"
"UNRESOLVED_DYNAMIC_REFERENCE","bb54c506315ab00aeccace71","process::DataUpdate - Material Ledger - Receipts - All other","READS_ATTRIBUTE","attribute","attribute::ML Document.KSTAR","tm1_ti_parser","CellGetS","UNRESOLVED","1"
"UNRESOLVED_DYNAMIC_REFERENCE","7a940f27baf080c00740a9ae","process::DataUpdate - Material Ledger - Receipts - External Procured Receipts","READS_ATTRIBUTE","attribute","attribute::ML Document.KSTAR","tm1_ti_parser","CellGetS","UNRESOLVED","1"
"UNRESOLVED_DYNAMIC_REFERENCE","67372573b21fa204bde439ba","process::DataUpdate - Material Ledger - Receipts - Production","READS_ATTRIBUTE","attribute","attribute::ML Document.KSTAR","tm1_ti_parser","CellGetS","UNRESOLVED","1"
"UNRESOLVED_DYNAMIC_REFERENCE","4034f8b320f7e61cbee21a92","process::DataUpdate - Material Ledger - Receipts - Transfer Posting","READS_ATTRIBUTE","attribute","attribute::ML Document.KSTAR","tm1_ti_parser","CellGetS","UNRESOLVED","1"
"UNRESOLVED_DYNAMIC_REFERENCE","7d0579cbb8b9c9ac0fc3be86","process::DataUpdate - Material Ledger - Revaluation - All Other","READS_ATTRIBUTE","attribute","attribute::ML Document.KSTAR","tm1_ti_parser","CellGetS","UNRESOLVED","1"
"UNRESOLVED_DYNAMIC_REFERENCE","31a2b6985972b00e165152e7","process::DataUpdate - Material Ledger - Revaluation - Change in Material Price","READS_ATTRIBUTE","attribute","attribute::ML Document.KSTAR","tm1_ti_parser","CellGetS","UNRESOLVED","1"
"UNRESOLVED_DYNAMIC_REFERENCE","14fd49b22dd35d69134baedd","process::DataUpdate - Material Ledger - Revaluation - External Procured Receipts","READS_ATTRIBUTE","attribute","attribute::ML Document.KSTAR","tm1_ti_parser","CellGetS","UNRESOLVED","1"
"UNRESOLVED_DYNAMIC_REFERENCE","bdc9e910700169447040632b","process::DataUpdate - Material Ledger - Revaluation - Production","READS_ATTRIBUTE","attribute","attribute::ML Document.KSTAR","tm1_ti_parser","CellGetS","UNRESOLVED","1"
"UNRESOLVED_DYNAMIC_REFERENCE","d0154f9a739e0abd0986410b","process::DataUpdate - Material Ledger - Revaluation - Production Consumption","READS_ATTRIBUTE","attribute","attribute::ML Document.KSTAR","tm1_ti_parser","CellGetS","UNRESOLVED","1"
"UNRESOLVED_DYNAMIC_REFERENCE","a941299ab83accc2ca6c9e55","process::DataUpdate - Material Ledger - Revaluation - Sales","READS_ATTRIBUTE","attribute","attribute::ML Document.KSTAR","tm1_ti_parser","CellGetS","UNRESOLVED","1"
"UNRESOLVED_DYNAMIC_REFERENCE","569918d2d8faec98777f53a5","process::DataUpdate - Material Ledger - Revaluation - Transfer Posting","READS_ATTRIBUTE","attribute","attribute::ML Document.KSTAR","tm1_ti_parser","CellGetS","UNRESOLVED","1"
"UNRESOLVED_DYNAMIC_REFERENCE","ce9e48b654754fde237ac493","process::DataUpdate - Material Ledger - Revaluation - Transfers Out","READS_ATTRIBUTE","attribute","attribute::ML Document.KSTAR","tm1_ti_parser","CellGetS","UNRESOLVED","1"
"UNRESOLVED_DYNAMIC_REFERENCE","9afed345504eaf08c2fafa29","process::DataUpdate - ML Stage","CREATES_ATTRIBUTE","attribute","attribute::ML Document.KSTAR","tm1_ti_parser","AttrInsert","UNRESOLVED","1"
"UNRESOLVED_DYNAMIC_REFERENCE","67542a3ea382b0be44b3d6b2","process::DataUpdate - ML Stage","WRITES_ATTRIBUTE","attribute","attribute::ML Document.KSTAR","tm1_ti_parser","AttrPutS","UNRESOLVED","1"
"UNRESOLVED_DYNAMIC_REFERENCE","bc364d7bae5900bdad5861d4","process::DataUpdate - ML Stage - ACDOCA","WRITES_ATTRIBUTE","attribute","attribute::ML Document.KTOSL","tm1_ti_parser","AttrPutS","UNRESOLVED","1"
"UNRESOLVED_DYNAMIC_REFERENCE","56b95b00316f24e94ab032b8","process::DataUpdate - ML Stage - ACDOCA","CREATES_ATTRIBUTE","attribute","attribute::ML Document.KTOSL","tm1_ti_parser","ATTRInsert","UNRESOLVED","1"
"UNRESOLVED_DYNAMIC_REFERENCE","4409b3dc8343be1db266d0f0","process::DataUpdate - Material Ledger - Beginning and Ending Inventory","READS_ATTRIBUTE","attribute","attribute::ML Document.KUNNR","tm1_ti_parser","CellGetS","UNRESOLVED","1"
"UNRESOLVED_DYNAMIC_REFERENCE","cb4409d5cdd28302a1e9a022","process::DataUpdate - Material Ledger - Consumption - All Other","READS_ATTRIBUTE","attribute","attribute::ML Document.KUNNR","tm1_ti_parser","CellGetS","UNRESOLVED","1"
"UNRESOLVED_DYNAMIC_REFERENCE","ff84d69b24dce5affa20bf4b","process::DataUpdate - Material Ledger - Consumption - Production","READS_ATTRIBUTE","attribute","attribute::ML Document.KUNNR","tm1_ti_parser","CellGetS","UNRESOLVED","1"
"UNRESOLVED_DYNAMIC_REFERENCE","beb84e0ad8424e29a33e96bc","process::DataUpdate - Material Ledger - Consumption - Sales","READS_ATTRIBUTE","attribute","attribute::ML Document.KUNNR","tm1_ti_parser","CellGetS","UNRESOLVED","1"
"UNRESOLVED_DYNAMIC_REFERENCE","47f7a1fb02285aee941d3e51","process::DataUpdate - Material Ledger - Consumption - Transfers","READS_ATTRIBUTE","attribute","attribute::ML Document.KUNNR","tm1_ti_parser","CellGetS","UNRESOLVED","1"
"UNRESOLVED_DYNAMIC_REFERENCE","6d5b63dd2a15bd8c49eff7c0","process::DataUpdate - Material Ledger - Receipts - All other","READS_ATTRIBUTE","attribute","attribute::ML Document.KUNNR","tm1_ti_parser","CellGetS","UNRESOLVED","1"
"UNRESOLVED_DYNAMIC_REFERENCE","38f68cf6a7b0449e5b20de27","process::DataUpdate - Material Ledger - Receipts - External Procured Receipts","READS_ATTRIBUTE","attribute","attribute::ML Document.KUNNR","tm1_ti_parser","CellGetS","UNRESOLVED","1"
"UNRESOLVED_DYNAMIC_REFERENCE","6e10d9089687cf73dfd3941d","process::DataUpdate - Material Ledger - Receipts - Production","READS_ATTRIBUTE","attribute","attribute::ML Document.KUNNR","tm1_ti_parser","CellGetS","UNRESOLVED","1"
"UNRESOLVED_DYNAMIC_REFERENCE","024454b202804eeac70655f0","process::DataUpdate - Material Ledger - Receipts - Transfer Posting","READS_ATTRIBUTE","attribute","attribute::ML Document.KUNNR","tm1_ti_parser","CellGetS","UNRESOLVED","1"
"UNRESOLVED_DYNAMIC_REFERENCE","cfcdb401488ca7f8372010f7","process::DataUpdate - Material Ledger - Revaluation - All Other","READS_ATTRIBUTE","attribute","attribute::ML Document.KUNNR","tm1_ti_parser","CellGetS","UNRESOLVED","1"
"UNRESOLVED_DYNAMIC_REFERENCE","39289f96bb34c348b4e1b4eb","process::DataUpdate - Material Ledger - Revaluation - Change in Material Price","READS_ATTRIBUTE","attribute","attribute::ML Document.KUNNR","tm1_ti_parser","CellGetS","UNRESOLVED","1"
"UNRESOLVED_DYNAMIC_REFERENCE","fd22471f4d575b69e2aae3b1","process::DataUpdate - Material Ledger - Revaluation - External Procured Receipts","READS_ATTRIBUTE","attribute","attribute::ML Document.KUNNR","tm1_ti_parser","CellGetS","UNRESOLVED","1"
"UNRESOLVED_DYNAMIC_REFERENCE","ed4c4044823435088dc070c2","process::DataUpdate - Material Ledger - Revaluation - Production","READS_ATTRIBUTE","attribute","attribute::ML Document.KUNNR","tm1_ti_parser","CellGetS","UNRESOLVED","1"
"UNRESOLVED_DYNAMIC_REFERENCE","599e8f196cf5c94597e876ad","process::DataUpdate - Material Ledger - Revaluation - Production Consumption","READS_ATTRIBUTE","attribute","attribute::ML Document.KUNNR","tm1_ti_parser","CellGetS","UNRESOLVED","1"
"UNRESOLVED_DYNAMIC_REFERENCE","cf819b10d9beda8134c4c1a6","process::DataUpdate - Material Ledger - Revaluation - Sales","READS_ATTRIBUTE","attribute","attribute::ML Document.KUNNR","tm1_ti_parser","CellGetS","UNRESOLVED","1"
"UNRESOLVED_DYNAMIC_REFERENCE","9c2479b0c875797da0193e8c","process::DataUpdate - Material Ledger - Revaluation - Transfer Posting","READS_ATTRIBUTE","attribute","attribute::ML Document.KUNNR","tm1_ti_parser","CellGetS","UNRESOLVED","1"
"UNRESOLVED_DYNAMIC_REFERENCE","8128530403c4b9cbc1d8f4dd","process::DataUpdate - Material Ledger - Revaluation - Transfers Out","READS_ATTRIBUTE","attribute","attribute::ML Document.KUNNR","tm1_ti_parser","CellGetS","UNRESOLVED","1"
"UNRESOLVED_DYNAMIC_REFERENCE","b9d4e7a52138b7214c574af8","process::DataUpdate - ML Stage - ACDOCA","CREATES_ATTRIBUTE","attribute","attribute::ML Document.KUNNR","tm1_ti_parser","ATTRInsert","UNRESOLVED","1"
"UNRESOLVED_DYNAMIC_REFERENCE","a3efb9c3ed40710c8d73a364","process::DataUpdate - ML Stage - ACDOCA","WRITES_ATTRIBUTE","attribute","attribute::ML Document.KUNNR","tm1_ti_parser","AttrPutS","UNRESOLVED","1"
"UNRESOLVED_DYNAMIC_REFERENCE","0a71b1256fd9b00bcfbaf849","process::DataUpdate - Material Ledger - Beginning and Ending Inventory","READS_ATTRIBUTE","attribute","attribute::ML Document.KUNWE","tm1_ti_parser","CellGetS","UNRESOLVED","1"
"UNRESOLVED_DYNAMIC_REFERENCE","ac909cc38b90b4211dc30991","process::DataUpdate - Material Ledger - Consumption - All Other","READS_ATTRIBUTE","attribute","attribute::ML Document.KUNWE","tm1_ti_parser","CellGetS","UNRESOLVED","1"
"UNRESOLVED_DYNAMIC_REFERENCE","bcc3a69cc71e87a30360b33b","process::DataUpdate - Material Ledger - Consumption - Production","READS_ATTRIBUTE","attribute","attribute::ML Document.KUNWE","tm1_ti_parser","CellGetS","UNRESOLVED","1"
"UNRESOLVED_DYNAMIC_REFERENCE","b3842092975199cc2f2c81da","process::DataUpdate - Material Ledger - Consumption - Sales","READS_ATTRIBUTE","attribute","attribute::ML Document.KUNWE","tm1_ti_parser","CellGetS","UNRESOLVED","1"
"UNRESOLVED_DYNAMIC_REFERENCE","b4ca7fb516de61abca923621","process::DataUpdate - Material Ledger - Consumption - Transfers","READS_ATTRIBUTE","attribute","attribute::ML Document.KUNWE","tm1_ti_parser","CellGetS","UNRESOLVED","1"
"UNRESOLVED_DYNAMIC_REFERENCE","010827ff7aad41c15a4ec55c","process::DataUpdate - Material Ledger - Receipts - All other","READS_ATTRIBUTE","attribute","attribute::ML Document.KUNWE","tm1_ti_parser","CellGetS","UNRESOLVED","1"
"UNRESOLVED_DYNAMIC_REFERENCE","ee90b8577c597428d872cb10","process::DataUpdate - Material Ledger - Receipts - External Procured Receipts","READS_ATTRIBUTE","attribute","attribute::ML Document.KUNWE","tm1_ti_parser","CellGetS","UNRESOLVED","1"
"UNRESOLVED_DYNAMIC_REFERENCE","4c3ffd695151cea74261d303","process::DataUpdate - Material Ledger - Receipts - Production","READS_ATTRIBUTE","attribute","attribute::ML Document.KUNWE","tm1_ti_parser","CellGetS","UNRESOLVED","1"
"UNRESOLVED_DYNAMIC_REFERENCE","af847215a37013ea6cd3da86","process::DataUpdate - Material Ledger - Receipts - Transfer Posting","READS_ATTRIBUTE","attribute","attribute::ML Document.KUNWE","tm1_ti_parser","CellGetS","UNRESOLVED","1"
"UNRESOLVED_DYNAMIC_REFERENCE","33d094b1dcd55fac7789650d","process::DataUpdate - Material Ledger - Revaluation - All Other","READS_ATTRIBUTE","attribute","attribute::ML Document.KUNWE","tm1_ti_parser","CellGetS","UNRESOLVED","1"
"UNRESOLVED_DYNAMIC_REFERENCE","c80ca63f45db5dbc6d898aac","process::DataUpdate - Material Ledger - Revaluation - Change in Material Price","READS_ATTRIBUTE","attribute","attribute::ML Document.KUNWE","tm1_ti_parser","CellGetS","UNRESOLVED","1"
"UNRESOLVED_DYNAMIC_REFERENCE","bc37bc4e0e580392e93d516b","process::DataUpdate - Material Ledger - Revaluation - External Procured Receipts","READS_ATTRIBUTE","attribute","attribute::ML Document.KUNWE","tm1_ti_parser","CellGetS","UNRESOLVED","1"
"UNRESOLVED_DYNAMIC_REFERENCE","7806a9b4c473bef651cef7b4","process::DataUpdate - Material Ledger - Revaluation - Production","READS_ATTRIBUTE","attribute","attribute::ML Document.KUNWE","tm1_ti_parser","CellGetS","UNRESOLVED","1"
"UNRESOLVED_DYNAMIC_REFERENCE","75f11fcca5983e194326a50c","process::DataUpdate - Material Ledger - Revaluation - Production Consumption","READS_ATTRIBUTE","attribute","attribute::ML Document.KUNWE","tm1_ti_parser","CellGetS","UNRESOLVED","1"
"UNRESOLVED_DYNAMIC_REFERENCE","44e018b55902f9e9028b6efb","process::DataUpdate - Material Ledger - Revaluation - Sales","READS_ATTRIBUTE","attribute","attribute::ML Document.KUNWE","tm1_ti_parser","CellGetS","UNRESOLVED","1"
"UNRESOLVED_DYNAMIC_REFERENCE","ee1d47cb44a9a47f35879e14","process::DataUpdate - Material Ledger - Revaluation - Transfer Posting","READS_ATTRIBUTE","attribute","attribute::ML Document.KUNWE","tm1_ti_parser","CellGetS","UNRESOLVED","1"
"UNRESOLVED_DYNAMIC_REFERENCE","48892d7020fb1a816351d071","process::DataUpdate - Material Ledger - Revaluation - Transfers Out","READS_ATTRIBUTE","attribute","attribute::ML Document.KUNWE","tm1_ti_parser","CellGetS","UNRESOLVED","1"
"UNRESOLVED_DYNAMIC_REFERENCE","c6e3d42d999a8ed920c7fa27","process::DataUpdate - ML Stage - ACDOCA","CREATES_ATTRIBUTE","attribute","attribute::ML Document.KUNWE","tm1_ti_parser","ATTRInsert","UNRESOLVED","1"
"UNRESOLVED_DYNAMIC_REFERENCE","f17f10d6ef4a712f49bc8bab","process::DataUpdate - ML Stage - ACDOCA","WRITES_ATTRIBUTE","attribute","attribute::ML Document.KUNWE","tm1_ti_parser","AttrPutS","UNRESOLVED","1"
"UNRESOLVED_DYNAMIC_REFERENCE","e78c3048369c82b500d462e0","process::DataUpdate - Material Ledger - Beginning and Ending Inventory","READS_ATTRIBUTE","attribute","attribute::ML Document.LIFNR","tm1_ti_parser","CellGetS","UNRESOLVED","1"
"UNRESOLVED_DYNAMIC_REFERENCE","e60c2b5947855554d877ea10","process::DataUpdate - Material Ledger - Consumption - All Other","READS_ATTRIBUTE","attribute","attribute::ML Document.LIFNR","tm1_ti_parser","CellGetS","UNRESOLVED","1"
"UNRESOLVED_DYNAMIC_REFERENCE","765d690828b35aa68bf5874a","process::DataUpdate - Material Ledger - Consumption - Production","READS_ATTRIBUTE","attribute","attribute::ML Document.LIFNR","tm1_ti_parser","CellGetS","UNRESOLVED","1"
"UNRESOLVED_DYNAMIC_REFERENCE","3b92b53fdd487eb651f9e281","process::DataUpdate - Material Ledger - Consumption - Sales","READS_ATTRIBUTE","attribute","attribute::ML Document.LIFNR","tm1_ti_parser","CellGetS","UNRESOLVED","1"
"UNRESOLVED_DYNAMIC_REFERENCE","a8e3e3f0eb875f4c2c4e7ea3","process::DataUpdate - Material Ledger - Consumption - Transfers","READS_ATTRIBUTE","attribute","attribute::ML Document.LIFNR","tm1_ti_parser","CellGetS","UNRESOLVED","1"
"UNRESOLVED_DYNAMIC_REFERENCE","e7bcfe502b8f8d400ba4dd45","process::DataUpdate - Material Ledger - Receipts - All other","READS_ATTRIBUTE","attribute","attribute::ML Document.LIFNR","tm1_ti_parser","CellGetS","UNRESOLVED","1"
"UNRESOLVED_DYNAMIC_REFERENCE","5d860febfe446d24d31d5a00","process::DataUpdate - Material Ledger - Receipts - External Procured Receipts","READS_ATTRIBUTE","attribute","attribute::ML Document.LIFNR","tm1_ti_parser","CellGetS","UNRESOLVED","1"
"UNRESOLVED_DYNAMIC_REFERENCE","a1ba81e39b02b6f78459455b","process::DataUpdate - Material Ledger - Receipts - Production","READS_ATTRIBUTE","attribute","attribute::ML Document.LIFNR","tm1_ti_parser","CellGetS","UNRESOLVED","1"
"UNRESOLVED_DYNAMIC_REFERENCE","e1bf58f2d4eec0df529099cb","process::DataUpdate - Material Ledger - Receipts - Transfer Posting","READS_ATTRIBUTE","attribute","attribute::ML Document.LIFNR","tm1_ti_parser","CellGetS","UNRESOLVED","1"
"UNRESOLVED_DYNAMIC_REFERENCE","4c144620d28828d2dd2fd0a2","process::DataUpdate - Material Ledger - Revaluation - All Other","READS_ATTRIBUTE","attribute","attribute::ML Document.LIFNR","tm1_ti_parser","CellGetS","UNRESOLVED","1"
"UNRESOLVED_DYNAMIC_REFERENCE","f8fe964d438ee63f33778e41","process::DataUpdate - Material Ledger - Revaluation - Change in Material Price","READS_ATTRIBUTE","attribute","attribute::ML Document.LIFNR","tm1_ti_parser","CellGetS","UNRESOLVED","1"
"UNRESOLVED_DYNAMIC_REFERENCE","6e07dbc0c7302a670dedf7bf","process::DataUpdate - Material Ledger - Revaluation - External Procured Receipts","READS_ATTRIBUTE","attribute","attribute::ML Document.LIFNR","tm1_ti_parser","CellGetS","UNRESOLVED","1"
"UNRESOLVED_DYNAMIC_REFERENCE","90993b2bb41dfee6d255a61f","process::DataUpdate - Material Ledger - Revaluation - Production","READS_ATTRIBUTE","attribute","attribute::ML Document.LIFNR","tm1_ti_parser","CellGetS","UNRESOLVED","1"
"UNRESOLVED_DYNAMIC_REFERENCE","eb5211ce2dea281d94021ef8","process::DataUpdate - Material Ledger - Revaluation - Production Consumption","READS_ATTRIBUTE","attribute","attribute::ML Document.LIFNR","tm1_ti_parser","CellGetS","UNRESOLVED","1"
"UNRESOLVED_DYNAMIC_REFERENCE","0714f7b716e291b1ea2893bc","process::DataUpdate - Material Ledger - Revaluation - Sales","READS_ATTRIBUTE","attribute","attribute::ML Document.LIFNR","tm1_ti_parser","CellGetS","UNRESOLVED","1"
"UNRESOLVED_DYNAMIC_REFERENCE","84bcc21c00ecda3d841418f1","process::DataUpdate - Material Ledger - Revaluation - Transfer Posting","READS_ATTRIBUTE","attribute","attribute::ML Document.LIFNR","tm1_ti_parser","CellGetS","UNRESOLVED","1"
"UNRESOLVED_DYNAMIC_REFERENCE","d33cba1a0125346e3009479a","process::DataUpdate - Material Ledger - Revaluation - Transfers Out","READS_ATTRIBUTE","attribute","attribute::ML Document.LIFNR","tm1_ti_parser","CellGetS","UNRESOLVED","1"
"UNRESOLVED_DYNAMIC_REFERENCE","3ebeb7d2ae17a905e08236e2","process::DataUpdate - ML Stage - ACDOCA","WRITES_ATTRIBUTE","attribute","attribute::ML Document.LIFNR","tm1_ti_parser","AttrPutS","UNRESOLVED","1"
"UNRESOLVED_DYNAMIC_REFERENCE","08f7c87de679bbf2ad7e2f51","process::DataUpdate - ML Stage - ACDOCA","CREATES_ATTRIBUTE","attribute","attribute::ML Document.LIFNR","tm1_ti_parser","ATTRInsert","UNRESOLVED","1"
"UNRESOLVED_DYNAMIC_REFERENCE","6492678b76f84cd5689ccbc1","process::DataUpdate - Material Ledger - Beginning and Ending Inventory","READS_ATTRIBUTE","attribute","attribute::ML Document.Material","tm1_ti_parser","CellGetS","UNRESOLVED","1"
"UNRESOLVED_DYNAMIC_REFERENCE","5a6fc65063e4ed1db8088793","process::DataUpdate - Material Ledger - Consumption - All Other","READS_ATTRIBUTE","attribute","attribute::ML Document.Material","tm1_ti_parser","CellGetS","UNRESOLVED","1"
"UNRESOLVED_DYNAMIC_REFERENCE","b77f91573df0638a58188fe7","process::DataUpdate - Material Ledger - Consumption - Production","READS_ATTRIBUTE","attribute","attribute::ML Document.Material","tm1_ti_parser","CellGetS","UNRESOLVED","1"
"UNRESOLVED_DYNAMIC_REFERENCE","477fada31f07d9764a646c10","process::DataUpdate - Material Ledger - Consumption - Production - Materials Produced - Price Diff","READS_ATTRIBUTE","attribute","attribute::ML Document.Material","tm1_ti_parser","CellGetS","UNRESOLVED","2"
"UNRESOLVED_DYNAMIC_REFERENCE","2819f5748bebe39c03af7be1","process::DataUpdate - Material Ledger - Consumption - Sales","READS_ATTRIBUTE","attribute","attribute::ML Document.Material","tm1_ti_parser","CellGetS","UNRESOLVED","1"
"UNRESOLVED_DYNAMIC_REFERENCE","421a78986d9197a4aff9cf8c","process::DataUpdate - Material Ledger - Consumption - Transfers","READS_ATTRIBUTE","attribute","attribute::ML Document.Material","tm1_ti_parser","CellGetS","UNRESOLVED","1"
"UNRESOLVED_DYNAMIC_REFERENCE","d436aeead53e06cb5493b91f","process::DataUpdate - Material Ledger - Consumption - Transfers - Receiving Material and Plant","READS_ATTRIBUTE","attribute","attribute::ML Document.Material","tm1_ti_parser","CellGetS","UNRESOLVED","2"
"UNRESOLVED_DYNAMIC_REFERENCE","c10005e9dd8f34d997a42090","process::DataUpdate - Material Ledger - Receipts - All other","READS_ATTRIBUTE","attribute","attribute::ML Document.Material","tm1_ti_parser","CellGetS","UNRESOLVED","1"
"UNRESOLVED_DYNAMIC_REFERENCE","6832ab3cdd621fcd0bc32260","process::DataUpdate - Material Ledger - Receipts - External Procured Receipts","READS_ATTRIBUTE","attribute","attribute::ML Document.Material","tm1_ti_parser","CellGetS","UNRESOLVED","1"
"UNRESOLVED_DYNAMIC_REFERENCE","fed6bac51b6238accca16134","process::DataUpdate - Material Ledger - Receipts - Production","READS_ATTRIBUTE","attribute","attribute::ML Document.Material","tm1_ti_parser","CellGetS","UNRESOLVED","1"
"UNRESOLVED_DYNAMIC_REFERENCE","ff9d8d5cab9e23334dab313d","process::DataUpdate - Material Ledger - Receipts - Production - Components Consumed","READS_ATTRIBUTE","attribute","attribute::ML Document.Material","tm1_ti_parser","CellGetS","UNRESOLVED","2"
"UNRESOLVED_DYNAMIC_REFERENCE","ff4de065c6b0f86d9b23c0c4","process::DataUpdate - Material Ledger - Receipts - Transfer Posting","READS_ATTRIBUTE","attribute","attribute::ML Document.Material","tm1_ti_parser","CellGetS","UNRESOLVED","1"
"UNRESOLVED_DYNAMIC_REFERENCE","8fa965df3b3fc1202db92425","process::DataUpdate - Material Ledger - Receipts - Transfer Posting - Components Consumed","READS_ATTRIBUTE","attribute","attribute::ML Document.Material","tm1_ti_parser","CellGetS","UNRESOLVED","2"
"UNRESOLVED_DYNAMIC_REFERENCE","e5a390c1da659d0b5de8ee4a","process::DataUpdate - Material Ledger - Revaluation - All Other","READS_ATTRIBUTE","attribute","attribute::ML Document.Material","tm1_ti_parser","CellGetS","UNRESOLVED","1"
"UNRESOLVED_DYNAMIC_REFERENCE","3541e237743adc51da3d3d57","process::DataUpdate - Material Ledger - Revaluation - Change in Material Price","READS_ATTRIBUTE","attribute","attribute::ML Document.Material","tm1_ti_parser","CellGetS","UNRESOLVED","1"
"UNRESOLVED_DYNAMIC_REFERENCE","2f7ade36150fa009a3b0016d","process::DataUpdate - Material Ledger - Revaluation - External Procured Receipts","READS_ATTRIBUTE","attribute","attribute::ML Document.Material","tm1_ti_parser","CellGetS","UNRESOLVED","1"
"UNRESOLVED_DYNAMIC_REFERENCE","da6fb9003b6ba316c7c46f1f","process::DataUpdate - Material Ledger - Revaluation - Production","READS_ATTRIBUTE","attribute","attribute::ML Document.Material","tm1_ti_parser","CellGetS","UNRESOLVED","1"
"UNRESOLVED_DYNAMIC_REFERENCE","8eae0a8adb2e71f4d4fcc419","process::DataUpdate - Material Ledger - Revaluation - Production Consumption","READS_ATTRIBUTE","attribute","attribute::ML Document.Material","tm1_ti_parser","CellGetS","UNRESOLVED","1"
"UNRESOLVED_DYNAMIC_REFERENCE","64c905abb48fc7672c002a65","process::DataUpdate - Material Ledger - Revaluation - Sales","READS_ATTRIBUTE","attribute","attribute::ML Document.Material","tm1_ti_parser","CellGetS","UNRESOLVED","1"
"UNRESOLVED_DYNAMIC_REFERENCE","a684e3ff2324b82275f8468a","process::DataUpdate - Material Ledger - Revaluation - Transfer Posting","READS_ATTRIBUTE","attribute","attribute::ML Document.Material","tm1_ti_parser","CellGetS","UNRESOLVED","1"
"UNRESOLVED_DYNAMIC_REFERENCE","b75accf5d0131a8e2aff1ceb","process::DataUpdate - Material Ledger - Revaluation - Transfers Out","READS_ATTRIBUTE","attribute","attribute::ML Document.Material","tm1_ti_parser","CellGetS","UNRESOLVED","1"
"UNRESOLVED_DYNAMIC_REFERENCE","ba3bfe9c89c0e4483f122da9","process::DataUpdate - ML Stage","CREATES_ATTRIBUTE","attribute","attribute::ML Document.Material","tm1_ti_parser","AttrInsert","UNRESOLVED","1"
"UNRESOLVED_DYNAMIC_REFERENCE","97b688c8374221447a69adb1","process::DataUpdate - ML Stage","WRITES_ATTRIBUTE","attribute","attribute::ML Document.Material","tm1_ti_parser","AttrPutS","UNRESOLVED","1"
"UNRESOLVED_DYNAMIC_REFERENCE","b675ed8d3998e87bbdc875fd","process::DataUpdate - Material Ledger - Beginning and Ending Inventory","READS_ATTRIBUTE","attribute","attribute::ML Document.MEINS","tm1_ti_parser","CellGetS","UNRESOLVED","1"
"UNRESOLVED_DYNAMIC_REFERENCE","90aa4588fc4d1803548ed592","process::DataUpdate - Material Ledger - Consumption - All Other","READS_ATTRIBUTE","attribute","attribute::ML Document.MEINS","tm1_ti_parser","CellGetS","UNRESOLVED","1"
"UNRESOLVED_DYNAMIC_REFERENCE","38b4d584710eb597870b4acc","process::DataUpdate - Material Ledger - Consumption - Production","READS_ATTRIBUTE","attribute","attribute::ML Document.MEINS","tm1_ti_parser","CellGetS","UNRESOLVED","1"
"UNRESOLVED_DYNAMIC_REFERENCE","3ac2bf2a1f8e9a888e41ffe6","process::DataUpdate - Material Ledger - Consumption - Sales","READS_ATTRIBUTE","attribute","attribute::ML Document.MEINS","tm1_ti_parser","CellGetS","UNRESOLVED","1"
"UNRESOLVED_DYNAMIC_REFERENCE","2ad61feee91015798089d33d","process::DataUpdate - Material Ledger - Consumption - Transfers","READS_ATTRIBUTE","attribute","attribute::ML Document.MEINS","tm1_ti_parser","CellGetS","UNRESOLVED","1"
"UNRESOLVED_DYNAMIC_REFERENCE","bcca8cac9131899cbb765058","process::DataUpdate - Material Ledger - Receipts - All other","READS_ATTRIBUTE","attribute","attribute::ML Document.MEINS","tm1_ti_parser","CellGetS","UNRESOLVED","1"
"UNRESOLVED_DYNAMIC_REFERENCE","bec1d0d598a79778e4f06e64","process::DataUpdate - Material Ledger - Receipts - External Procured Receipts","READS_ATTRIBUTE","attribute","attribute::ML Document.MEINS","tm1_ti_parser","CellGetS","UNRESOLVED","1"
"UNRESOLVED_DYNAMIC_REFERENCE","9166f59947929adb1c32a0e7","process::DataUpdate - Material Ledger - Receipts - Production","READS_ATTRIBUTE","attribute","attribute::ML Document.MEINS","tm1_ti_parser","CellGetS","UNRESOLVED","1"
"UNRESOLVED_DYNAMIC_REFERENCE","8d9bf8dc0cf541c676074354","process::DataUpdate - Material Ledger - Receipts - Transfer Posting","READS_ATTRIBUTE","attribute","attribute::ML Document.MEINS","tm1_ti_parser","CellGetS","UNRESOLVED","1"
"UNRESOLVED_DYNAMIC_REFERENCE","c803b60f0c6c0697c89fed37","process::DataUpdate - Material Ledger - Revaluation - All Other","READS_ATTRIBUTE","attribute","attribute::ML Document.MEINS","tm1_ti_parser","CellGetS","UNRESOLVED","1"
"UNRESOLVED_DYNAMIC_REFERENCE","6521d084fb6eab9788d900e9","process::DataUpdate - Material Ledger - Revaluation - Change in Material Price","READS_ATTRIBUTE","attribute","attribute::ML Document.MEINS","tm1_ti_parser","CellGetS","UNRESOLVED","1"
"UNRESOLVED_DYNAMIC_REFERENCE","383fab8f8c3d357311ff71f7","process::DataUpdate - Material Ledger - Revaluation - External Procured Receipts","READS_ATTRIBUTE","attribute","attribute::ML Document.MEINS","tm1_ti_parser","CellGetS","UNRESOLVED","1"
"UNRESOLVED_DYNAMIC_REFERENCE","11e88771a35fb7eb6b2eb8a4","process::DataUpdate - Material Ledger - Revaluation - Production","READS_ATTRIBUTE","attribute","attribute::ML Document.MEINS","tm1_ti_parser","CellGetS","UNRESOLVED","1"
"UNRESOLVED_DYNAMIC_REFERENCE","89faa7e9888874ac7edd8e91","process::DataUpdate - Material Ledger - Revaluation - Production Consumption","READS_ATTRIBUTE","attribute","attribute::ML Document.MEINS","tm1_ti_parser","CellGetS","UNRESOLVED","1"
"UNRESOLVED_DYNAMIC_REFERENCE","883d6667f70312cb6c16c413","process::DataUpdate - Material Ledger - Revaluation - Sales","READS_ATTRIBUTE","attribute","attribute::ML Document.MEINS","tm1_ti_parser","CellGetS","UNRESOLVED","1"
"UNRESOLVED_DYNAMIC_REFERENCE","4db62f898314757045c116e5","process::DataUpdate - Material Ledger - Revaluation - Transfer Posting","READS_ATTRIBUTE","attribute","attribute::ML Document.MEINS","tm1_ti_parser","CellGetS","UNRESOLVED","1"
"UNRESOLVED_DYNAMIC_REFERENCE","d3d8324c847eb0a9a8ba1915","process::DataUpdate - Material Ledger - Revaluation - Transfers Out","READS_ATTRIBUTE","attribute","attribute::ML Document.MEINS","tm1_ti_parser","CellGetS","UNRESOLVED","1"
"UNRESOLVED_DYNAMIC_REFERENCE","d298c4a7c3eeaf796dbb9c8f","process::DataUpdate - ML Stage","WRITES_ATTRIBUTE","attribute","attribute::ML Document.MEINS","tm1_ti_parser","AttrPutS","UNRESOLVED","1"
"UNRESOLVED_DYNAMIC_REFERENCE","4db518a9e1a4db204b484483","process::DataUpdate - ML Stage","CREATES_ATTRIBUTE","attribute","attribute::ML Document.MEINS","tm1_ti_parser","AttrInsert","UNRESOLVED","1"
"UNRESOLVED_DYNAMIC_REFERENCE","5dc01dc4326766d75b86241a","process::DataUpdate - Material Ledger - Beginning and Ending Inventory","READS_ATTRIBUTE","attribute","attribute::ML Document.ML Classification","tm1_ti_parser","CellGetS","UNRESOLVED","1"
"UNRESOLVED_DYNAMIC_REFERENCE","4c5542924d3d3e47870068c7","process::DataUpdate - Material Ledger - Consumption - All Other","READS_ATTRIBUTE","attribute","attribute::ML Document.ML Classification","tm1_ti_parser","CellGetS","UNRESOLVED","1"
"UNRESOLVED_DYNAMIC_REFERENCE","b131206f040a9b46f5ccae04","process::DataUpdate - Material Ledger - Consumption - Production","READS_ATTRIBUTE","attribute","attribute::ML Document.ML Classification","tm1_ti_parser","CellGetS","UNRESOLVED","1"
"UNRESOLVED_DYNAMIC_REFERENCE","6f1ede3f323995cb565b87a6","process::DataUpdate - Material Ledger - Consumption - Sales","READS_ATTRIBUTE","attribute","attribute::ML Document.ML Classification","tm1_ti_parser","CellGetS","UNRESOLVED","1"
"UNRESOLVED_DYNAMIC_REFERENCE","027355f3431d4879438140e4","process::DataUpdate - Material Ledger - Consumption - Transfers","READS_ATTRIBUTE","attribute","attribute::ML Document.ML Classification","tm1_ti_parser","CellGetS","UNRESOLVED","1"
"UNRESOLVED_DYNAMIC_REFERENCE","6f4ba4ad0a25dacda390e368","process::DataUpdate - Material Ledger - Receipts - All other","READS_ATTRIBUTE","attribute","attribute::ML Document.ML Classification","tm1_ti_parser","CellGetS","UNRESOLVED","1"
"UNRESOLVED_DYNAMIC_REFERENCE","7b5b5fd99605f00dab6d84b7","process::DataUpdate - Material Ledger - Receipts - External Procured Receipts","READS_ATTRIBUTE","attribute","attribute::ML Document.ML Classification","tm1_ti_parser","CellGetS","UNRESOLVED","1"
"UNRESOLVED_DYNAMIC_REFERENCE","f2934f620c65218751da718d","process::DataUpdate - Material Ledger - Receipts - Production","READS_ATTRIBUTE","attribute","attribute::ML Document.ML Classification","tm1_ti_parser","CellGetS","UNRESOLVED","1"
"UNRESOLVED_DYNAMIC_REFERENCE","4ae60b60fec894d801cd4663","process::DataUpdate - Material Ledger - Receipts - Transfer Posting","READS_ATTRIBUTE","attribute","attribute::ML Document.ML Classification","tm1_ti_parser","CellGetS","UNRESOLVED","1"
"UNRESOLVED_DYNAMIC_REFERENCE","2c8b9443d648e736eb02d89d","process::DataUpdate - Material Ledger - Revaluation - All Other","READS_ATTRIBUTE","attribute","attribute::ML Document.ML Classification","tm1_ti_parser","CellGetS","UNRESOLVED","1"
"UNRESOLVED_DYNAMIC_REFERENCE","912f9f7da39fa7b115a75253","process::DataUpdate - Material Ledger - Revaluation - Change in Material Price","READS_ATTRIBUTE","attribute","attribute::ML Document.ML Classification","tm1_ti_parser","CellGetS","UNRESOLVED","1"
"UNRESOLVED_DYNAMIC_REFERENCE","442fe6578d361b2aadf3b779","process::DataUpdate - Material Ledger - Revaluation - External Procured Receipts","READS_ATTRIBUTE","attribute","attribute::ML Document.ML Classification","tm1_ti_parser","CellGetS","UNRESOLVED","1"
"UNRESOLVED_DYNAMIC_REFERENCE","56477afcb1f6a572849b5379","process::DataUpdate - Material Ledger - Revaluation - Production","READS_ATTRIBUTE","attribute","attribute::ML Document.ML Classification","tm1_ti_parser","CellGetS","UNRESOLVED","1"
"UNRESOLVED_DYNAMIC_REFERENCE","ed1e460819f3be202ffb77bb","process::DataUpdate - Material Ledger - Revaluation - Production Consumption","READS_ATTRIBUTE","attribute","attribute::ML Document.ML Classification","tm1_ti_parser","CellGetS","UNRESOLVED","1"
"UNRESOLVED_DYNAMIC_REFERENCE","55aa65812b1ea2d9c6319e36","process::DataUpdate - Material Ledger - Revaluation - Sales","READS_ATTRIBUTE","attribute","attribute::ML Document.ML Classification","tm1_ti_parser","CellGetS","UNRESOLVED","1"
"UNRESOLVED_DYNAMIC_REFERENCE","9b2b16783e3bad1082093386","process::DataUpdate - Material Ledger - Revaluation - Transfer Posting","READS_ATTRIBUTE","attribute","attribute::ML Document.ML Classification","tm1_ti_parser","CellGetS","UNRESOLVED","1"
"UNRESOLVED_DYNAMIC_REFERENCE","fa2e1b36d0c8537f4269abcf","process::DataUpdate - Material Ledger - Revaluation - Transfers Out","READS_ATTRIBUTE","attribute","attribute::ML Document.ML Classification","tm1_ti_parser","CellGetS","UNRESOLVED","1"
"UNRESOLVED_DYNAMIC_REFERENCE","09bd7d77d2a817e84baa34ef","process::DataUpdate - ML Stage","CREATES_ATTRIBUTE","attribute","attribute::ML Document.ML Classification","tm1_ti_parser","AttrInsert","UNRESOLVED","1"
"UNRESOLVED_DYNAMIC_REFERENCE","d532b3eb93d16cc510e87e6c","process::DataUpdate - ML Stage","WRITES_ATTRIBUTE","attribute","attribute::ML Document.ML Classification","tm1_ti_parser","AttrPutS","UNRESOLVED","1"
"UNRESOLVED_DYNAMIC_REFERENCE","6fdaf74d2d3e9722d997f310","process::DataUpdate - ML Stage","WRITES_ATTRIBUTE","attribute","attribute::ML Document.MLAST","tm1_ti_parser","AttrPutS","UNRESOLVED","1"
"UNRESOLVED_DYNAMIC_REFERENCE","9a776badceaa0b2a6a813a94","process::DataUpdate - ML Stage","CREATES_ATTRIBUTE","attribute","attribute::ML Document.MLAST","tm1_ti_parser","AttrInsert","UNRESOLVED","1"
"UNRESOLVED_DYNAMIC_REFERENCE","55dac335a28cc4a380552ef3","process::DataUpdate - ML Stage - ACDOCA","WRITES_ATTRIBUTE","attribute","attribute::ML Document.MLCATEG","tm1_ti_parser","AttrPutS","UNRESOLVED","1"
"UNRESOLVED_DYNAMIC_REFERENCE","3fe59f92735e8c99d46d8e03","process::DataUpdate - ML Stage - ACDOCA","CREATES_ATTRIBUTE","attribute","attribute::ML Document.MLCATEG","tm1_ti_parser","ATTRInsert","UNRESOLVED","1"
"UNRESOLVED_DYNAMIC_REFERENCE","aa46f2387a4da22f22e94ee6","process::DataUpdate - ML Stage - ACDOCA","WRITES_ATTRIBUTE","attribute","attribute::ML Document.MLPTYP","tm1_ti_parser","AttrPutS","UNRESOLVED","1"
"UNRESOLVED_DYNAMIC_REFERENCE","73d7341aa77fa759077b7f4f","process::DataUpdate - ML Stage - ACDOCA","CREATES_ATTRIBUTE","attribute","attribute::ML Document.MLPTYP","tm1_ti_parser","ATTRInsert","UNRESOLVED","1"
"UNRESOLVED_DYNAMIC_REFERENCE","37cb56336204d8fc07a47eab","process::DataUpdate - ML Stage","CREATES_ATTRIBUTE","attribute","attribute::ML Document.MLVNR","tm1_ti_parser","AttrInsert","UNRESOLVED","1"
"UNRESOLVED_DYNAMIC_REFERENCE","054f37ecb27a0dcec23711ca","process::DataUpdate - ML Stage","WRITES_ATTRIBUTE","attribute","attribute::ML Document.MLVNR","tm1_ti_parser","AttrPutS","UNRESOLVED","1"
"UNRESOLVED_DYNAMIC_REFERENCE","56c52be4094fde58d5a98951","process::DataUpdate - ML Stage","WRITES_ATTRIBUTE","attribute","attribute::ML Document.Movement type","tm1_ti_parser","AttrPutS","UNRESOLVED","1"
"UNRESOLVED_DYNAMIC_REFERENCE","0909107288c2e0520b454e7d","process::DataUpdate - ML Stage","CREATES_ATTRIBUTE","attribute","attribute::ML Document.Movement type","tm1_ti_parser","AttrInsert","UNRESOLVED","1"
"UNRESOLVED_DYNAMIC_REFERENCE","57752610563fcf23034d6da9","process::DataUpdate - ML Stage","CREATES_ATTRIBUTE","attribute","attribute::ML Document.Nature","tm1_ti_parser","AttrInsert","UNRESOLVED","1"
"UNRESOLVED_DYNAMIC_REFERENCE","d97ff96115cf76734b08ebc1","process::DataUpdate - ML Stage","WRITES_ATTRIBUTE","attribute","attribute::ML Document.Nature","tm1_ti_parser","AttrPutS","UNRESOLVED","1"
"UNRESOLVED_DYNAMIC_REFERENCE","aa749900f3489ab47c32e6b6","process::DataUpdate - Material Ledger - Beginning and Ending Inventory","READS_ATTRIBUTE","attribute","attribute::ML Document.OBJNR","tm1_ti_parser","CellGetS","UNRESOLVED","1"
"UNRESOLVED_DYNAMIC_REFERENCE","22d9fc8b6f15ff47deda0c9f","process::DataUpdate - Material Ledger - Consumption - All Other","READS_ATTRIBUTE","attribute","attribute::ML Document.OBJNR","tm1_ti_parser","CellGetS","UNRESOLVED","1"
"UNRESOLVED_DYNAMIC_REFERENCE","25e1e073466553d701469f85","process::DataUpdate - Material Ledger - Consumption - Production","READS_ATTRIBUTE","attribute","attribute::ML Document.OBJNR","tm1_ti_parser","CellGetS","UNRESOLVED","1"
"UNRESOLVED_DYNAMIC_REFERENCE","3662ffb63fd379591adf8523","process::DataUpdate - Material Ledger - Consumption - Sales","READS_ATTRIBUTE","attribute","attribute::ML Document.OBJNR","tm1_ti_parser","CellGetS","UNRESOLVED","1"
"UNRESOLVED_DYNAMIC_REFERENCE","f92d694f84dcd398342a261d","process::DataUpdate - Material Ledger - Consumption - Transfers","READS_ATTRIBUTE","attribute","attribute::ML Document.OBJNR","tm1_ti_parser","CellGetS","UNRESOLVED","1"
"UNRESOLVED_DYNAMIC_REFERENCE","8f991c21cbee16d00dfea74d","process::DataUpdate - Material Ledger - Receipts - All other","READS_ATTRIBUTE","attribute","attribute::ML Document.OBJNR","tm1_ti_parser","CellGetS","UNRESOLVED","1"
"UNRESOLVED_DYNAMIC_REFERENCE","46defd119409c6a3594147e1","process::DataUpdate - Material Ledger - Receipts - External Procured Receipts","READS_ATTRIBUTE","attribute","attribute::ML Document.OBJNR","tm1_ti_parser","CellGetS","UNRESOLVED","1"
"UNRESOLVED_DYNAMIC_REFERENCE","b00af96c1836de5288bd620a","process::DataUpdate - Material Ledger - Receipts - Production","READS_ATTRIBUTE","attribute","attribute::ML Document.OBJNR","tm1_ti_parser","CellGetS","UNRESOLVED","1"
"UNRESOLVED_DYNAMIC_REFERENCE","b1921b319172d6009e0d1661","process::DataUpdate - Material Ledger - Receipts - Transfer Posting","READS_ATTRIBUTE","attribute","attribute::ML Document.OBJNR","tm1_ti_parser","CellGetS","UNRESOLVED","1"
"UNRESOLVED_DYNAMIC_REFERENCE","2aab660636d61e7758fdc824","process::DataUpdate - Material Ledger - Revaluation - All Other","READS_ATTRIBUTE","attribute","attribute::ML Document.OBJNR","tm1_ti_parser","CellGetS","UNRESOLVED","1"
"UNRESOLVED_DYNAMIC_REFERENCE","45d1d143dd174a4f73337b00","process::DataUpdate - Material Ledger - Revaluation - Change in Material Price","READS_ATTRIBUTE","attribute","attribute::ML Document.OBJNR","tm1_ti_parser","CellGetS","UNRESOLVED","1"
"UNRESOLVED_DYNAMIC_REFERENCE","31b00c97d930cbebbcea10f3","process::DataUpdate - Material Ledger - Revaluation - External Procured Receipts","READS_ATTRIBUTE","attribute","attribute::ML Document.OBJNR","tm1_ti_parser","CellGetS","UNRESOLVED","1"
"UNRESOLVED_DYNAMIC_REFERENCE","df3075f09c9e24315b2e4202","process::DataUpdate - Material Ledger - Revaluation - Production","READS_ATTRIBUTE","attribute","attribute::ML Document.OBJNR","tm1_ti_parser","CellGetS","UNRESOLVED","1"
"UNRESOLVED_DYNAMIC_REFERENCE","f907dea15edc8e625514d10b","process::DataUpdate - Material Ledger - Revaluation - Production Consumption","READS_ATTRIBUTE","attribute","attribute::ML Document.OBJNR","tm1_ti_parser","CellGetS","UNRESOLVED","1"
"UNRESOLVED_DYNAMIC_REFERENCE","adf6418a42caf04ee27a4bdc","process::DataUpdate - Material Ledger - Revaluation - Sales","READS_ATTRIBUTE","attribute","attribute::ML Document.OBJNR","tm1_ti_parser","CellGetS","UNRESOLVED","1"
"UNRESOLVED_DYNAMIC_REFERENCE","aaaa2bb5447c37e54faf8993","process::DataUpdate - Material Ledger - Revaluation - Transfer Posting","READS_ATTRIBUTE","attribute","attribute::ML Document.OBJNR","tm1_ti_parser","CellGetS","UNRESOLVED","1"
"UNRESOLVED_DYNAMIC_REFERENCE","2d4d5014ae7848c0ec15d432","process::DataUpdate - Material Ledger - Revaluation - Transfers Out","READS_ATTRIBUTE","attribute","attribute::ML Document.OBJNR","tm1_ti_parser","CellGetS","UNRESOLVED","1"
"UNRESOLVED_DYNAMIC_REFERENCE","13b0f65aaf9d8db3a20be582","process::DataUpdate - ML Stage - ACDOCA","WRITES_ATTRIBUTE","attribute","attribute::ML Document.OBJNR","tm1_ti_parser","AttrPutS","UNRESOLVED","1"
"UNRESOLVED_DYNAMIC_REFERENCE","d20d1a5d62715d6c4870a830","process::DataUpdate - ML Stage - ACDOCA","CREATES_ATTRIBUTE","attribute","attribute::ML Document.OBJNR","tm1_ti_parser","ATTRInsert","UNRESOLVED","1"
"UNRESOLVED_DYNAMIC_REFERENCE","73512041819a9c69a7ccd14c","process::DataUpdate - Material Ledger - Beginning and Ending Inventory","READS_ATTRIBUTE","attribute","attribute::ML Document.Plant","tm1_ti_parser","CellGetS","UNRESOLVED","1"
"UNRESOLVED_DYNAMIC_REFERENCE","a53b136db1b225e1014315ad","process::DataUpdate - Material Ledger - Consumption - All Other","READS_ATTRIBUTE","attribute","attribute::ML Document.Plant","tm1_ti_parser","CellGetS","UNRESOLVED","1"
"UNRESOLVED_DYNAMIC_REFERENCE","e652c484c5f7897ec7b38667","process::DataUpdate - Material Ledger - Consumption - Production","READS_ATTRIBUTE","attribute","attribute::ML Document.Plant","tm1_ti_parser","CellGetS","UNRESOLVED","1"
"UNRESOLVED_DYNAMIC_REFERENCE","1513fe6cc0c632b508f18d42","process::DataUpdate - Material Ledger - Consumption - Production - Materials Produced - Price Diff","READS_ATTRIBUTE","attribute","attribute::ML Document.Plant","tm1_ti_parser","CellGetS","UNRESOLVED","2"
"UNRESOLVED_DYNAMIC_REFERENCE","a7481f4c3d86ce4774422486","process::DataUpdate - Material Ledger - Consumption - Sales","READS_ATTRIBUTE","attribute","attribute::ML Document.Plant","tm1_ti_parser","CellGetS","UNRESOLVED","1"
"UNRESOLVED_DYNAMIC_REFERENCE","08f471803e7eefe6e3a1a2d3","process::DataUpdate - Material Ledger - Consumption - Transfers","READS_ATTRIBUTE","attribute","attribute::ML Document.Plant","tm1_ti_parser","CellGetS","UNRESOLVED","1"
"UNRESOLVED_DYNAMIC_REFERENCE","6715106e03fefdb09030a29e","process::DataUpdate - Material Ledger - Consumption - Transfers - Receiving Material and Plant","READS_ATTRIBUTE","attribute","attribute::ML Document.Plant","tm1_ti_parser","CellGetS","UNRESOLVED","2"
"UNRESOLVED_DYNAMIC_REFERENCE","90a3c2cb2a44a2eba42c6175","process::DataUpdate - Material Ledger - Receipts - All other","READS_ATTRIBUTE","attribute","attribute::ML Document.Plant","tm1_ti_parser","CellGetS","UNRESOLVED","1"
"UNRESOLVED_DYNAMIC_REFERENCE","860d4052811c8e41a893fb52","process::DataUpdate - Material Ledger - Receipts - External Procured Receipts","READS_ATTRIBUTE","attribute","attribute::ML Document.Plant","tm1_ti_parser","CellGetS","UNRESOLVED","1"
"UNRESOLVED_DYNAMIC_REFERENCE","b6e1defa45fafcebb28ed4d1","process::DataUpdate - Material Ledger - Receipts - Production","READS_ATTRIBUTE","attribute","attribute::ML Document.Plant","tm1_ti_parser","CellGetS","UNRESOLVED","1"
"UNRESOLVED_DYNAMIC_REFERENCE","824e039de62442ea09dfae9a","process::DataUpdate - Material Ledger - Receipts - Production - Components Consumed","READS_ATTRIBUTE","attribute","attribute::ML Document.Plant","tm1_ti_parser","CellGetS","UNRESOLVED","2"
"UNRESOLVED_DYNAMIC_REFERENCE","5f66d2cc0e298cedab7f19a2","process::DataUpdate - Material Ledger - Receipts - Transfer Posting","READS_ATTRIBUTE","attribute","attribute::ML Document.Plant","tm1_ti_parser","CellGetS","UNRESOLVED","1"
"UNRESOLVED_DYNAMIC_REFERENCE","7d26d619b7027264b068b36c","process::DataUpdate - Material Ledger - Receipts - Transfer Posting - Components Consumed","READS_ATTRIBUTE","attribute","attribute::ML Document.Plant","tm1_ti_parser","CellGetS","UNRESOLVED","2"
"UNRESOLVED_DYNAMIC_REFERENCE","b21a9778e006a02772fce695","process::DataUpdate - Material Ledger - Revaluation - All Other","READS_ATTRIBUTE","attribute","attribute::ML Document.Plant","tm1_ti_parser","CellGetS","UNRESOLVED","1"
"UNRESOLVED_DYNAMIC_REFERENCE","9a059a332469188f355ae564","process::DataUpdate - Material Ledger - Revaluation - Change in Material Price","READS_ATTRIBUTE","attribute","attribute::ML Document.Plant","tm1_ti_parser","CellGetS","UNRESOLVED","1"
"UNRESOLVED_DYNAMIC_REFERENCE","a493004b72789e95cf5aae15","process::DataUpdate - Material Ledger - Revaluation - External Procured Receipts","READS_ATTRIBUTE","attribute","attribute::ML Document.Plant","tm1_ti_parser","CellGetS","UNRESOLVED","1"
"UNRESOLVED_DYNAMIC_REFERENCE","2511614279886521303dc692","process::DataUpdate - Material Ledger - Revaluation - Production","READS_ATTRIBUTE","attribute","attribute::ML Document.Plant","tm1_ti_parser","CellGetS","UNRESOLVED","1"
"UNRESOLVED_DYNAMIC_REFERENCE","86f6be1c989405e34f175156","process::DataUpdate - Material Ledger - Revaluation - Production Consumption","READS_ATTRIBUTE","attribute","attribute::ML Document.Plant","tm1_ti_parser","CellGetS","UNRESOLVED","1"
"UNRESOLVED_DYNAMIC_REFERENCE","e07bf4474ddd6af9f49b671e","process::DataUpdate - Material Ledger - Revaluation - Sales","READS_ATTRIBUTE","attribute","attribute::ML Document.Plant","tm1_ti_parser","CellGetS","UNRESOLVED","1"
"UNRESOLVED_DYNAMIC_REFERENCE","30688695cbd45951748b0d5f","process::DataUpdate - Material Ledger - Revaluation - Transfer Posting","READS_ATTRIBUTE","attribute","attribute::ML Document.Plant","tm1_ti_parser","CellGetS","UNRESOLVED","1"
"UNRESOLVED_DYNAMIC_REFERENCE","7c1ba87f01cd020840f64db7","process::DataUpdate - Material Ledger - Revaluation - Transfers Out","READS_ATTRIBUTE","attribute","attribute::ML Document.Plant","tm1_ti_parser","CellGetS","UNRESOLVED","1"
"UNRESOLVED_DYNAMIC_REFERENCE","e96487e1fb46113d98d1f46b","process::DataUpdate - ML Stage","WRITES_ATTRIBUTE","attribute","attribute::ML Document.Plant","tm1_ti_parser","AttrPutS","UNRESOLVED","1"
"UNRESOLVED_DYNAMIC_REFERENCE","e0122135c75fc0a5208b5dcd","process::DataUpdate - ML Stage","CREATES_ATTRIBUTE","attribute","attribute::ML Document.Plant","tm1_ti_parser","AttrInsert","UNRESOLVED","1"
"UNRESOLVED_DYNAMIC_REFERENCE","6a86de3bf1549b0e9301efd8","process::DataUpdate - ML Stage","WRITES_ATTRIBUTE","attribute","attribute::ML Document.POSART","tm1_ti_parser","AttrPutS","UNRESOLVED","1"
"UNRESOLVED_DYNAMIC_REFERENCE","8d6088f379dcdab4b330da7e","process::DataUpdate - ML Stage","CREATES_ATTRIBUTE","attribute","attribute::ML Document.POSART","tm1_ti_parser","AttrInsert","UNRESOLVED","1"
"UNRESOLVED_DYNAMIC_REFERENCE","ee6a894208ad8a5f269f2eb9","process::DataUpdate - ML Stage - ACDOCA","READS_ATTRIBUTE","attribute","attribute::ML Document.POSART","tm1_ti_parser","ATTRS","UNRESOLVED","1"
"UNRESOLVED_DYNAMIC_REFERENCE","645453dcbddcaae08db98b37","process::DataUpdate - ML Stage - ACDOCA_Temp","READS_ATTRIBUTE","attribute","attribute::ML Document.POSART","tm1_ti_parser","ATTRS","UNRESOLVED","1"
"UNRESOLVED_DYNAMIC_REFERENCE","6e3f7d2e6fd753e4d7759ae5","process::DataUpdate - ML Stage","WRITES_ATTRIBUTE","attribute","attribute::ML Document.POSNR","tm1_ti_parser","AttrPutS","UNRESOLVED","1"
"UNRESOLVED_DYNAMIC_REFERENCE","7d9155fdf896256e00e99553","process::DataUpdate - ML Stage","CREATES_ATTRIBUTE","attribute","attribute::ML Document.POSNR","tm1_ti_parser","AttrInsert","UNRESOLVED","1"
"UNRESOLVED_DYNAMIC_REFERENCE","c60485d0d3c05106daa3d501","process::DataUpdate - ML Stage","CREATES_ATTRIBUTE","attribute","attribute::ML Document.Posting type","tm1_ti_parser","AttrInsert","UNRESOLVED","1"
"UNRESOLVED_DYNAMIC_REFERENCE","3d5cc11d15ec26c2116efb44","process::DataUpdate - ML Stage","WRITES_ATTRIBUTE","attribute","attribute::ML Document.Posting type","tm1_ti_parser","AttrPutS","UNRESOLVED","1"
"UNRESOLVED_DYNAMIC_REFERENCE","e807069f627724b26f240cb6","process::DataUpdate - ML Stage - ACDOCA","CREATES_ATTRIBUTE","attribute","attribute::ML Document.PPRCTR","tm1_ti_parser","ATTRInsert","UNRESOLVED","1"
"UNRESOLVED_DYNAMIC_REFERENCE","2ba390eeaf649e9f240ab622","process::DataUpdate - ML Stage - ACDOCA","WRITES_ATTRIBUTE","attribute","attribute::ML Document.PPRCTR","tm1_ti_parser","AttrPutS","UNRESOLVED","1"
"UNRESOLVED_DYNAMIC_REFERENCE","0ac661316c463faf12b63411","process::DataUpdate - ML Stage - ACDOCA","WRITES_ATTRIBUTE","attribute","attribute::ML Document.PRCTR","tm1_ti_parser","AttrPutS","UNRESOLVED","1"
"UNRESOLVED_DYNAMIC_REFERENCE","e438fbc24df4d1b17dd705c0","process::DataUpdate - ML Stage - ACDOCA","CREATES_ATTRIBUTE","attribute","attribute::ML Document.PRCTR","tm1_ti_parser","ATTRInsert","UNRESOLVED","1"
"UNRESOLVED_DYNAMIC_REFERENCE","f8c4d66c0e449ddbafbffab8","process::DataUpdate - Material Ledger - Beginning and Ending Inventory","READS_ATTRIBUTE","attribute","attribute::ML Document.PROCESS","tm1_ti_parser","CellGetS","UNRESOLVED","1"
"UNRESOLVED_DYNAMIC_REFERENCE","3376a9eb804d419ee45379a1","process::DataUpdate - Material Ledger - Consumption - All Other","READS_ATTRIBUTE","attribute","attribute::ML Document.PROCESS","tm1_ti_parser","CellGetS","UNRESOLVED","3"
"UNRESOLVED_DYNAMIC_REFERENCE","cb28994ae0e423b1672c1547","process::DataUpdate - Material Ledger - Consumption - Production","READS_ATTRIBUTE","attribute","attribute::ML Document.PROCESS","tm1_ti_parser","CellGetS","UNRESOLVED","3"
"UNRESOLVED_DYNAMIC_REFERENCE","c7375fc228da3e4b8baa0f05","process::DataUpdate - Material Ledger - Consumption - Sales","READS_ATTRIBUTE","attribute","attribute::ML Document.PROCESS","tm1_ti_parser","CellGetS","UNRESOLVED","3"
"UNRESOLVED_DYNAMIC_REFERENCE","1725e46cc8bee4e2384bbb13","process::DataUpdate - Material Ledger - Consumption - Transfers","READS_ATTRIBUTE","attribute","attribute::ML Document.PROCESS","tm1_ti_parser","CellGetS","UNRESOLVED","3"
"UNRESOLVED_DYNAMIC_REFERENCE","bb3ccd215a52d9fa1a9593f5","process::DataUpdate - Material Ledger - Receipts - All other","READS_ATTRIBUTE","attribute","attribute::ML Document.PROCESS","tm1_ti_parser","CellGetS","UNRESOLVED","3"
"UNRESOLVED_DYNAMIC_REFERENCE","2a31d8e96295a474682dd384","process::DataUpdate - Material Ledger - Receipts - External Procured Receipts","READS_ATTRIBUTE","attribute","attribute::ML Document.PROCESS","tm1_ti_parser","CellGetS","UNRESOLVED","3"
"UNRESOLVED_DYNAMIC_REFERENCE","762cf54f4d55c6550f271edd","process::DataUpdate - Material Ledger - Receipts - Production","READS_ATTRIBUTE","attribute","attribute::ML Document.PROCESS","tm1_ti_parser","CellGetS","UNRESOLVED","3"
"UNRESOLVED_DYNAMIC_REFERENCE","57b231bc22941f3b25c3601d","process::DataUpdate - Material Ledger - Receipts - Transfer Posting","READS_ATTRIBUTE","attribute","attribute::ML Document.PROCESS","tm1_ti_parser","CellGetS","UNRESOLVED","3"
"UNRESOLVED_DYNAMIC_REFERENCE","76d1a0163eb88cc35c3b967a","process::DataUpdate - Material Ledger - Revaluation - All Other","READS_ATTRIBUTE","attribute","attribute::ML Document.PROCESS","tm1_ti_parser","CellGetS","UNRESOLVED","3"
"UNRESOLVED_DYNAMIC_REFERENCE","ce6b0d0454e982a816e6938b","process::DataUpdate - Material Ledger - Revaluation - Change in Material Price","READS_ATTRIBUTE","attribute","attribute::ML Document.PROCESS","tm1_ti_parser","CellGetS","UNRESOLVED","3"
"UNRESOLVED_DYNAMIC_REFERENCE","ce70d183c08e1156072cba7c","process::DataUpdate - Material Ledger - Revaluation - External Procured Receipts","READS_ATTRIBUTE","attribute","attribute::ML Document.PROCESS","tm1_ti_parser","CellGetS","UNRESOLVED","3"
"UNRESOLVED_DYNAMIC_REFERENCE","5b15a7edf28f4c148b6900fe","process::DataUpdate - Material Ledger - Revaluation - Production","READS_ATTRIBUTE","attribute","attribute::ML Document.PROCESS","tm1_ti_parser","CellGetS","UNRESOLVED","3"
"UNRESOLVED_DYNAMIC_REFERENCE","8491e96a8f33e5bf353e7584","process::DataUpdate - Material Ledger - Revaluation - Production Consumption","READS_ATTRIBUTE","attribute","attribute::ML Document.PROCESS","tm1_ti_parser","CellGetS","UNRESOLVED","3"
"UNRESOLVED_DYNAMIC_REFERENCE","78dbd267a055c67c55540838","process::DataUpdate - Material Ledger - Revaluation - Sales","READS_ATTRIBUTE","attribute","attribute::ML Document.PROCESS","tm1_ti_parser","CellGetS","UNRESOLVED","3"
"UNRESOLVED_DYNAMIC_REFERENCE","b6e6ba7a93ec7f24fb0f40ac","process::DataUpdate - Material Ledger - Revaluation - Transfer Posting","READS_ATTRIBUTE","attribute","attribute::ML Document.PROCESS","tm1_ti_parser","CellGetS","UNRESOLVED","3"
"UNRESOLVED_DYNAMIC_REFERENCE","323b1a9b82868032259a8269","process::DataUpdate - Material Ledger - Revaluation - Transfers Out","READS_ATTRIBUTE","attribute","attribute::ML Document.PROCESS","tm1_ti_parser","CellGetS","UNRESOLVED","3"
"UNRESOLVED_DYNAMIC_REFERENCE","e8d7acbbba372982544fea90","process::DataUpdate - ML Stage","CREATES_ATTRIBUTE","attribute","attribute::ML Document.PROCESS","tm1_ti_parser","AttrInsert","UNRESOLVED","1"
"UNRESOLVED_DYNAMIC_REFERENCE","0d8e000ed65e6f890c50ac53","process::DataUpdate - ML Stage","WRITES_ATTRIBUTE","attribute","attribute::ML Document.PROCESS","tm1_ti_parser","AttrPutS","UNRESOLVED","1"
"UNRESOLVED_DYNAMIC_REFERENCE","94020c0594f565b7d36cc2d8","process::DataUpdate - ML Stage","WRITES_ATTRIBUTE","attribute","attribute::ML Document.Process category (PTYP)","tm1_ti_parser","AttrPutS","UNRESOLVED","1"
"UNRESOLVED_DYNAMIC_REFERENCE","2b878914be1ff7e883392b3a","process::DataUpdate - ML Stage","CREATES_ATTRIBUTE","attribute","attribute::ML Document.Process category (PTYP)","tm1_ti_parser","AttrInsert","UNRESOLVED","1"
"UNRESOLVED_DYNAMIC_REFERENCE","f9c3346ddac9c1018c70a7ff","process::DataUpdate - Material Ledger - Beginning and Ending Inventory","READS_ATTRIBUTE","attribute","attribute::ML Document.Profit Center","tm1_ti_parser","CellGetS","UNRESOLVED","1"
"UNRESOLVED_DYNAMIC_REFERENCE","5208ecdbe43fd100466e34e9","process::DataUpdate - Material Ledger - Consumption - All Other","READS_ATTRIBUTE","attribute","attribute::ML Document.Profit Center","tm1_ti_parser","CellGetS","UNRESOLVED","1"
"UNRESOLVED_DYNAMIC_REFERENCE","b4b0a8740b85a81aea8ba454","process::DataUpdate - Material Ledger - Consumption - Production","READS_ATTRIBUTE","attribute","attribute::ML Document.Profit Center","tm1_ti_parser","CellGetS","UNRESOLVED","1"
"UNRESOLVED_DYNAMIC_REFERENCE","394458f070e277c948ca8475","process::DataUpdate - Material Ledger - Consumption - Sales","READS_ATTRIBUTE","attribute","attribute::ML Document.Profit Center","tm1_ti_parser","CellGetS","UNRESOLVED","1"
"UNRESOLVED_DYNAMIC_REFERENCE","17fe944e10363fc60c07133b","process::DataUpdate - Material Ledger - Consumption - Transfers","READS_ATTRIBUTE","attribute","attribute::ML Document.Profit Center","tm1_ti_parser","CellGetS","UNRESOLVED","1"
"UNRESOLVED_DYNAMIC_REFERENCE","bc488082d73f8ed62a5c22e7","process::DataUpdate - Material Ledger - Receipts - All other","READS_ATTRIBUTE","attribute","attribute::ML Document.Profit Center","tm1_ti_parser","CellGetS","UNRESOLVED","1"
"UNRESOLVED_DYNAMIC_REFERENCE","7ea0c31c584f361b931ae9ba","process::DataUpdate - Material Ledger - Receipts - External Procured Receipts","READS_ATTRIBUTE","attribute","attribute::ML Document.Profit Center","tm1_ti_parser","CellGetS","UNRESOLVED","1"
"UNRESOLVED_DYNAMIC_REFERENCE","016649893c5a1c21471d8fc0","process::DataUpdate - Material Ledger - Receipts - Production","READS_ATTRIBUTE","attribute","attribute::ML Document.Profit Center","tm1_ti_parser","CellGetS","UNRESOLVED","1"
"UNRESOLVED_DYNAMIC_REFERENCE","233fa309ac3c2ad46c7be53b","process::DataUpdate - Material Ledger - Receipts - Transfer Posting","READS_ATTRIBUTE","attribute","attribute::ML Document.Profit Center","tm1_ti_parser","CellGetS","UNRESOLVED","1"
"UNRESOLVED_DYNAMIC_REFERENCE","455523f8455af216cc840f1c","process::DataUpdate - Material Ledger - Revaluation - All Other","READS_ATTRIBUTE","attribute","attribute::ML Document.Profit Center","tm1_ti_parser","CellGetS","UNRESOLVED","1"
"UNRESOLVED_DYNAMIC_REFERENCE","570d725b30bb144abc66c310","process::DataUpdate - Material Ledger - Revaluation - Change in Material Price","READS_ATTRIBUTE","attribute","attribute::ML Document.Profit Center","tm1_ti_parser","CellGetS","UNRESOLVED","1"
"UNRESOLVED_DYNAMIC_REFERENCE","0e5483c170fadb0a1aa283a0","process::DataUpdate - Material Ledger - Revaluation - External Procured Receipts","READS_ATTRIBUTE","attribute","attribute::ML Document.Profit Center","tm1_ti_parser","CellGetS","UNRESOLVED","1"
"UNRESOLVED_DYNAMIC_REFERENCE","a2c5f55c6b464dd8a261de5e","process::DataUpdate - Material Ledger - Revaluation - Production","READS_ATTRIBUTE","attribute","attribute::ML Document.Profit Center","tm1_ti_parser","CellGetS","UNRESOLVED","1"
"UNRESOLVED_DYNAMIC_REFERENCE","8023b7d6ad3f2de740d1c55c","process::DataUpdate - Material Ledger - Revaluation - Production Consumption","READS_ATTRIBUTE","attribute","attribute::ML Document.Profit Center","tm1_ti_parser","CellGetS","UNRESOLVED","1"
"UNRESOLVED_DYNAMIC_REFERENCE","63ec7c24a7bde504fea3476f","process::DataUpdate - Material Ledger - Revaluation - Sales","READS_ATTRIBUTE","attribute","attribute::ML Document.Profit Center","tm1_ti_parser","CellGetS","UNRESOLVED","1"
"UNRESOLVED_DYNAMIC_REFERENCE","285174963cfda452750a508e","process::DataUpdate - Material Ledger - Revaluation - Transfer Posting","READS_ATTRIBUTE","attribute","attribute::ML Document.Profit Center","tm1_ti_parser","CellGetS","UNRESOLVED","1"
"UNRESOLVED_DYNAMIC_REFERENCE","7f94158591aafe5f3e60fd00","process::DataUpdate - Material Ledger - Revaluation - Transfers Out","READS_ATTRIBUTE","attribute","attribute::ML Document.Profit Center","tm1_ti_parser","CellGetS","UNRESOLVED","1"
"UNRESOLVED_DYNAMIC_REFERENCE","acdd1228e7c7ca95730ce86f","process::DataUpdate - ML Stage","WRITES_ATTRIBUTE","attribute","attribute::ML Document.Profit Center","tm1_ti_parser","AttrPutS","UNRESOLVED","1"
"UNRESOLVED_DYNAMIC_REFERENCE","35dc78e74b001e2b00f764f3","process::DataUpdate - ML Stage","CREATES_ATTRIBUTE","attribute","attribute::ML Document.Profit Center","tm1_ti_parser","AttrInsert","UNRESOLVED","1"
"UNRESOLVED_DYNAMIC_REFERENCE","3d8416c0358c5eb1fff2c4ad","process::DataUpdate - ML Stage","CREATES_ATTRIBUTE","attribute","attribute::ML Document.PTYP","tm1_ti_parser","AttrInsert","UNRESOLVED","1"
"UNRESOLVED_DYNAMIC_REFERENCE","214a68998e161800c94c3e12","process::DataUpdate - ML Stage","WRITES_ATTRIBUTE","attribute","attribute::ML Document.PTYP","tm1_ti_parser","AttrPutS","UNRESOLVED","1"
"UNRESOLVED_DYNAMIC_REFERENCE","a46ec8546ef70610239a56c5","process::DataUpdate - ML Stage - ACDOCA","READS_ATTRIBUTE","attribute","attribute::ML Document.PTYP","tm1_ti_parser","ATTRS","UNRESOLVED","1"
"UNRESOLVED_DYNAMIC_REFERENCE","66bc9b523035710f7d1caa5b","process::DataUpdate - ML Stage - ACDOCA_Temp","READS_ATTRIBUTE","attribute","attribute::ML Document.PTYP","tm1_ti_parser","ATTRS","UNRESOLVED","1"
"UNRESOLVED_DYNAMIC_REFERENCE","2d359d70fd7a6084d5dd77fe","process::DataUpdate - ML Stage - ACDOCA","WRITES_ATTRIBUTE","attribute","attribute::ML Document.RACCT","tm1_ti_parser","AttrPutS","UNRESOLVED","1"
"UNRESOLVED_DYNAMIC_REFERENCE","1da50c2bd554159d7f5a433b","process::DataUpdate - ML Stage - ACDOCA","CREATES_ATTRIBUTE","attribute","attribute::ML Document.RACCT","tm1_ti_parser","ATTRInsert","UNRESOLVED","1"
"UNRESOLVED_DYNAMIC_REFERENCE","e48f293c55051f6ac51a6724","process::DataUpdate - Material Ledger - Beginning and Ending Inventory","READS_ATTRIBUTE","attribute","attribute::ML Document.RASSC","tm1_ti_parser","CellGetS","UNRESOLVED","1"
"UNRESOLVED_DYNAMIC_REFERENCE","e953ffb2280596883f273aea","process::DataUpdate - Material Ledger - Consumption - All Other","READS_ATTRIBUTE","attribute","attribute::ML Document.RASSC","tm1_ti_parser","CellGetS","UNRESOLVED","1"
"UNRESOLVED_DYNAMIC_REFERENCE","b874d877b03993a2560e8c92","process::DataUpdate - Material Ledger - Consumption - Production","READS_ATTRIBUTE","attribute","attribute::ML Document.RASSC","tm1_ti_parser","CellGetS","UNRESOLVED","1"
"UNRESOLVED_DYNAMIC_REFERENCE","936dd0737f4c78fcf427d73f","process::DataUpdate - Material Ledger - Consumption - Sales","READS_ATTRIBUTE","attribute","attribute::ML Document.RASSC","tm1_ti_parser","CellGetS","UNRESOLVED","1"
"UNRESOLVED_DYNAMIC_REFERENCE","706418cf3dc4fa66c81523b7","process::DataUpdate - Material Ledger - Consumption - Transfers","READS_ATTRIBUTE","attribute","attribute::ML Document.RASSC","tm1_ti_parser","CellGetS","UNRESOLVED","1"
"UNRESOLVED_DYNAMIC_REFERENCE","a300af14bfb6970918f1ba9f","process::DataUpdate - Material Ledger - Receipts - All other","READS_ATTRIBUTE","attribute","attribute::ML Document.RASSC","tm1_ti_parser","CellGetS","UNRESOLVED","1"
"UNRESOLVED_DYNAMIC_REFERENCE","abb2e84a19af00645c56dba2","process::DataUpdate - Material Ledger - Receipts - External Procured Receipts","READS_ATTRIBUTE","attribute","attribute::ML Document.RASSC","tm1_ti_parser","CellGetS","UNRESOLVED","1"
"UNRESOLVED_DYNAMIC_REFERENCE","fbd1d093391a4417352860ba","process::DataUpdate - Material Ledger - Receipts - Production","READS_ATTRIBUTE","attribute","attribute::ML Document.RASSC","tm1_ti_parser","CellGetS","UNRESOLVED","1"
"UNRESOLVED_DYNAMIC_REFERENCE","2ea3f252026891fa93132c39","process::DataUpdate - Material Ledger - Receipts - Transfer Posting","READS_ATTRIBUTE","attribute","attribute::ML Document.RASSC","tm1_ti_parser","CellGetS","UNRESOLVED","1"
"UNRESOLVED_DYNAMIC_REFERENCE","c49ce1f9bb3c0e773d15617a","process::DataUpdate - Material Ledger - Revaluation - All Other","READS_ATTRIBUTE","attribute","attribute::ML Document.RASSC","tm1_ti_parser","CellGetS","UNRESOLVED","1"
"UNRESOLVED_DYNAMIC_REFERENCE","6ef0acc951fd3098be859f35","process::DataUpdate - Material Ledger - Revaluation - Change in Material Price","READS_ATTRIBUTE","attribute","attribute::ML Document.RASSC","tm1_ti_parser","CellGetS","UNRESOLVED","1"
"UNRESOLVED_DYNAMIC_REFERENCE","41dd40d273856aa5455ae9e0","process::DataUpdate - Material Ledger - Revaluation - External Procured Receipts","READS_ATTRIBUTE","attribute","attribute::ML Document.RASSC","tm1_ti_parser","CellGetS","UNRESOLVED","1"
"UNRESOLVED_DYNAMIC_REFERENCE","3b5c516ef0fdb0bb9c89db70","process::DataUpdate - Material Ledger - Revaluation - Production","READS_ATTRIBUTE","attribute","attribute::ML Document.RASSC","tm1_ti_parser","CellGetS","UNRESOLVED","1"
"UNRESOLVED_DYNAMIC_REFERENCE","1769630f10937e79503f87bd","process::DataUpdate - Material Ledger - Revaluation - Production Consumption","READS_ATTRIBUTE","attribute","attribute::ML Document.RASSC","tm1_ti_parser","CellGetS","UNRESOLVED","1"
"UNRESOLVED_DYNAMIC_REFERENCE","322e82d66065bc15406fff47","process::DataUpdate - Material Ledger - Revaluation - Sales","READS_ATTRIBUTE","attribute","attribute::ML Document.RASSC","tm1_ti_parser","CellGetS","UNRESOLVED","1"
"UNRESOLVED_DYNAMIC_REFERENCE","e65455aa3dffe3894a3bee3b","process::DataUpdate - Material Ledger - Revaluation - Transfer Posting","READS_ATTRIBUTE","attribute","attribute::ML Document.RASSC","tm1_ti_parser","CellGetS","UNRESOLVED","1"
"UNRESOLVED_DYNAMIC_REFERENCE","39e670f25579f57a01e2f7ee","process::DataUpdate - Material Ledger - Revaluation - Transfers Out","READS_ATTRIBUTE","attribute","attribute::ML Document.RASSC","tm1_ti_parser","CellGetS","UNRESOLVED","1"
"UNRESOLVED_DYNAMIC_REFERENCE","3560235c8c238b967a95d366","process::DataUpdate - ML Stage - ACDOCA","CREATES_ATTRIBUTE","attribute","attribute::ML Document.RASSC","tm1_ti_parser","ATTRInsert","UNRESOLVED","1"
"UNRESOLVED_DYNAMIC_REFERENCE","2aef3f177f34ea723c5cc30f","process::DataUpdate - ML Stage - ACDOCA","WRITES_ATTRIBUTE","attribute","attribute::ML Document.RASSC","tm1_ti_parser","AttrPutS","UNRESOLVED","1"
"UNRESOLVED_DYNAMIC_REFERENCE","eb99f55a9f48fc00f87d3e56","process::DataUpdate - ML Stage","WRITES_ATTRIBUTE","attribute","attribute::ML Document.REEWR","tm1_ti_parser","AttrPutS","UNRESOLVED","1"
"UNRESOLVED_DYNAMIC_REFERENCE","d28b8cd597b62467afc111b7","process::DataUpdate - ML Stage","CREATES_ATTRIBUTE","attribute","attribute::ML Document.REEWR","tm1_ti_parser","AttrInsert","UNRESOLVED","1"
"UNRESOLVED_DYNAMIC_REFERENCE","59497d964a0f3a9c22aeeb6d","process::DataUpdate - ML Stage - ACDOCA","CREATES_ATTRIBUTE","attribute","attribute::ML Document.RFAREA","tm1_ti_parser","ATTRInsert","UNRESOLVED","1"
"UNRESOLVED_DYNAMIC_REFERENCE","7f02d96d50c4981273981170","process::DataUpdate - ML Stage - ACDOCA","WRITES_ATTRIBUTE","attribute","attribute::ML Document.RFAREA","tm1_ti_parser","AttrPutS","UNRESOLVED","1"
"UNRESOLVED_DYNAMIC_REFERENCE","e2430945a9a04c3c5182ddc4","process::DataUpdate - ML Stage","WRITES_ATTRIBUTE","attribute","attribute::ML Document.SDM_VERSION","tm1_ti_parser","AttrPutS","UNRESOLVED","1"
"UNRESOLVED_DYNAMIC_REFERENCE","a9fec5a8dc92602ca8752103","process::DataUpdate - ML Stage","CREATES_ATTRIBUTE","attribute","attribute::ML Document.SDM_VERSION","tm1_ti_parser","AttrInsert","UNRESOLVED","1"
"UNRESOLVED_DYNAMIC_REFERENCE","ff330f75fd2713240dd2a95f","process::DataUpdate - Material Ledger - Beginning and Ending Inventory","READS_ATTRIBUTE","attribute","attribute::ML Document.SGTXT","tm1_ti_parser","CellGetS","UNRESOLVED","1"
"UNRESOLVED_DYNAMIC_REFERENCE","5a959c2f0ae61f5b9e5689f9","process::DataUpdate - Material Ledger - Consumption - All Other","READS_ATTRIBUTE","attribute","attribute::ML Document.SGTXT","tm1_ti_parser","CellGetS","UNRESOLVED","1"
"UNRESOLVED_DYNAMIC_REFERENCE","56e366b05c9e08f4941d8d2e","process::DataUpdate - Material Ledger - Consumption - Production","READS_ATTRIBUTE","attribute","attribute::ML Document.SGTXT","tm1_ti_parser","CellGetS","UNRESOLVED","1"
"UNRESOLVED_DYNAMIC_REFERENCE","299fc62c234c56e7b877ebb0","process::DataUpdate - Material Ledger - Consumption - Sales","READS_ATTRIBUTE","attribute","attribute::ML Document.SGTXT","tm1_ti_parser","CellGetS","UNRESOLVED","1"
"UNRESOLVED_DYNAMIC_REFERENCE","b92f9f0b7a761c52e45c829e","process::DataUpdate - Material Ledger - Consumption - Transfers","READS_ATTRIBUTE","attribute","attribute::ML Document.SGTXT","tm1_ti_parser","CellGetS","UNRESOLVED","1"
"UNRESOLVED_DYNAMIC_REFERENCE","e8c0423c11a922a2c9bffa74","process::DataUpdate - Material Ledger - Receipts - All other","READS_ATTRIBUTE","attribute","attribute::ML Document.SGTXT","tm1_ti_parser","CellGetS","UNRESOLVED","1"
"UNRESOLVED_DYNAMIC_REFERENCE","924612cb0bcdfe160a1434ef","process::DataUpdate - Material Ledger - Receipts - External Procured Receipts","READS_ATTRIBUTE","attribute","attribute::ML Document.SGTXT","tm1_ti_parser","CellGetS","UNRESOLVED","1"
"UNRESOLVED_DYNAMIC_REFERENCE","a3e5fb79f98b727ef2858e6d","process::DataUpdate - Material Ledger - Receipts - Production","READS_ATTRIBUTE","attribute","attribute::ML Document.SGTXT","tm1_ti_parser","CellGetS","UNRESOLVED","1"
"UNRESOLVED_DYNAMIC_REFERENCE","2c1493a7c857c065e96d6668","process::DataUpdate - Material Ledger - Receipts - Transfer Posting","READS_ATTRIBUTE","attribute","attribute::ML Document.SGTXT","tm1_ti_parser","CellGetS","UNRESOLVED","1"
"UNRESOLVED_DYNAMIC_REFERENCE","bc96a05a42dbb65067c643fb","process::DataUpdate - Material Ledger - Revaluation - All Other","READS_ATTRIBUTE","attribute","attribute::ML Document.SGTXT","tm1_ti_parser","CellGetS","UNRESOLVED","1"
"UNRESOLVED_DYNAMIC_REFERENCE","709786ca4ce5e992dfd297d3","process::DataUpdate - Material Ledger - Revaluation - Change in Material Price","READS_ATTRIBUTE","attribute","attribute::ML Document.SGTXT","tm1_ti_parser","CellGetS","UNRESOLVED","1"
"UNRESOLVED_DYNAMIC_REFERENCE","6e5164d85411287a32893567","process::DataUpdate - Material Ledger - Revaluation - External Procured Receipts","READS_ATTRIBUTE","attribute","attribute::ML Document.SGTXT","tm1_ti_parser","CellGetS","UNRESOLVED","1"
"UNRESOLVED_DYNAMIC_REFERENCE","4cb70b5f480dfd66ca1fc035","process::DataUpdate - Material Ledger - Revaluation - Production","READS_ATTRIBUTE","attribute","attribute::ML Document.SGTXT","tm1_ti_parser","CellGetS","UNRESOLVED","1"
"UNRESOLVED_DYNAMIC_REFERENCE","55e430e4e48ad5e86b2c75e1","process::DataUpdate - Material Ledger - Revaluation - Production Consumption","READS_ATTRIBUTE","attribute","attribute::ML Document.SGTXT","tm1_ti_parser","CellGetS","UNRESOLVED","1"
"UNRESOLVED_DYNAMIC_REFERENCE","ec8166fc11de6d7817b22e65","process::DataUpdate - Material Ledger - Revaluation - Sales","READS_ATTRIBUTE","attribute","attribute::ML Document.SGTXT","tm1_ti_parser","CellGetS","UNRESOLVED","1"
"UNRESOLVED_DYNAMIC_REFERENCE","fbe7b2f89a4d096163dd5639","process::DataUpdate - Material Ledger - Revaluation - Transfer Posting","READS_ATTRIBUTE","attribute","attribute::ML Document.SGTXT","tm1_ti_parser","CellGetS","UNRESOLVED","1"
"UNRESOLVED_DYNAMIC_REFERENCE","a7a99336e148eb2c3d19281f","process::DataUpdate - Material Ledger - Revaluation - Transfers Out","READS_ATTRIBUTE","attribute","attribute::ML Document.SGTXT","tm1_ti_parser","CellGetS","UNRESOLVED","1"
"UNRESOLVED_DYNAMIC_REFERENCE","378408b6e181ab5a803c9b62","process::DataUpdate - ML Stage - ACDOCA","WRITES_ATTRIBUTE","attribute","attribute::ML Document.SGTXT","tm1_ti_parser","AttrPutS","UNRESOLVED","1"
"UNRESOLVED_DYNAMIC_REFERENCE","8b83dd7198aaf7366880f0a9","process::DataUpdate - ML Stage - ACDOCA","CREATES_ATTRIBUTE","attribute","attribute::ML Document.SGTXT","tm1_ti_parser","ATTRInsert","UNRESOLVED","1"
"UNRESOLVED_DYNAMIC_REFERENCE","457c426316aee2921412cc56","process::DataUpdate - ML Stage","WRITES_ATTRIBUTE","attribute","attribute::ML Document.TCODE","tm1_ti_parser","AttrPutS","UNRESOLVED","1"
"UNRESOLVED_DYNAMIC_REFERENCE","ba4d39ebdd7442486cdfc8bb","process::DataUpdate - ML Stage","CREATES_ATTRIBUTE","attribute","attribute::ML Document.TCODE","tm1_ti_parser","AttrInsert","UNRESOLVED","1"
"UNRESOLVED_DYNAMIC_REFERENCE","49f96bca6f714fa76d010f18","process::DataUpdate - ML Stage","WRITES_ATTRIBUTE","attribute","attribute::ML Document.TIMESTAMP","tm1_ti_parser","AttrPutS","UNRESOLVED","1"
"UNRESOLVED_DYNAMIC_REFERENCE","e2b422a2ed54a1630da7c082","process::DataUpdate - ML Stage","CREATES_ATTRIBUTE","attribute","attribute::ML Document.TIMESTAMP","tm1_ti_parser","AttrInsert","UNRESOLVED","1"
"UNRESOLVED_DYNAMIC_REFERENCE","509b4331ac3d6737c212f21a","process::DataUpdate - ML Stage","WRITES_ATTRIBUTE","attribute","attribute::ML Document.USNAM","tm1_ti_parser","AttrPutS","UNRESOLVED","1"
"UNRESOLVED_DYNAMIC_REFERENCE","7f594ec92ef536f2d6179d40","process::DataUpdate - ML Stage","CREATES_ATTRIBUTE","attribute","attribute::ML Document.USNAM","tm1_ti_parser","AttrInsert","UNRESOLVED","1"
"UNRESOLVED_DYNAMIC_REFERENCE","c4f1226c6ed3c8786ecc93bb","process::DataUpdate - ML Stage","CREATES_ATTRIBUTE","attribute","attribute::ML Document.Value component","tm1_ti_parser","AttrInsert","UNRESOLVED","1"
"UNRESOLVED_DYNAMIC_REFERENCE","31996f67eabff32a535987e8","process::DataUpdate - ML Stage","WRITES_ATTRIBUTE","attribute","attribute::ML Document.Value component","tm1_ti_parser","AttrPutS","UNRESOLVED","1"
"UNRESOLVED_DYNAMIC_REFERENCE","a780de689e3dd3c45d493c39","process::DataUpdate - ML Stage","WRITES_ATTRIBUTE","attribute","attribute::ML Document.VGABE","tm1_ti_parser","AttrPutS","UNRESOLVED","1"
"UNRESOLVED_DYNAMIC_REFERENCE","637a955e6ff2f4d16df0deac","process::DataUpdate - ML Stage","CREATES_ATTRIBUTE","attribute","attribute::ML Document.VGABE","tm1_ti_parser","AttrInsert","UNRESOLVED","1"
"UNRESOLVED_DYNAMIC_REFERENCE","342be0ad322fdf60c3389e90","process::DataUpdate - ML Stage","CREATES_ATTRIBUTE","attribute","attribute::ML Document.VGART","tm1_ti_parser","AttrInsert","UNRESOLVED","1"
"UNRESOLVED_DYNAMIC_REFERENCE","dc6bb227b5466ac1f8b3454f","process::DataUpdate - ML Stage","WRITES_ATTRIBUTE","attribute","attribute::ML Document.VGART","tm1_ti_parser","AttrPutS","UNRESOLVED","1"
"UNRESOLVED_DYNAMIC_REFERENCE","ae8c191062af18115ba38835","process::DataUpdate - ML Stage - ACDOCA","READS_ATTRIBUTE","attribute","attribute::ML Document.VGART","tm1_ti_parser","ATTRS","UNRESOLVED","1"
"UNRESOLVED_DYNAMIC_REFERENCE","a72827e275791977fe005fd1","process::DataUpdate - ML Stage - ACDOCA_Temp","READS_ATTRIBUTE","attribute","attribute::ML Document.VGART","tm1_ti_parser","ATTRS","UNRESOLVED","1"
"UNRESOLVED_DYNAMIC_REFERENCE","ce76bf49e91be741b3dafd9a","process::DataUpdate - ML Stage - ACDOCA","CREATES_ATTRIBUTE","attribute","attribute::ML Document.VORGN","tm1_ti_parser","ATTRInsert","UNRESOLVED","1"
"UNRESOLVED_DYNAMIC_REFERENCE","add5babdf0b515266f9c33d7","process::DataUpdate - ML Stage - ACDOCA_Temp","WRITES_ATTRIBUTE","attribute","attribute::ML Document.VORGN","tm1_ti_parser","AttrPutS","UNRESOLVED","1"
"UNRESOLVED_DYNAMIC_REFERENCE","fef4458fab45977ed2b5b15a","process::DataUpdate - ML Stage","CREATES_ATTRIBUTE","attribute","attribute::ML Document.VPRSV","tm1_ti_parser","AttrInsert","UNRESOLVED","1"
"UNRESOLVED_DYNAMIC_REFERENCE","112b7f1e173d2c59979bc8dc","process::DataUpdate - ML Stage","WRITES_ATTRIBUTE","attribute","attribute::ML Document.VPRSV","tm1_ti_parser","AttrPutS","UNRESOLVED","1"
"UNRESOLVED_DYNAMIC_REFERENCE","aec704dd7d24dfa26cc801d6","process::DataUpdate - ML Stage","CREATES_ATTRIBUTE","attribute","attribute::ML Document.WERKS","tm1_ti_parser","AttrInsert","UNRESOLVED","1"
"UNRESOLVED_DYNAMIC_REFERENCE","d1938340e1bdb72924837ee5","process::DataUpdate - ML Stage","WRITES_ATTRIBUTE","attribute","attribute::ML Document.WERKS","tm1_ti_parser","AttrPutS","UNRESOLVED","1"
"UNRESOLVED_DYNAMIC_REFERENCE","3d0237064e2de42bff11457a","process::DataUpdate - ML Stage","WRITES_ATTRIBUTE","attribute","attribute::ML Document.XEKREL","tm1_ti_parser","AttrPutS","UNRESOLVED","1"
"UNRESOLVED_DYNAMIC_REFERENCE","14a8ac8f71bd1bec050d7f9d","process::DataUpdate - ML Stage","CREATES_ATTRIBUTE","attribute","attribute::ML Document.XEKREL","tm1_ti_parser","AttrInsert","UNRESOLVED","1"
"UNRESOLVED_DYNAMIC_REFERENCE","c4df253a941b21d3f521b3a0","process::DataUpdate - ML Stage","WRITES_ATTRIBUTE","attribute","attribute::ML Document.XPLREL","tm1_ti_parser","AttrPutS","UNRESOLVED","1"
"UNRESOLVED_DYNAMIC_REFERENCE","23836688896fe10fac31fcdd","process::DataUpdate - ML Stage","CREATES_ATTRIBUTE","attribute","attribute::ML Document.XPLREL","tm1_ti_parser","AttrInsert","UNRESOLVED","1"
"UNRESOLVED_DYNAMIC_REFERENCE","122528cdad958932f152cf9e","process::DataUpdate - ML Stage","WRITES_ATTRIBUTE","attribute","attribute::ML Document.XTPREL","tm1_ti_parser","AttrPutS","UNRESOLVED","1"
"UNRESOLVED_DYNAMIC_REFERENCE","7c307cf114197b354d38e0cc","process::DataUpdate - ML Stage","CREATES_ATTRIBUTE","attribute","attribute::ML Document.XTPREL","tm1_ti_parser","AttrInsert","UNRESOLVED","1"
"UNRESOLVED_DYNAMIC_REFERENCE","bd989f105f4393070678519f","process::DataUpdate - Material Ledger - Beginning and Ending Inventory","READS_ATTRIBUTE","attribute","attribute::ML Document.ZUONR","tm1_ti_parser","CellGetS","UNRESOLVED","1"
"UNRESOLVED_DYNAMIC_REFERENCE","5bf1527b13d946931ef2d93a","process::DataUpdate - Material Ledger - Consumption - All Other","READS_ATTRIBUTE","attribute","attribute::ML Document.ZUONR","tm1_ti_parser","CellGetS","UNRESOLVED","1"
"UNRESOLVED_DYNAMIC_REFERENCE","64f4344cb937db302ee9e6c6","process::DataUpdate - Material Ledger - Consumption - Production","READS_ATTRIBUTE","attribute","attribute::ML Document.ZUONR","tm1_ti_parser","CellGetS","UNRESOLVED","1"
"UNRESOLVED_DYNAMIC_REFERENCE","953723b90231a51f5d2181c0","process::DataUpdate - Material Ledger - Consumption - Sales","READS_ATTRIBUTE","attribute","attribute::ML Document.ZUONR","tm1_ti_parser","CellGetS","UNRESOLVED","1"
"UNRESOLVED_DYNAMIC_REFERENCE","767bd8c00e493b48533ec08e","process::DataUpdate - Material Ledger - Consumption - Transfers","READS_ATTRIBUTE","attribute","attribute::ML Document.ZUONR","tm1_ti_parser","CellGetS","UNRESOLVED","1"
"UNRESOLVED_DYNAMIC_REFERENCE","5cd057f55fc6e92f5b693da3","process::DataUpdate - Material Ledger - Receipts - All other","READS_ATTRIBUTE","attribute","attribute::ML Document.ZUONR","tm1_ti_parser","CellGetS","UNRESOLVED","1"
"UNRESOLVED_DYNAMIC_REFERENCE","6709c6196e403896cf44295d","process::DataUpdate - Material Ledger - Receipts - External Procured Receipts","READS_ATTRIBUTE","attribute","attribute::ML Document.ZUONR","tm1_ti_parser","CellGetS","UNRESOLVED","1"
"UNRESOLVED_DYNAMIC_REFERENCE","c61e26480c3bebebe54b718f","process::DataUpdate - Material Ledger - Receipts - Production","READS_ATTRIBUTE","attribute","attribute::ML Document.ZUONR","tm1_ti_parser","CellGetS","UNRESOLVED","1"
"UNRESOLVED_DYNAMIC_REFERENCE","f76ae70a7eb5cd0a7cf04a94","process::DataUpdate - Material Ledger - Receipts - Transfer Posting","READS_ATTRIBUTE","attribute","attribute::ML Document.ZUONR","tm1_ti_parser","CellGetS","UNRESOLVED","1"
"UNRESOLVED_DYNAMIC_REFERENCE","74270aa6845d89ee974907d9","process::DataUpdate - Material Ledger - Revaluation - All Other","READS_ATTRIBUTE","attribute","attribute::ML Document.ZUONR","tm1_ti_parser","CellGetS","UNRESOLVED","1"
"UNRESOLVED_DYNAMIC_REFERENCE","abf61b66bceeed1e4885bfae","process::DataUpdate - Material Ledger - Revaluation - Change in Material Price","READS_ATTRIBUTE","attribute","attribute::ML Document.ZUONR","tm1_ti_parser","CellGetS","UNRESOLVED","1"
"UNRESOLVED_DYNAMIC_REFERENCE","540ee0dee4ffecb831bee994","process::DataUpdate - Material Ledger - Revaluation - External Procured Receipts","READS_ATTRIBUTE","attribute","attribute::ML Document.ZUONR","tm1_ti_parser","CellGetS","UNRESOLVED","1"
"UNRESOLVED_DYNAMIC_REFERENCE","49b0d8a72aca19d660899c80","process::DataUpdate - Material Ledger - Revaluation - Production","READS_ATTRIBUTE","attribute","attribute::ML Document.ZUONR","tm1_ti_parser","CellGetS","UNRESOLVED","1"
"UNRESOLVED_DYNAMIC_REFERENCE","d19e4f08515b521ffb921ce3","process::DataUpdate - Material Ledger - Revaluation - Production Consumption","READS_ATTRIBUTE","attribute","attribute::ML Document.ZUONR","tm1_ti_parser","CellGetS","UNRESOLVED","1"
"UNRESOLVED_DYNAMIC_REFERENCE","9079686e06c5f91e22296ace","process::DataUpdate - Material Ledger - Revaluation - Sales","READS_ATTRIBUTE","attribute","attribute::ML Document.ZUONR","tm1_ti_parser","CellGetS","UNRESOLVED","1"
"UNRESOLVED_DYNAMIC_REFERENCE","4ae81bbd1747dd1885c77eee","process::DataUpdate - Material Ledger - Revaluation - Transfer Posting","READS_ATTRIBUTE","attribute","attribute::ML Document.ZUONR","tm1_ti_parser","CellGetS","UNRESOLVED","1"
"UNRESOLVED_DYNAMIC_REFERENCE","aa80a7d8d55737935461c46b","process::DataUpdate - Material Ledger - Revaluation - Transfers Out","READS_ATTRIBUTE","attribute","attribute::ML Document.ZUONR","tm1_ti_parser","CellGetS","UNRESOLVED","1"
"UNRESOLVED_DYNAMIC_REFERENCE","55d84827c959b56591091dde","process::DataUpdate - ML Stage - ACDOCA","CREATES_ATTRIBUTE","attribute","attribute::ML Document.ZUONR","tm1_ti_parser","ATTRInsert","UNRESOLVED","1"
"UNRESOLVED_DYNAMIC_REFERENCE","4eeb0d0eb4bdd2d6ce6ab0e6","process::DataUpdate - ML Stage - ACDOCA","WRITES_ATTRIBUTE","attribute","attribute::ML Document.ZUONR","tm1_ti_parser","AttrPutS","UNRESOLVED","1"
"UNRESOLVED_DYNAMIC_REFERENCE","520924100184e192b66602e0","process::DimUpdate - Order","CREATES_ATTRIBUTE","attribute","attribute::Order.CAPTION","tm1_ti_parser","AttrInsert","UNRESOLVED","1"
"UNRESOLVED_DYNAMIC_REFERENCE","6b7b0c0d9df50353daf6d499","process::DimUpdate - Order","WRITES_ATTRIBUTE","attribute","attribute::Order.CAPTION","tm1_ti_parser","AttrPutS","UNRESOLVED","1"
"UNRESOLVED_DYNAMIC_REFERENCE","5034d6b625acd1f23e835425","process::DimUpdate - Order","CREATES_ATTRIBUTE","attribute","attribute::Order.Change Date","tm1_ti_parser","AttrInsert","UNRESOLVED","1"
"UNRESOLVED_DYNAMIC_REFERENCE","b4572606af3af5b60e7a97bb","process::DimUpdate - Order","WRITES_ATTRIBUTE","attribute","attribute::Order.Change Date","tm1_ti_parser","AttrPutS","UNRESOLVED","1"
"UNRESOLVED_DYNAMIC_REFERENCE","197cef0c486ea533785d826f","process::DimUpdate - Order","WRITES_ATTRIBUTE","attribute","attribute::Order.CoCd","tm1_ti_parser","AttrPutS","UNRESOLVED","1"
"UNRESOLVED_DYNAMIC_REFERENCE","3fa6c03f8674c68453005375","process::DimUpdate - Order","CREATES_ATTRIBUTE","attribute","attribute::Order.CoCd","tm1_ti_parser","AttrInsert","UNRESOLVED","1"
"UNRESOLVED_DYNAMIC_REFERENCE","e63a77a03ed33c6ea7e8e588","process::DimUpdate - Order","WRITES_ATTRIBUTE","attribute","attribute::Order.Company Description","tm1_ti_parser","AttrPutS","UNRESOLVED","1"
"UNRESOLVED_DYNAMIC_REFERENCE","a455e511bcb92ba3b9cdb396","process::DimUpdate - Order","WRITES_ATTRIBUTE","attribute","attribute::Order.Cost Collector Key","tm1_ti_parser","AttrPutS","UNRESOLVED","1"
"UNRESOLVED_DYNAMIC_REFERENCE","f14585e2f0fbcdee98c8bf95","process::DimUpdate - Order","CREATES_ATTRIBUTE","attribute","attribute::Order.Cost Collector Key","tm1_ti_parser","AttrInsert","UNRESOLVED","1"
"UNRESOLVED_DYNAMIC_REFERENCE","7377a9868a5295b7869bdbff","process::DimUpdate - Order","CREATES_ATTRIBUTE","attribute","attribute::Order.Crcy","tm1_ti_parser","AttrInsert","UNRESOLVED","1"
"UNRESOLVED_DYNAMIC_REFERENCE","121939dce3e1153717290431","process::DimUpdate - Order","WRITES_ATTRIBUTE","attribute","attribute::Order.Crcy","tm1_ti_parser","AttrPutS","UNRESOLVED","1"
"UNRESOLVED_DYNAMIC_REFERENCE","5e0e728b8bda40b78c13f058","process::DimUpdate - Order","WRITES_ATTRIBUTE","attribute","attribute::Order.Created On","tm1_ti_parser","AttrPutS","UNRESOLVED","1"
"UNRESOLVED_DYNAMIC_REFERENCE","55bc3918a82aa1b04a33d612","process::DimUpdate - Order","CREATES_ATTRIBUTE","attribute","attribute::Order.Created On","tm1_ti_parser","AttrInsert","UNRESOLVED","1"
"UNRESOLVED_DYNAMIC_REFERENCE","842c9cdeb6e426ebd919f959","process::DimUpdate - Order","WRITES_ATTRIBUTE","attribute","attribute::Order.Description","tm1_ti_parser","AttrPutS","UNRESOLVED","1"
"UNRESOLVED_DYNAMIC_REFERENCE","2e76f02dcd0742aa77d21fef","process::DimUpdate - Order","CREATES_ATTRIBUTE","attribute","attribute::Order.Description","tm1_ti_parser","AttrInsert","UNRESOLVED","1"
"UNRESOLVED_DYNAMIC_REFERENCE","f67d16a430ffc9c1812dd2bd","process::DimUpdate - Order","WRITES_ATTRIBUTE","attribute","attribute::Order.Object Number","tm1_ti_parser","AttrPutS","UNRESOLVED","1"
"UNRESOLVED_DYNAMIC_REFERENCE","7c64271a6dcf3778ab27b3c1","process::DimUpdate - Order","CREATES_ATTRIBUTE","attribute","attribute::Order.Object Number","tm1_ti_parser","AttrInsert","UNRESOLVED","1"
"UNRESOLVED_DYNAMIC_REFERENCE","8a2246ea45aac49680fc9c9b","process::DimUpdate - Order","WRITES_ATTRIBUTE","attribute","attribute::Order.Order","tm1_ti_parser","AttrPutS","UNRESOLVED","1"
"UNRESOLVED_DYNAMIC_REFERENCE","270380b45ca7157a654dd2be","process::DimUpdate - Order","CREATES_ATTRIBUTE","attribute","attribute::Order.Order","tm1_ti_parser","AttrInsert","UNRESOLVED","1"
"UNRESOLVED_DYNAMIC_REFERENCE","220d1f7da8f038ddc11a1555","process::DimUpdate - Order","CREATES_ATTRIBUTE","attribute","attribute::Order.Plant","tm1_ti_parser","AttrInsert","UNRESOLVED","1"
"UNRESOLVED_DYNAMIC_REFERENCE","8f149417a180b1afd040f4cc","process::DimUpdate - Order","WRITES_ATTRIBUTE","attribute","attribute::Order.Plant","tm1_ti_parser","AttrPutS","UNRESOLVED","1"
"UNRESOLVED_DYNAMIC_REFERENCE","a86e1fae0cd3bc4650bc8f5a","process::DimUpdate - Order","WRITES_ATTRIBUTE","attribute","attribute::Order.Profit Ctr","tm1_ti_parser","AttrPutS","UNRESOLVED","1"
"UNRESOLVED_DYNAMIC_REFERENCE","f67e54015e0aefdc631903be","process::DimUpdate - Order","CREATES_ATTRIBUTE","attribute","attribute::Order.Profit Ctr","tm1_ti_parser","AttrInsert","UNRESOLVED","1"
"UNRESOLVED_DYNAMIC_REFERENCE","577468c396f0f2fd6ae0311e","process::DimUpdate - Glenn Springs Order","READS_ATTRIBUTE","attribute","attribute::Order.sAttr","tm1_ti_parser","CellGetS","UNRESOLVED","1"
"UNRESOLVED_DYNAMIC_REFERENCE","57f48a6c5004bb834fb3b8ba","process::DimUpdate - Production Order","READS_ATTRIBUTE","attribute","attribute::Order.sAttr","tm1_ti_parser","CellGetS","UNRESOLVED","1"
"UNRESOLVED_DYNAMIC_REFERENCE","3ba7bad020f2ab5a539c40db","process::DimUpdate - Order","WRITES_ATTRIBUTE","attribute","attribute::Order.Type","tm1_ti_parser","AttrPutS","UNRESOLVED","1"
"UNRESOLVED_DYNAMIC_REFERENCE","61c7520a0c96b3ed9ce85ab0","process::DimUpdate - Order","CREATES_ATTRIBUTE","attribute","attribute::Order.Type","tm1_ti_parser","AttrInsert","UNRESOLVED","1"
"UNRESOLVED_DYNAMIC_REFERENCE","b1ab5d6fbed0987f2ac51ba7","process::DimUpdate - Order","CREATES_ATTRIBUTE","attribute","attribute::Order.WBS Element","tm1_ti_parser","AttrInsert","UNRESOLVED","1"
"UNRESOLVED_DYNAMIC_REFERENCE","a829aaa47993871375ed5dfe","process::DimUpdate - Order","WRITES_ATTRIBUTE","attribute","attribute::Order.WBS Element","tm1_ti_parser","AttrPutS","UNRESOLVED","1"
"UNRESOLVED_DYNAMIC_REFERENCE","cb7daaf174871ceafa5b69b8","process::DataUpdate - Scenario Archive - Numeric","WRITES_ATTRIBUTE","attribute","attribute::pCube.v2","tm1_ti_parser","ATTRPUTN","UNRESOLVED","1"
"UNRESOLVED_DYNAMIC_REFERENCE","f48132bb10b3ad2ef341c2c3","process::DataUpdate - Scenario Archive - String","WRITES_ATTRIBUTE","attribute","attribute::pCube.v2","tm1_ti_parser","ATTRPUTN","UNRESOLVED","1"
"UNRESOLVED_DYNAMIC_REFERENCE","38f9b69f48a69b95090b6c2c","process::DataUpdate - Scenario Archive - Numeric","WRITES_ATTRIBUTE","attribute","attribute::pCube.v3","tm1_ti_parser","ATTRPUTS","UNRESOLVED","1"
"UNRESOLVED_DYNAMIC_REFERENCE","3d17b9a4fe54d7e965335fa2","process::DataUpdate - Scenario Archive - String","WRITES_ATTRIBUTE","attribute","attribute::pCube.v3","tm1_ti_parser","ATTRPUTS","UNRESOLVED","1"
"UNRESOLVED_DYNAMIC_REFERENCE","0a81ff5ca5d3f8fc3b718c02","process::Sys_Dim_Import_From_File","CREATES_ATTRIBUTE","attribute","attribute::pDim.' ; vPrevAttr = '","tm1_ti_parser","ATTRINSERT","UNRESOLVED","1"
"UNRESOLVED_DYNAMIC_REFERENCE","e980c2f0c916689493b347a1","process::Sys_Dim_Import_From_File","DELETES_ATTRIBUTE","attribute","attribute::pDim.' ; vPrevAttr = '","tm1_ti_parser","ATTRDELETE","UNRESOLVED","1"
"UNRESOLVED_DYNAMIC_REFERENCE","969ff4a30839e08c8364a362","process::Sys_Dim_Hierarchy_Clone","READS_ATTRIBUTE","attribute","attribute::pDim.CAPTION","tm1_ti_parser","ATTRS","UNRESOLVED","2"
"UNRESOLVED_DYNAMIC_REFERENCE","8b526625a1046bc1b837accf","process::Sys_Dim_Hierarchy_Clone","WRITES_ATTRIBUTE","attribute","attribute::pDim.Caption","tm1_ti_parser","ATTRPUTS","UNRESOLVED","2"
"UNRESOLVED_DYNAMIC_REFERENCE","7d6c0e7b89678db4b3cc3a9b","process::Sys_Dim_Create_Standard_Alias","WRITES_ATTRIBUTE","attribute","attribute::pDim.pAliasAttr","tm1_ti_parser","ATTRPUTS","UNRESOLVED","1"
"UNRESOLVED_DYNAMIC_REFERENCE","eac587997d20ba03be56a7fb","process::Sys_Dim_Create_Standard_Alias","CREATES_ATTRIBUTE","attribute","attribute::pDim.pAliasAttr","tm1_ti_parser","ATTRINSERT","UNRESOLVED","1"
"UNRESOLVED_DYNAMIC_REFERENCE","55cd4ec6c702e658e92faf84","process::Sys_Dim_Hierarchy_Clone","WRITES_ATTRIBUTE","attribute","attribute::pDim.Static Hierarchy","tm1_ti_parser","ATTRPUTS","UNRESOLVED","2"
"UNRESOLVED_DYNAMIC_REFERENCE","fe333579bad1b569b3297178","process::Sys_Dim_Copy_Attributes","WRITES_ATTRIBUTE","attribute","attribute::pDim.sThisAttr","tm1_ti_parser","ATTRPUTS","UNRESOLVED","1"
"UNRESOLVED_DYNAMIC_REFERENCE","d42174eedf0d31e73e2f5759","process::Sys_Dim_Copy_Attributes","CREATES_ATTRIBUTE","attribute","attribute::pDim.sThisAttr","tm1_ti_parser","ATTRINSERT","UNRESOLVED","1"
"UNRESOLVED_DYNAMIC_REFERENCE","b6230c901e36b9fc688209a9","process::Sys_Dim_Create_Standard_Alias","READS_ATTRIBUTE","attribute","attribute::pDim.sThisAttr","tm1_ti_parser","ATTRS","UNRESOLVED","1"
"UNRESOLVED_DYNAMIC_REFERENCE","d63e3db51956018c5293c5cf","process::Sys_Dim_Hierarchy_Create_FromMultipleLevelAttributes","READS_ATTRIBUTE","attribute","attribute::pDim.sThisAttr","tm1_ti_parser","ATTRS","UNRESOLVED","1"
"UNRESOLVED_DYNAMIC_REFERENCE","8e96a7eb94acfe7ebbcf15f8","process::Sys_Dim_Import_From_File","WRITES_ATTRIBUTE","attribute","attribute::pDim.vAttrName","tm1_ti_parser",,"UNRESOLVED","2"
"UNRESOLVED_DYNAMIC_REFERENCE","57f1478b377d66c869a755a5","process::Sys_Dim_Hierarchy_Unwind_Consolidation","CREATES_ATTRIBUTE","attribute","attribute::pDimension.Bedrock.Descendant","tm1_ti_parser","AttrInsert","UNRESOLVED","1"
"UNRESOLVED_DYNAMIC_REFERENCE","4e8d1705d788699c361190f4","process::Sys_Dim_Hierarchy_Unwind_Consolidation","DELETES_ATTRIBUTE","attribute","attribute::pDimension.Bedrock.Descendant","tm1_ti_parser","AttrDelete","UNRESOLVED","2"
"UNRESOLVED_DYNAMIC_REFERENCE","643800e847c09b14532b1c9c","process::Sys_Dim_Hierarchy_Unwind_Consolidation","READS_ATTRIBUTE","attribute","attribute::pDimension.Bedrock.Descendant","tm1_ti_parser","AttrS","UNRESOLVED","1"
"UNRESOLVED_DYNAMIC_REFERENCE","84bdd1da85ea618d44ff46b0","process::Sys_Dim_Hierarchy_Unwind_Consolidation","WRITES_ATTRIBUTE","attribute","attribute::pDimension.Bedrock.Descendant","tm1_ti_parser","AttrPutS","UNRESOLVED","1"
"UNRESOLVED_DYNAMIC_REFERENCE","ae7a089bb105e95daae6f90b","process::Sys_Legacy Element","WRITES_ATTRIBUTE","attribute","attribute::pDimension.CAPTION","tm1_ti_parser","AttrPutS","UNRESOLVED","2"
"UNRESOLVED_DYNAMIC_REFERENCE","3aec52f3682310a8bcb0b153","process::Sys_Dim_Hierarchy_Unwind_Consolidation_Large","CREATES_ATTRIBUTE","attribute","attribute::pDimension.Descendant","tm1_ti_parser","AttrInsert","UNRESOLVED","1"
"UNRESOLVED_DYNAMIC_REFERENCE","3d89d5ae42ac5c4b7b153e98","process::Sys_Dim_Hierarchy_Unwind_Consolidation_Large","DELETES_ATTRIBUTE","attribute","attribute::pDimension.Descendant","tm1_ti_parser","AttrDelete","UNRESOLVED","2"
"UNRESOLVED_DYNAMIC_REFERENCE","92887ac34e887241d7e2e90c","process::Sys_Legacy Element","WRITES_ATTRIBUTE","attribute","attribute::pDimension.Description","tm1_ti_parser","AttrPutS","UNRESOLVED","2"
"UNRESOLVED_DYNAMIC_REFERENCE","64d22722c513b2910478661e","process::Sys_Legacy Element","CREATES_ATTRIBUTE","attribute","attribute::pDimension.Legacy","tm1_ti_parser","AttrInsert","UNRESOLVED","1"
"UNRESOLVED_DYNAMIC_REFERENCE","c34d303057a000b43ca79948","process::Sys_Legacy Element","WRITES_ATTRIBUTE","attribute","attribute::pDimension.Legacy","tm1_ti_parser","AttrPutS","UNRESOLVED","2"
"UNRESOLVED_DYNAMIC_REFERENCE","29e7a4a3a89cfef9b54f0e5d","process::Sys_Legacy Element","CREATES_ATTRIBUTE","attribute","attribute::pDimension.Order Adj","tm1_ti_parser","AttrInsert","UNRESOLVED","1"
"UNRESOLVED_DYNAMIC_REFERENCE","38448d1ece351e478f221c47","process::Sys_Legacy Element","WRITES_ATTRIBUTE","attribute","attribute::pDimension.Order Adj","tm1_ti_parser","AttrPutN","UNRESOLVED","2"
"UNRESOLVED_DYNAMIC_REFERENCE","8402d101e9fde25b05e23968","process::Sys_Dim_Sub_Create","READS_ATTRIBUTE","attribute","attribute::pDimension.pAttribute","tm1_ti_parser",,"UNRESOLVED","2"
"UNRESOLVED_DYNAMIC_REFERENCE","25461aaab5e3720aa45fa215","process::Sys_Dim_Hierarchy_Create_FromAttribute_v2","READS_ATTRIBUTE","attribute","attribute::pDimension.pWeightAttr","tm1_ti_parser","ATTRS","UNRESOLVED","1"
"UNRESOLVED_DYNAMIC_REFERENCE","a00ace22d54d03b506825aa6","process::Sys_Dim_Hierarchy_Unwind_All","READS_ATTRIBUTE","attribute","attribute::pDimension.Static Hierarchy","tm1_ti_parser","ATTRS","UNRESOLVED","1"
"UNRESOLVED_DYNAMIC_REFERENCE","02805a8c5e9105b19a57624d","process::Sys_Dim_Sub_Create_ByMDX","CREATES_ATTRIBUTE","attribute","attribute::pDimension.Temp","tm1_ti_parser","ATTRINSERT","UNRESOLVED","1"
"UNRESOLVED_DYNAMIC_REFERENCE","48f4c63d1867d892a7fa795a","process::Sys_Dim_Sub_Create_ByMDX","DELETES_ATTRIBUTE","attribute","attribute::pDimension.Temp","tm1_ti_parser","ATTRDELETE","UNRESOLVED","1"
"UNRESOLVED_DYNAMIC_REFERENCE","8657ee8a93549f51ffe8869d","process::Sys_Dim_Sort","DELETES_ATTRIBUTE","attribute","attribute::pDimName.Order Adj","tm1_ti_parser","AttrDelete","UNRESOLVED","1"
"UNRESOLVED_DYNAMIC_REFERENCE","1a6f99f0b69258288f7ff867","process::Sys_Dim_Sort_Export","READS_ATTRIBUTE","attribute","attribute::pDimName.Order Adj","tm1_ti_parser","ATTRN","UNRESOLVED","2"
"UNRESOLVED_DYNAMIC_REFERENCE","108dd3084a23dcb6a4c6aa9e","process::Sys_Dim_Sort_Seed_TopLevel","CREATES_ATTRIBUTE","attribute","attribute::pDimName.Order Adj","tm1_ti_parser","AttrInsert","UNRESOLVED","1"
"UNRESOLVED_DYNAMIC_REFERENCE","82dcf09f051a50526bf39c2a","process::Sys_Dim_Sort","DELETES_ATTRIBUTE","attribute","attribute::pDimName.Order Seed","tm1_ti_parser","AttrDelete","UNRESOLVED","1"
"UNRESOLVED_DYNAMIC_REFERENCE","8f756cc34a4316520e62b3ea","process::Sys_Dim_Sort_Export","READS_ATTRIBUTE","attribute","attribute::pDimName.Order Seed","tm1_ti_parser","ATTRN","UNRESOLVED","3"
"UNRESOLVED_DYNAMIC_REFERENCE","7cd3982fdb43d3a2022dc843","process::Sys_Dim_Sort_Seed","WRITES_ATTRIBUTE","attribute","attribute::pDimName.Order Seed","tm1_ti_parser","ATTRPUTN","UNRESOLVED","3"
"UNRESOLVED_DYNAMIC_REFERENCE","583a85b4fef9926631f07f54","process::Sys_Dim_Sort_Seed_TopLevel","WRITES_ATTRIBUTE","attribute","attribute::pDimName.Order Seed","tm1_ti_parser","ATTRPUTN","UNRESOLVED","5"
"UNRESOLVED_DYNAMIC_REFERENCE","8fef3ec67871caf113287a01","process::Sys_Dim_Sort_Seed_TopLevel","CREATES_ATTRIBUTE","attribute","attribute::pDimName.Order Seed","tm1_ti_parser","AttrInsert","UNRESOLVED","1"
"UNRESOLVED_DYNAMIC_REFERENCE","98255a4779a8fde26589735f","process::DimUpdate - PL Account","CREATES_ATTRIBUTE","attribute","attribute::PL Account.AcGp","tm1_ti_parser","AttrInsert","UNRESOLVED","1"
"UNRESOLVED_DYNAMIC_REFERENCE","3c7fe70f6c79baf321aeee3c","process::DimUpdate - PL Account","WRITES_ATTRIBUTE","attribute","attribute::PL Account.AcGp","tm1_ti_parser","AttrPutS","UNRESOLVED","1"
"UNRESOLVED_DYNAMIC_REFERENCE","cbc75443785e07281879de9f","process::DimUpdate - PL Account","WRITES_ATTRIBUTE","attribute","attribute::PL Account.CAPTION","tm1_ti_parser","AttrPutS","UNRESOLVED","1"
"UNRESOLVED_DYNAMIC_REFERENCE","a9ca5e8bc2da904aa4489bfb","process::DimUpdate - PL Account","CREATES_ATTRIBUTE","attribute","attribute::PL Account.CAPTION","tm1_ti_parser","AttrInsert","UNRESOLVED","1"
"UNRESOLVED_DYNAMIC_REFERENCE","d84c044f4ca0d2ab30db56ed","process::DimUpdate - PL Account","WRITES_ATTRIBUTE","attribute","attribute::PL Account.Description","tm1_ti_parser","AttrPutS","UNRESOLVED","1"
"UNRESOLVED_DYNAMIC_REFERENCE","a7f3da633b47dfd2f6c71db7","process::DimUpdate - PL Account","CREATES_ATTRIBUTE","attribute","attribute::PL Account.Description","tm1_ti_parser","AttrInsert","UNRESOLVED","1"
"UNRESOLVED_DYNAMIC_REFERENCE","bbf5ba34b05ad4a81471c241","process::DimUpdate - PL Account","WRITES_ATTRIBUTE","attribute","attribute::PL Account.Functional Area","tm1_ti_parser","AttrPutS","UNRESOLVED","1"
"UNRESOLVED_DYNAMIC_REFERENCE","443f4e9f7092ae2991f25398","process::DimUpdate - PL Account","CREATES_ATTRIBUTE","attribute","attribute::PL Account.G/L Account Type","tm1_ti_parser","AttrInsert","UNRESOLVED","1"
"UNRESOLVED_DYNAMIC_REFERENCE","5e24663a605004f3b65a6219","process::DimUpdate - PL Account","WRITES_ATTRIBUTE","attribute","attribute::PL Account.G/L Account Type","tm1_ti_parser","AttrPutS","UNRESOLVED","1"
"UNRESOLVED_DYNAMIC_REFERENCE","1727b183537e15df4fe2c076","process::DimUpdate - PL Account","CREATES_ATTRIBUTE","attribute","attribute::PL Account.G/L Acct","tm1_ti_parser","AttrInsert","UNRESOLVED","1"
"UNRESOLVED_DYNAMIC_REFERENCE","2eb0f9564ce956c6a5e77f35","process::DimUpdate - PL Account","WRITES_ATTRIBUTE","attribute","attribute::PL Account.G/L Acct","tm1_ti_parser","AttrPutS","UNRESOLVED","1"
"UNRESOLVED_DYNAMIC_REFERENCE","acba5026b0a34510a3d77024","process::DimUpdate - PL Account","CREATES_ATTRIBUTE","attribute","attribute::PL Account.Group Acct","tm1_ti_parser","AttrInsert","UNRESOLVED","1"
"UNRESOLVED_DYNAMIC_REFERENCE","02278375dd00e5bddaf59e69","process::DimUpdate - PL Account","WRITES_ATTRIBUTE","attribute","attribute::PL Account.Group Acct","tm1_ti_parser","AttrPutS","UNRESOLVED","1"
"UNRESOLVED_DYNAMIC_REFERENCE","db917bb86b1150eead40307e","process::DataUpdate - Manufacturing Cost Balancing","READS_ATTRIBUTE","attribute","attribute::PL Account.Manufacturing Cost","tm1_ti_parser","CellGetS","UNRESOLVED","2"
"UNRESOLVED_DYNAMIC_REFERENCE","c2c8f09b986b26a92c11f2c1","process::DimUpdate - PL Account - SAP Hierarchy","CREATES_ATTRIBUTE","attribute","attribute::PL Account.Order Adj","tm1_ti_parser","AttrInsert","UNRESOLVED","1"
"UNRESOLVED_DYNAMIC_REFERENCE","8e8bb06769af2a0e724f8db0","process::DimUpdate - PL Account","CREATES_ATTRIBUTE","attribute","attribute::PL Account.Short Description","tm1_ti_parser","AttrInsert","UNRESOLVED","1"
"UNRESOLVED_DYNAMIC_REFERENCE","4e392ce794df002f290169b0","process::DimUpdate - PL Account","WRITES_ATTRIBUTE","attribute","attribute::PL Account.Short Description","tm1_ti_parser","AttrPutS","UNRESOLVED","1"
"UNRESOLVED_DYNAMIC_REFERENCE","78769a8237a39173eab3bd8e","process::DimUpdate - PL Account","CREATES_ATTRIBUTE","attribute","attribute::PL Account.Tr.Prt","tm1_ti_parser","AttrInsert","UNRESOLVED","1"
"UNRESOLVED_DYNAMIC_REFERENCE","b8cd8e0bd1ed1ffcfe9a07f8","process::DimUpdate - PL Account","WRITES_ATTRIBUTE","attribute","attribute::PL Account.Tr.Prt","tm1_ti_parser","AttrPutS","UNRESOLVED","1"
"UNRESOLVED_DYNAMIC_REFERENCE","b69b7d4d7bda8fc3f6606c1a","process::DimUpdate - Plant Assessment Cost Object","WRITES_ATTRIBUTE","attribute","attribute::Plant Assessment Cost Object.C/R","tm1_ti_parser","ATTRPutS","UNRESOLVED","1"
"UNRESOLVED_DYNAMIC_REFERENCE","11464e30226d2ababbcfa611","process::DimUpdate - Plant Assessment Cost Object","WRITES_ATTRIBUTE","attribute","attribute::Plant Assessment Cost Object.CAPTION","tm1_ti_parser","AttrPutS","UNRESOLVED","1"
"UNRESOLVED_DYNAMIC_REFERENCE","399d02d6d66905ea0be0d13d","process::DimUpdate - Plant Assessment Cost Object","WRITES_ATTRIBUTE","attribute","attribute::Plant Assessment Cost Object.CCtC","tm1_ti_parser","ATTRPutS","UNRESOLVED","1"
"UNRESOLVED_DYNAMIC_REFERENCE","9057784e4b3f7d60145430aa","process::DimUpdate - Plant Assessment Cost Object","WRITES_ATTRIBUTE","attribute","attribute::Plant Assessment Cost Object.City","tm1_ti_parser","ATTRPutS","UNRESOLVED","1"
"UNRESOLVED_DYNAMIC_REFERENCE","dcf88c75865853c958300d9d","process::DimUpdate - Plant Assessment Cost Object","WRITES_ATTRIBUTE","attribute","attribute::Plant Assessment Cost Object.CoCd","tm1_ti_parser","ATTRPutS","UNRESOLVED","1"
"UNRESOLVED_DYNAMIC_REFERENCE","c41425072946b2c7e8096ede","process::DimUpdate - Plant Assessment Cost Object","WRITES_ATTRIBUTE","attribute","attribute::Plant Assessment Cost Object.Controlling Area","tm1_ti_parser","ATTRPutS","UNRESOLVED","1"
"UNRESOLVED_DYNAMIC_REFERENCE","37bbb597457adb64a0d3661a","process::DimUpdate - Plant Assessment Cost Object","WRITES_ATTRIBUTE","attribute","attribute::Plant Assessment Cost Object.Cost Ctr","tm1_ti_parser","ATTRPutS","UNRESOLVED","1"
"UNRESOLVED_DYNAMIC_REFERENCE","9c29abd7684b10ba4f9a040d","process::DimUpdate - Plant Assessment Cost Object","WRITES_ATTRIBUTE","attribute","attribute::Plant Assessment Cost Object.Cur","tm1_ti_parser","ATTRPutS","UNRESOLVED","1"
"UNRESOLVED_DYNAMIC_REFERENCE","513f6f77ba231146833a5faf","process::DimUpdate - Plant Assessment Cost Object","WRITES_ATTRIBUTE","attribute","attribute::Plant Assessment Cost Object.Department","tm1_ti_parser","ATTRPutS","UNRESOLVED","1"
"UNRESOLVED_DYNAMIC_REFERENCE","799ff737d89ff18c12b5abb3","process::DimUpdate - Plant Assessment Cost Object","WRITES_ATTRIBUTE","attribute","attribute::Plant Assessment Cost Object.Description","tm1_ti_parser","ATTRPutS","UNRESOLVED","1"
"UNRESOLVED_DYNAMIC_REFERENCE","477b37e07c4887e15b1bbcc3","process::DimUpdate - Plant Assessment Cost Object","WRITES_ATTRIBUTE","attribute","attribute::Plant Assessment Cost Object.District","tm1_ti_parser","ATTRPutS","UNRESOLVED","1"
"UNRESOLVED_DYNAMIC_REFERENCE","f5aaa43bf2e1f262779b3a67","process::DimUpdate - Plant Assessment Cost Object","WRITES_ATTRIBUTE","attribute","attribute::Plant Assessment Cost Object.Functional Area","tm1_ti_parser","ATTRPutS","UNRESOLVED","1"
"UNRESOLVED_DYNAMIC_REFERENCE","8cb0ab4b943f320bcf1f0c31","process::DimUpdate - Plant Assessment Cost Object","WRITES_ATTRIBUTE","attribute","attribute::Plant Assessment Cost Object.Hierarchy Area","tm1_ti_parser","ATTRPutS","UNRESOLVED","1"
"UNRESOLVED_DYNAMIC_REFERENCE","b4230d7f8bf228f07cc4b6aa","process::DimUpdate - Plant Assessment Cost Object","WRITES_ATTRIBUTE","attribute","attribute::Plant Assessment Cost Object.Name","tm1_ti_parser","ATTRPutS","UNRESOLVED","1"
"UNRESOLVED_DYNAMIC_REFERENCE","95d200ee7c0c1306d42ada6a","process::DimUpdate - Plant Assessment Cost Object","WRITES_ATTRIBUTE","attribute","attribute::Plant Assessment Cost Object.Name 1","tm1_ti_parser","ATTRPutS","UNRESOLVED","1"
"UNRESOLVED_DYNAMIC_REFERENCE","81544b4063a6ca53f7c6521d","process::DimUpdate - Plant Assessment Cost Object","WRITES_ATTRIBUTE","attribute","attribute::Plant Assessment Cost Object.Name 2","tm1_ti_parser","ATTRPutS","UNRESOLVED","1"
"UNRESOLVED_DYNAMIC_REFERENCE","ed04de10a81af4424ca892e5","process::DimUpdate - Plant Assessment Cost Object - SAP Hierarchy","CREATES_ATTRIBUTE","attribute","attribute::Plant Assessment Cost Object.Order Adj","tm1_ti_parser","AttrInsert","UNRESOLVED","1"
"UNRESOLVED_DYNAMIC_REFERENCE","9d715c297132ece882cd5f59","process::DimUpdate - Plant Assessment Cost Object","WRITES_ATTRIBUTE","attribute","attribute::Plant Assessment Cost Object.Person Responsible","tm1_ti_parser","ATTRPutS","UNRESOLVED","1"
"UNRESOLVED_DYNAMIC_REFERENCE","c18e6c4dbffbff9cff6a4abd","process::DimUpdate - Plant Assessment Cost Object","WRITES_ATTRIBUTE","attribute","attribute::Plant Assessment Cost Object.PO Box","tm1_ti_parser","ATTRPutS","UNRESOLVED","1"
"UNRESOLVED_DYNAMIC_REFERENCE","7fdb6298c603e60ca83fa018","process::DimUpdate - Plant Assessment Cost Object","WRITES_ATTRIBUTE","attribute","attribute::Plant Assessment Cost Object.PO Box pcd","tm1_ti_parser","ATTRPutS","UNRESOLVED","1"
"UNRESOLVED_DYNAMIC_REFERENCE","8a83a62fe0613678fc6c4c6c","process::DimUpdate - Plant Assessment Cost Object","WRITES_ATTRIBUTE","attribute","attribute::Plant Assessment Cost Object.PostalCode","tm1_ti_parser","ATTRPutS","UNRESOLVED","1"
"UNRESOLVED_DYNAMIC_REFERENCE","9cece538d6428bbac46cab78","process::DimUpdate - Plant Assessment Cost Object","WRITES_ATTRIBUTE","attribute","attribute::Plant Assessment Cost Object.Profit Ctr","tm1_ti_parser","ATTRPutS","UNRESOLVED","1"
"UNRESOLVED_DYNAMIC_REFERENCE","df4375b6ce78d516db0ff5a4","process::DimUpdate - Plant Assessment Cost Object","WRITES_ATTRIBUTE","attribute","attribute::Plant Assessment Cost Object.Rg","tm1_ti_parser","ATTRPutS","UNRESOLVED","1"
"UNRESOLVED_DYNAMIC_REFERENCE","5b73be16f2179fc7f53a915a","process::DimUpdate - Plant Assessment Cost Object","WRITES_ATTRIBUTE","attribute","attribute::Plant Assessment Cost Object.Street","tm1_ti_parser","ATTRPutS","UNRESOLVED","1"
"UNRESOLVED_DYNAMIC_REFERENCE","f81e27507bd2184997ba091d","process::DimUpdate - Plant Assessment Cost Object","WRITES_ATTRIBUTE","attribute","attribute::Plant Assessment Cost Object.Tax Jurisdiction","tm1_ti_parser","ATTRPutS","UNRESOLVED","1"
"UNRESOLVED_DYNAMIC_REFERENCE","31f3b98e6abc2d1c42b26a33","process::DimUpdate - Plant","CREATES_ATTRIBUTE","attribute","attribute::Plant.Address","tm1_ti_parser","AttrInsert","UNRESOLVED","1"
"UNRESOLVED_DYNAMIC_REFERENCE","3138a90639c1a16893720101","process::DimUpdate - Plant","WRITES_ATTRIBUTE","attribute","attribute::Plant.Address","tm1_ti_parser","AttrPutS","UNRESOLVED","1"
"UNRESOLVED_DYNAMIC_REFERENCE","242ca6e8c667641a496c8c9e","process::DimUpdate - Plant","CREATES_ATTRIBUTE","attribute","attribute::Plant.Alt Description","tm1_ti_parser","AttrInsert","UNRESOLVED","1"
"UNRESOLVED_DYNAMIC_REFERENCE","e20b64f13c089d261391fae2","process::DimUpdate - Plant","WRITES_ATTRIBUTE","attribute","attribute::Plant.Alt Description","tm1_ti_parser","AttrPutS","UNRESOLVED","1"
"UNRESOLVED_DYNAMIC_REFERENCE","f3f5c8e9d66f73583046682c","process::DimUpdate - Plant","CREATES_ATTRIBUTE","attribute","attribute::Plant.C/R","tm1_ti_parser","AttrInsert","UNRESOLVED","1"
"UNRESOLVED_DYNAMIC_REFERENCE","dd03b5e5c850a55d62e71874","process::DimUpdate - Plant","WRITES_ATTRIBUTE","attribute","attribute::Plant.C/R","tm1_ti_parser","AttrPutS","UNRESOLVED","1"
"UNRESOLVED_DYNAMIC_REFERENCE","6d88acad96b4eaed861afc52","process::DimUpdate - Plant","WRITES_ATTRIBUTE","attribute","attribute::Plant.CAPTION","tm1_ti_parser","AttrPutS","UNRESOLVED","1"
"UNRESOLVED_DYNAMIC_REFERENCE","8ecb2b674d46986b093f792b","process::DimUpdate - Plant","CREATES_ATTRIBUTE","attribute","attribute::Plant.CAPTION","tm1_ti_parser","AttrInsert","UNRESOLVED","1"
"UNRESOLVED_DYNAMIC_REFERENCE","28b4e446fa295c3e85258034","process::DimUpdate - Plant","WRITES_ATTRIBUTE","attribute","attribute::Plant.City","tm1_ti_parser","AttrPutS","UNRESOLVED","1"
"UNRESOLVED_DYNAMIC_REFERENCE","283cbd514d541dc2cdfd7d36","process::DimUpdate - Plant","CREATES_ATTRIBUTE","attribute","attribute::Plant.City","tm1_ti_parser","AttrInsert","UNRESOLVED","1"
"UNRESOLVED_DYNAMIC_REFERENCE","d57cf983b78714855c49530c","process::DimUpdate - Plant","CREATES_ATTRIBUTE","attribute","attribute::Plant.CustNoPlnt","tm1_ti_parser","AttrInsert","UNRESOLVED","1"
"UNRESOLVED_DYNAMIC_REFERENCE","b94a1578b818400fa2ed549f","process::DimUpdate - Plant","WRITES_ATTRIBUTE","attribute","attribute::Plant.CustNoPlnt","tm1_ti_parser","AttrPutS","UNRESOLVED","1"
"UNRESOLVED_DYNAMIC_REFERENCE","a67b2f862dc892e79ac09c6a","process::DimUpdate - Plant","WRITES_ATTRIBUTE","attribute","attribute::Plant.Description","tm1_ti_parser","AttrPutS","UNRESOLVED","1"
"UNRESOLVED_DYNAMIC_REFERENCE","28b0eea91140a5b610e8f137","process::DimUpdate - Plant","CREATES_ATTRIBUTE","attribute","attribute::Plant.Description","tm1_ti_parser","AttrInsert","UNRESOLVED","1"
"UNRESOLVED_DYNAMIC_REFERENCE","7c9094fe8f04d5da84243f64","process::DimUpdate - Plant","WRITES_ATTRIBUTE","attribute","attribute::Plant.Plant Division","tm1_ti_parser","AttrPutS","UNRESOLVED","1"
"UNRESOLVED_DYNAMIC_REFERENCE","75d03d49c8a39ccd53205f87","process::DimUpdate - Plant","WRITES_ATTRIBUTE","attribute","attribute::Plant.PO Box","tm1_ti_parser","AttrPutS","UNRESOLVED","1"
"UNRESOLVED_DYNAMIC_REFERENCE","8798f8ab64ce3f1eb42b695b","process::DimUpdate - Plant","CREATES_ATTRIBUTE","attribute","attribute::Plant.PO Box","tm1_ti_parser","AttrInsert","UNRESOLVED","1"
"UNRESOLVED_DYNAMIC_REFERENCE","421423d1b152226cc0bd1653","process::DimUpdate - Plant","WRITES_ATTRIBUTE","attribute","attribute::Plant.Postal Code","tm1_ti_parser","AttrPutS","UNRESOLVED","1"
"UNRESOLVED_DYNAMIC_REFERENCE","aa51b875b5e5603398e5da57","process::DimUpdate - Plant","CREATES_ATTRIBUTE","attribute","attribute::Plant.Postal Code","tm1_ti_parser","AttrInsert","UNRESOLVED","1"
"UNRESOLVED_DYNAMIC_REFERENCE","5bcd5767d175d03e16d9fe2b","process::DimUpdate - Plant","WRITES_ATTRIBUTE","attribute","attribute::Plant.Rg","tm1_ti_parser","AttrPutS","UNRESOLVED","1"
"UNRESOLVED_DYNAMIC_REFERENCE","4269f5644109e896aeb025be","process::DimUpdate - Plant","CREATES_ATTRIBUTE","attribute","attribute::Plant.Rg","tm1_ti_parser","AttrInsert","UNRESOLVED","1"
"UNRESOLVED_DYNAMIC_REFERENCE","d27e55b5de836823e51ac157","process::DimUpdate - Plant","WRITES_ATTRIBUTE","attribute","attribute::Plant.Tax Jurisdiction","tm1_ti_parser","AttrPutS","UNRESOLVED","1"
"UNRESOLVED_DYNAMIC_REFERENCE","9132b282f6874df15eb8178b","process::DimUpdate - Plant","CREATES_ATTRIBUTE","attribute","attribute::Plant.Tax Jurisdiction","tm1_ti_parser","AttrInsert","UNRESOLVED","1"
"UNRESOLVED_DYNAMIC_REFERENCE","dc3647305b8128e9064a5005","process::DimUpdate - Production Order","CREATES_ATTRIBUTE","attribute","attribute::Production Order.CAPTION","tm1_ti_parser","ATTRInsert","UNRESOLVED","1"
"UNRESOLVED_DYNAMIC_REFERENCE","21bb4b7c110b21752a8046ce","process::DimUpdate - Production Order","CREATES_ATTRIBUTE","attribute","attribute::Production Order.Change Date","tm1_ti_parser","ATTRInsert","UNRESOLVED","1"
"UNRESOLVED_DYNAMIC_REFERENCE","48a4be77323df5c692b174c1","process::DimUpdate - Production Order","CREATES_ATTRIBUTE","attribute","attribute::Production Order.CoCd","tm1_ti_parser","ATTRInsert","UNRESOLVED","1"
"UNRESOLVED_DYNAMIC_REFERENCE","e59f2225da0f4fdc170db1ac","process::DimUpdate - Production Order","CREATES_ATTRIBUTE","attribute","attribute::Production Order.Company Description","tm1_ti_parser","ATTRInsert","UNRESOLVED","1"
"UNRESOLVED_DYNAMIC_REFERENCE","a59502c71c296ab602dfdc0a","process::DimUpdate - Production Order","CREATES_ATTRIBUTE","attribute","attribute::Production Order.Cost Collector Key","tm1_ti_parser","ATTRInsert","UNRESOLVED","1"
"UNRESOLVED_DYNAMIC_REFERENCE","53369a57ac18454cd68b0c43","process::DimUpdate - Production Order","CREATES_ATTRIBUTE","attribute","attribute::Production Order.Crcy","tm1_ti_parser","ATTRInsert","UNRESOLVED","1"
"UNRESOLVED_DYNAMIC_REFERENCE","fb64fa2038b68b709cc91f32","process::DimUpdate - Production Order","CREATES_ATTRIBUTE","attribute","attribute::Production Order.Created On","tm1_ti_parser","ATTRInsert","UNRESOLVED","1"
"UNRESOLVED_DYNAMIC_REFERENCE","0aee4009711e91cec7021078","process::DimUpdate - Production Order","CREATES_ATTRIBUTE","attribute","attribute::Production Order.Description","tm1_ti_parser","ATTRInsert","UNRESOLVED","1"
"UNRESOLVED_DYNAMIC_REFERENCE","8643cf9a7676e91d0712ad75","process::DimUpdate - Production Order","CREATES_ATTRIBUTE","attribute","attribute::Production Order.Legacy","tm1_ti_parser","ATTRInsert","UNRESOLVED","1"
"UNRESOLVED_DYNAMIC_REFERENCE","08ba4699e6726d36fd4e6971","process::DimUpdate - Production Order","CREATES_ATTRIBUTE","attribute","attribute::Production Order.Object Number","tm1_ti_parser","ATTRInsert","UNRESOLVED","1"
"UNRESOLVED_DYNAMIC_REFERENCE","729f52bb7b37d7b6fa51730c","process::DimUpdate - Production Order","CREATES_ATTRIBUTE","attribute","attribute::Production Order.Order","tm1_ti_parser","ATTRInsert","UNRESOLVED","1"
"UNRESOLVED_DYNAMIC_REFERENCE","4e87446dafde048bcb1006f9","process::DimUpdate - Production Order","CREATES_ATTRIBUTE","attribute","attribute::Production Order.Order Adj","tm1_ti_parser","ATTRInsert","UNRESOLVED","1"
"UNRESOLVED_DYNAMIC_REFERENCE","4338753fddefda5b90ae3cac","process::DimUpdate - Production Order","CREATES_ATTRIBUTE","attribute","attribute::Production Order.Plant","tm1_ti_parser","ATTRInsert","UNRESOLVED","1"
"UNRESOLVED_DYNAMIC_REFERENCE","8b296c110654edb3fa5ce3b2","process::DimUpdate - Production Order","CREATES_ATTRIBUTE","attribute","attribute::Production Order.Profit Ctr","tm1_ti_parser","ATTRInsert","UNRESOLVED","1"
"UNRESOLVED_DYNAMIC_REFERENCE","0c67f934712c95ceee5ba0c8","process::DimUpdate - Production Order","CREATES_ATTRIBUTE","attribute","attribute::Production Order.Type","tm1_ti_parser","ATTRInsert","UNRESOLVED","1"
"UNRESOLVED_DYNAMIC_REFERENCE","b94cae30c668da98620c7893","process::DimUpdate - Production Order","CREATES_ATTRIBUTE","attribute","attribute::Production Order.WBS Element","tm1_ti_parser","ATTRInsert","UNRESOLVED","1"
"UNRESOLVED_DYNAMIC_REFERENCE","b99d848c693ac96ba52cd197","process::DimUpdate - Profit Center","CREATES_ATTRIBUTE","attribute","attribute::Profit Center.CAPTION","tm1_ti_parser","AttrInsert","UNRESOLVED","1"
"UNRESOLVED_DYNAMIC_REFERENCE","33aa9c50dd596715ec8bbad4","process::DimUpdate - Profit Center","WRITES_ATTRIBUTE","attribute","attribute::Profit Center.CAPTION","tm1_ti_parser","AttrPutS","UNRESOLVED","1"
"UNRESOLVED_DYNAMIC_REFERENCE","ac138c6bac3c8024ee1c610e","process::DimUpdate - Profit Center","WRITES_ATTRIBUTE","attribute","attribute::Profit Center.CoCd","tm1_ti_parser","AttrPutS","UNRESOLVED","1"
"UNRESOLVED_DYNAMIC_REFERENCE","f48ff1d2698cec1e57f3d8ef","process::DimUpdate - Profit Center","CREATES_ATTRIBUTE","attribute","attribute::Profit Center.CoCd","tm1_ti_parser","AttrInsert","UNRESOLVED","1"
"UNRESOLVED_DYNAMIC_REFERENCE","b24ef954f8f223e5b9a8db86","process::DimUpdate - Profit Center","WRITES_ATTRIBUTE","attribute","attribute::Profit Center.Description","tm1_ti_parser","AttrPutS","UNRESOLVED","1"
"UNRESOLVED_DYNAMIC_REFERENCE","81aeb5250a159a20393e228a","process::DimUpdate - Profit Center","CREATES_ATTRIBUTE","attribute","attribute::Profit Center.Description","tm1_ti_parser","AttrInsert","UNRESOLVED","1"
"UNRESOLVED_DYNAMIC_REFERENCE","39259b43fa1e9c9b4d27fff4","process::DimUpdate - Profit Center","CREATES_ATTRIBUTE","attribute","attribute::Profit Center.Hierarchy Area","tm1_ti_parser","AttrInsert","UNRESOLVED","1"
"UNRESOLVED_DYNAMIC_REFERENCE","dcddf36b96c1f10d662adc5f","process::DimUpdate - Profit Center","WRITES_ATTRIBUTE","attribute","attribute::Profit Center.Hierarchy Area","tm1_ti_parser","AttrPutS","UNRESOLVED","1"
"UNRESOLVED_DYNAMIC_REFERENCE","57988eb93d02d09ce7221432","process::DimUpdate - Profit Center","CREATES_ATTRIBUTE","attribute","attribute::Profit Center.Lock Indicator","tm1_ti_parser","AttrInsert","UNRESOLVED","1"
"UNRESOLVED_DYNAMIC_REFERENCE","c09909f232532100a2ee0076","process::DimUpdate - Profit Center","WRITES_ATTRIBUTE","attribute","attribute::Profit Center.Lock Indicator","tm1_ti_parser","ATTRPutS","UNRESOLVED","1"
"UNRESOLVED_DYNAMIC_REFERENCE","6eaf6b55399e1378266a54b6","process::DimUpdate - Profit Center - SAP Hierarchy","CREATES_ATTRIBUTE","attribute","attribute::Profit Center.Order Adj","tm1_ti_parser","AttrInsert","UNRESOLVED","1"
"UNRESOLVED_DYNAMIC_REFERENCE","9443a03115076f3fed6c140e","process::DimUpdate - Profit Center","WRITES_ATTRIBUTE","attribute","attribute::Profit Center.Profit Ctr","tm1_ti_parser","AttrPutS","UNRESOLVED","1"
"UNRESOLVED_DYNAMIC_REFERENCE","61203fe82f499b1bee64b8b3","process::DimUpdate - Profit Center","CREATES_ATTRIBUTE","attribute","attribute::Profit Center.Profit Ctr","tm1_ti_parser","AttrInsert","UNRESOLVED","1"
"UNRESOLVED_DYNAMIC_REFERENCE","dcd26e34dedc457d347efcff","process::DimUpdate - Profit Center - SAP Hierarchy","CREATES_ATTRIBUTE","attribute","attribute::Profit Center.sHier | ' Parent'","tm1_ti_parser","AttrInsert","UNRESOLVED","1"
"UNRESOLVED_DYNAMIC_REFERENCE","5832d3da26c88512fc0c2711","process::DimUpdate - Profit Center","CREATES_ATTRIBUTE","attribute","attribute::Profit Center.Tax Jusrisdiction","tm1_ti_parser","AttrInsert","UNRESOLVED","1"
"UNRESOLVED_DYNAMIC_REFERENCE","c29da3be5778d3cce291b576","process::DimUpdate - Profit Center","WRITES_ATTRIBUTE","attribute","attribute::Profit Center.Tax Jusrisdiction","tm1_ti_parser","AttrPutS","UNRESOLVED","1"
"UNRESOLVED_DYNAMIC_REFERENCE","45e55682dd971dcdf7c6efe4","process::DimUpdate - Profit Center","CREATES_ATTRIBUTE","attribute","attribute::Profit Center.Valid From","tm1_ti_parser","AttrInsert","UNRESOLVED","1"
"UNRESOLVED_DYNAMIC_REFERENCE","25728979cabc26480be4c03c","process::DimUpdate - Profit Center","READS_ATTRIBUTE","attribute","attribute::Profit Center.Valid From","tm1_ti_parser","Attrs","UNRESOLVED","1"
"UNRESOLVED_DYNAMIC_REFERENCE","39814a994aacfad4c72ca921","process::DimUpdate - Profit Center","WRITES_ATTRIBUTE","attribute","attribute::Profit Center.Valid From","tm1_ti_parser","ATTRPutS","UNRESOLVED","1"
"UNRESOLVED_DYNAMIC_REFERENCE","f89913b79d31e6b488e18f9b","process::DimUpdate - Profit Center","WRITES_ATTRIBUTE","attribute","attribute::Profit Center.Valid To","tm1_ti_parser","ATTRPutS","UNRESOLVED","1"
"UNRESOLVED_DYNAMIC_REFERENCE","1cce22a5d297532e9a3febdf","process::DimUpdate - Profit Center","CREATES_ATTRIBUTE","attribute","attribute::Profit Center.Valid To","tm1_ti_parser","AttrInsert","UNRESOLVED","1"
"UNRESOLVED_DYNAMIC_REFERENCE","41ef240b57ec336df246b897","process::Sys_Dim_Clone","READS_ATTRIBUTE","attribute","attribute::pSourceDim.sAttrName","tm1_ti_parser",,"UNRESOLVED","2"
"UNRESOLVED_DYNAMIC_REFERENCE","d0488ce77756f1ebd5a74b09","process::Sys_Dim_Create_Derived_Dim_FromAttribute","READS_ATTRIBUTE","attribute","attribute::pSrcDim.pAttribute","tm1_ti_parser",,"UNRESOLVED","2"
"UNRESOLVED_DYNAMIC_REFERENCE","87a9a343e15c68ecf77300f4","process::Sys_Dim_Create_Derived_Dim_FromAttributeList","READS_ATTRIBUTE","attribute","attribute::pSrcDim.pAttribute","tm1_ti_parser",,"UNRESOLVED","2"
"UNRESOLVED_DYNAMIC_REFERENCE","3f9d44910c33628bffa96816","process::Sys_Dim_Copy_Attributes","READS_ATTRIBUTE","attribute","attribute::pSrcDim.sThisAttr","tm1_ti_parser","ATTRS","UNRESOLVED","1"
"UNRESOLVED_DYNAMIC_REFERENCE","ea594bcb3204e50853d4bb64","process::Sys_Dim_Clone","WRITES_ATTRIBUTE","attribute","attribute::pTargetDim.sAttrName","tm1_ti_parser",,"UNRESOLVED","2"
"UNRESOLVED_DYNAMIC_REFERENCE","0ceff2b7505d6abbae5a6f23","process::Sys_Dim_Clone","CREATES_ATTRIBUTE","attribute","attribute::pTargetDim.sAttrName","tm1_ti_parser","AttrInsert","UNRESOLVED","1"
"UNRESOLVED_DYNAMIC_REFERENCE","f16ca50c1aee5ed32da130fd","process::Sys_Generic_Alternate Dimension Hierarchies","READS_ATTRIBUTE","attribute","attribute::pTgtDim.pSrcDim","tm1_ti_parser","Attrs","UNRESOLVED","1"
"UNRESOLVED_DYNAMIC_REFERENCE","d7d18a6ecb492df3f460234c","process::Sys_Dim_Export_To_File","READS_ATTRIBUTE","attribute","attribute::sDim.vAttrName","tm1_ti_parser",,"UNRESOLVED","2"
"UNRESOLVED_DYNAMIC_REFERENCE","ff6c62e1064579bad29ed69e","process::Sys_Generic_Parent Child Dimension","WRITES_ATTRIBUTE","attribute","attribute::sTgtDim.CAPTION","tm1_ti_parser","ATTRPUTS","UNRESOLVED","1"
"UNRESOLVED_DYNAMIC_REFERENCE","bf84957442ff70f2a75c712a","process::DataUpdate - Project Spending - Validation","WRITES_ATTRIBUTE","attribute","attribute::SYS AFE Validation.Inv Profile","tm1_ti_parser","AttrPutS","UNRESOLVED","1"
"UNRESOLVED_DYNAMIC_REFERENCE","73c1cf4aee9c203047f20357","process::DataUpdate - Project Spending - Validation","CREATES_ATTRIBUTE","attribute","attribute::SYS AFE Validation.Inv Profile","tm1_ti_parser","AttrInsert","UNRESOLVED","1"
"UNRESOLVED_DYNAMIC_REFERENCE","ce4c5b5a8ba5063cb59e560c","process::DataUpdate - Project Spending - Validation - Manual","WRITES_ATTRIBUTE","attribute","attribute::SYS AFE Validation.Inv Profile","tm1_ti_parser","AttrPutS","UNRESOLVED","1"
"UNRESOLVED_DYNAMIC_REFERENCE","ca8c5f8d883a728ebc66af0e","process::DataUpdate - Project Spending - Validation - Manual","CREATES_ATTRIBUTE","attribute","attribute::SYS AFE Validation.Inv Profile","tm1_ti_parser","AttrInsert","UNRESOLVED","1"
"UNRESOLVED_DYNAMIC_REFERENCE","7bbb4e573708bb361ba766a2","process::DataUpdate - Project Spending - Validation EMail","READS_ATTRIBUTE","attribute","attribute::SYS AFE Validation.Inv Profile","tm1_ti_parser","ATTRS","UNRESOLVED","1"
"UNRESOLVED_DYNAMIC_REFERENCE","60599c2103c3ef1836b60d1e","process::DataUpdate - SYS BS Account Hierarchy","CREATES_ATTRIBUTE","attribute","attribute::SYS BS Account Hierarchy.sHierName | ' ID'","tm1_ti_parser","AttrInsert","UNRESOLVED","1"
"UNRESOLVED_DYNAMIC_REFERENCE","f322b12b4499ee43fc8caaae","process::DataUpdate - SYS BS Account Hierarchy","WRITES_ATTRIBUTE","attribute","attribute::SYS BS Account Hierarchy.sHierName | ' ID'","tm1_ti_parser","ATTRPUTS","UNRESOLVED","1"
"UNRESOLVED_DYNAMIC_REFERENCE","850514158eaefea32811e1fe","process::DimUpdate - Company - SAP Hierarchy","READS_ATTRIBUTE","attribute","attribute::SYS Company Hierarchy.CAPTION","tm1_ti_parser","CellGetS","UNRESOLVED","1"
"UNRESOLVED_DYNAMIC_REFERENCE","5d60ed1a7fef7718307f1b86","process::DimUpdate - SYS Company Hierarchy","READS_ATTRIBUTE","attribute","attribute::SYS Company Hierarchy.Caption","tm1_ti_parser","ATTRS","UNRESOLVED","1"
"UNRESOLVED_DYNAMIC_REFERENCE","fe02cb9ed1f75e12855f8df9","process::DimUpdate - SYS Company Hierarchy","WRITES_ATTRIBUTE","attribute","attribute::SYS Company Hierarchy.CAPTION","tm1_ti_parser","AttrPutS","UNRESOLVED","1"
"UNRESOLVED_DYNAMIC_REFERENCE","070f663a3dfaeb685841eb5c","process::DimUpdate - SYS Company Hierarchy","CREATES_ATTRIBUTE","attribute","attribute::SYS Company Hierarchy.CAPTION","tm1_ti_parser","AttrInsert","UNRESOLVED","1"
"UNRESOLVED_DYNAMIC_REFERENCE","c1d531eec85f187f48fda2b1","process::DimUpdate - SYS Company Hierarchy","CREATES_ATTRIBUTE","attribute","attribute::SYS Company Hierarchy.HIER_HID | ' Description'","tm1_ti_parser","AttrInsert","UNRESOLVED","1"
"UNRESOLVED_DYNAMIC_REFERENCE","2965710dfae6c1f20ca3ad27","process::DimUpdate - SYS Company Hierarchy","WRITES_ATTRIBUTE","attribute","attribute::SYS Company Hierarchy.HIER_HID | ' Description'","tm1_ti_parser","AttrPutS","UNRESOLVED","1"
"UNRESOLVED_DYNAMIC_REFERENCE","109e591478cc3c2df754f41d","process::DimUpdate - SYS Company Hierarchy","CREATES_ATTRIBUTE","attribute","attribute::SYS Company Hierarchy.HIER_HID | ' ID'","tm1_ti_parser","AttrInsert","UNRESOLVED","1"
"UNRESOLVED_DYNAMIC_REFERENCE","1d44964c790cd1177c646186","process::DimUpdate - SYS Company Hierarchy","WRITES_ATTRIBUTE","attribute","attribute::SYS Company Hierarchy.HIER_HID | ' ID'","tm1_ti_parser","AttrPutS","UNRESOLVED","1"
"UNRESOLVED_DYNAMIC_REFERENCE","ecb36b53fbddeddf69b93b5c","process::DimUpdate - SYS Company Hierarchy","CREATES_ATTRIBUTE","attribute","attribute::SYS Company Hierarchy.HIER_HID | ' Parent'","tm1_ti_parser","AttrInsert","UNRESOLVED","1"
"UNRESOLVED_DYNAMIC_REFERENCE","0170e73cd3233351054a442a","process::DimUpdate - SYS Company Hierarchy","WRITES_ATTRIBUTE","attribute","attribute::SYS Company Hierarchy.HIER_HID | ' Parent'","tm1_ti_parser","AttrPutS","UNRESOLVED","1"
"UNRESOLVED_DYNAMIC_REFERENCE","bebe9d6b025755e0a8422dae","process::DimUpdate - SYS Company Hierarchy","WRITES_ATTRIBUTE","attribute","attribute::SYS Company Hierarchy.HIER_HID | ' Sequence Number'","tm1_ti_parser","AttrPutS","UNRESOLVED","1"
"UNRESOLVED_DYNAMIC_REFERENCE","322b79f996feb8a1c3022f9d","process::DimUpdate - SYS Company Hierarchy","CREATES_ATTRIBUTE","attribute","attribute::SYS Company Hierarchy.HIER_HID | ' Sequence Number'","tm1_ti_parser","AttrInsert","UNRESOLVED","1"
"UNRESOLVED_DYNAMIC_REFERENCE","0a61c89dc3953c198e452041","process::DimUpdate - Company - SAP Hierarchy","READS_ATTRIBUTE","attribute","attribute::SYS Company Hierarchy.sHier | ' Description'","tm1_ti_parser","CellGetS","UNRESOLVED","1"
"UNRESOLVED_DYNAMIC_REFERENCE","26fe23fe310a3fc8769b6d86","process::DimUpdate - Company - SAP Hierarchy","READS_ATTRIBUTE","attribute","attribute::SYS Company Hierarchy.sHier | ' Parent'","tm1_ti_parser","CellGetS","UNRESOLVED","1"
"UNRESOLVED_DYNAMIC_REFERENCE","fd509d521589f897a35e21ec","process::DimUpdate - Company - SAP Hierarchy","READS_ATTRIBUTE","attribute","attribute::SYS Company Hierarchy.sHier | ' Sequence Number'","tm1_ti_parser","CellGetS","UNRESOLVED","1"
"UNRESOLVED_DYNAMIC_REFERENCE","0a03ce78878cbe3c0aff3869","process::DimUpdate - SYS Company Hierarchy","READS_ATTRIBUTE","attribute","attribute::SYS Company Hierarchy.SUBST ( sHier, 1, long(sHier)-3) | ' Parent'","tm1_ti_parser","ATTRS","UNRESOLVED","1"
"UNRESOLVED_DYNAMIC_REFERENCE","614474ebfe83df871d3fc598","process::DataUpdate - SYS Cost Center Hierarchy","WRITES_ATTRIBUTE","attribute","attribute::SYS Cost Center Hierarchy.CAPTION","tm1_ti_parser","AttrPutS","UNRESOLVED","2"
"UNRESOLVED_DYNAMIC_REFERENCE","b853ec166b67d4120d454116","process::DimUpdate - Cost Center - SAP Hierarchy","READS_ATTRIBUTE","attribute","attribute::SYS Cost Center Hierarchy.CAPTION","tm1_ti_parser","CellGetS","UNRESOLVED","1"
"UNRESOLVED_DYNAMIC_REFERENCE","8c69c950667c577bdef23388","process::DimUpdate - Plant Assessment Cost Object - SAP Hierarchy","READS_ATTRIBUTE","attribute","attribute::SYS Cost Center Hierarchy.CAPTION","tm1_ti_parser","CellGetS","UNRESOLVED","1"
"UNRESOLVED_DYNAMIC_REFERENCE","ec6524323bcb4d09b4b01513","process::DataUpdate - SYS Cost Center Hierarchy","WRITES_ATTRIBUTE","attribute","attribute::SYS Cost Center Hierarchy.Description","tm1_ti_parser","AttrPutS","UNRESOLVED","2"
"UNRESOLVED_DYNAMIC_REFERENCE","be8d6e64f6c2df670152db7d","process::DataUpdate - SYS Cost Center Hierarchy","CREATES_ATTRIBUTE","attribute","attribute::SYS Cost Center Hierarchy.Description","tm1_ti_parser","AttrInsert","UNRESOLVED","1"
"UNRESOLVED_DYNAMIC_REFERENCE","31ac78049569d624cabe6673","process::DimUpdate - Cost Center - SAP Hierarchy","READS_ATTRIBUTE","attribute","attribute::SYS Cost Center Hierarchy.Description","tm1_ti_parser","CellGetS","UNRESOLVED","1"
"UNRESOLVED_DYNAMIC_REFERENCE","de6f08c63d0470afd65a5958","process::DimUpdate - Plant Assessment Cost Object - SAP Hierarchy","READS_ATTRIBUTE","attribute","attribute::SYS Cost Center Hierarchy.Description","tm1_ti_parser","CellGetS","UNRESOLVED","1"
"UNRESOLVED_DYNAMIC_REFERENCE","cfeaa09bd61f54aff3dab37f","process::DataUpdate - SYS Cost Center Hierarchy","WRITES_ATTRIBUTE","attribute","attribute::SYS Cost Center Hierarchy.Sequence Number","tm1_ti_parser","AttrPutS","UNRESOLVED","1"
"UNRESOLVED_DYNAMIC_REFERENCE","26cd2294e005ca6a4c5abb67","process::DimUpdate - Cost Center - SAP Hierarchy","READS_ATTRIBUTE","attribute","attribute::SYS Cost Center Hierarchy.Sequence Number","tm1_ti_parser","CellGetS","UNRESOLVED","1"
"UNRESOLVED_DYNAMIC_REFERENCE","2e4904d7c5e2a86c7c0264da","process::DimUpdate - Plant Assessment Cost Object - SAP Hierarchy","READS_ATTRIBUTE","attribute","attribute::SYS Cost Center Hierarchy.Sequence Number","tm1_ti_parser","CellGetS","UNRESOLVED","1"
"UNRESOLVED_DYNAMIC_REFERENCE","3942971f6a89a9db27b63154","process::DimUpdate - Functional Area - SAP Hierarchy Import","READS_ATTRIBUTE","attribute","attribute::SYS Func Area Hierarchy.CAPTION","tm1_ti_parser","CellGetS","UNRESOLVED","1"
"UNRESOLVED_DYNAMIC_REFERENCE","0c0db7ef60d48dbf28186a81","process::DimUpdate - SYS Func Area Hierarchy","READS_ATTRIBUTE","attribute","attribute::SYS Func Area Hierarchy.Caption","tm1_ti_parser","ATTRS","UNRESOLVED","1"
"UNRESOLVED_DYNAMIC_REFERENCE","5ab932423d6d36f6e13e8380","process::DimUpdate - SYS Func Area Hierarchy","WRITES_ATTRIBUTE","attribute","attribute::SYS Func Area Hierarchy.CAPTION","tm1_ti_parser","AttrPutS","UNRESOLVED","1"
"UNRESOLVED_DYNAMIC_REFERENCE","172271353ecb8b116bdb64e4","process::DimUpdate - SYS Func Area Hierarchy","CREATES_ATTRIBUTE","attribute","attribute::SYS Func Area Hierarchy.CAPTION","tm1_ti_parser","AttrInsert","UNRESOLVED","1"
"UNRESOLVED_DYNAMIC_REFERENCE","ede89120eb5dce33bba2b504","process::DimUpdate - SYS Func Area Hierarchy","WRITES_ATTRIBUTE","attribute","attribute::SYS Func Area Hierarchy.FUNCTALAREAHIE | ' Description'","tm1_ti_parser","AttrPutS","UNRESOLVED","1"
"UNRESOLVED_DYNAMIC_REFERENCE","8389a760fe45814885add808","process::DimUpdate - SYS Func Area Hierarchy","CREATES_ATTRIBUTE","attribute","attribute::SYS Func Area Hierarchy.FUNCTALAREAHIE | ' Description'","tm1_ti_parser","AttrInsert","UNRESOLVED","1"
"UNRESOLVED_DYNAMIC_REFERENCE","c719f2a9c3505cb29bc6db47","process::DimUpdate - SYS Func Area Hierarchy","WRITES_ATTRIBUTE","attribute","attribute::SYS Func Area Hierarchy.FUNCTALAREAHIE | ' Hierarchy Level'","tm1_ti_parser","AttrPutS","UNRESOLVED","1"
"UNRESOLVED_DYNAMIC_REFERENCE","4887bb982ab1f58c7cd4398c","process::DimUpdate - SYS Func Area Hierarchy","CREATES_ATTRIBUTE","attribute","attribute::SYS Func Area Hierarchy.FUNCTALAREAHIE | ' Hierarchy Level'","tm1_ti_parser","AttrInsert","UNRESOLVED","1"
"UNRESOLVED_DYNAMIC_REFERENCE","54273db2591918ace5e4cbf3","process::DimUpdate - SYS Func Area Hierarchy","WRITES_ATTRIBUTE","attribute","attribute::SYS Func Area Hierarchy.FUNCTALAREAHIE | ' ID'","tm1_ti_parser","AttrPutS","UNRESOLVED","1"
"UNRESOLVED_DYNAMIC_REFERENCE","80909c4e74201103d3e77119","process::DimUpdate - SYS Func Area Hierarchy","CREATES_ATTRIBUTE","attribute","attribute::SYS Func Area Hierarchy.FUNCTALAREAHIE | ' ID'","tm1_ti_parser","AttrInsert","UNRESOLVED","1"
"UNRESOLVED_DYNAMIC_REFERENCE","88bc1481565f7b2be0ebf481","process::DimUpdate - SYS Func Area Hierarchy","CREATES_ATTRIBUTE","attribute","attribute::SYS Func Area Hierarchy.FUNCTALAREAHIE | ' Parent'","tm1_ti_parser","AttrInsert","UNRESOLVED","1"
"UNRESOLVED_DYNAMIC_REFERENCE","ecfc051dba67d1156673c382","process::DimUpdate - SYS Func Area Hierarchy","WRITES_ATTRIBUTE","attribute","attribute::SYS Func Area Hierarchy.FUNCTALAREAHIE | ' Parent'","tm1_ti_parser","AttrPutS","UNRESOLVED","1"
"UNRESOLVED_DYNAMIC_REFERENCE","f0cfa19767b4d943518a3ad2","process::DimUpdate - SYS Func Area Hierarchy","CREATES_ATTRIBUTE","attribute","attribute::SYS Func Area Hierarchy.FUNCTALAREAHIE | ' Sequence Number'","tm1_ti_parser","AttrInsert","UNRESOLVED","1"
"UNRESOLVED_DYNAMIC_REFERENCE","89164da0682a7ef679b78cd6","process::DimUpdate - SYS Func Area Hierarchy","WRITES_ATTRIBUTE","attribute","attribute::SYS Func Area Hierarchy.FUNCTALAREAHIE | ' Sequence Number'","tm1_ti_parser","AttrPutS","UNRESOLVED","1"
"UNRESOLVED_DYNAMIC_REFERENCE","105b49adf03ba9a559915beb","process::DimUpdate - SYS Func Area Hierarchy","WRITES_ATTRIBUTE","attribute","attribute::SYS Func Area Hierarchy.FUNCTALAREAHIE | ' Sort Order'","tm1_ti_parser","AttrPutS","UNRESOLVED","1"
"UNRESOLVED_DYNAMIC_REFERENCE","226d4eb9c1b06730753e8f05","process::DimUpdate - SYS Func Area Hierarchy","CREATES_ATTRIBUTE","attribute","attribute::SYS Func Area Hierarchy.FUNCTALAREAHIE | ' Sort Order'","tm1_ti_parser","AttrInsert","UNRESOLVED","1"
"UNRESOLVED_DYNAMIC_REFERENCE","79ffd1907934ddb58f7885d7","process::DimUpdate - Functional Area - SAP Hierarchy Import","READS_ATTRIBUTE","attribute","attribute::SYS Func Area Hierarchy.H112/'| pHierarchy | ' Description","tm1_ti_parser","CellGetS","UNRESOLVED","1"
"UNRESOLVED_DYNAMIC_REFERENCE","af8b3fe88d8b815ba02d4b10","process::DimUpdate - Functional Area - SAP Hierarchy Import","READS_ATTRIBUTE","attribute","attribute::SYS Func Area Hierarchy.H112/'| pHierarchy | ' Parent","tm1_ti_parser","CellGetS","UNRESOLVED","2"
"UNRESOLVED_DYNAMIC_REFERENCE","83b34807e00686b5544601bb","process::DimUpdate - Functional Area - SAP Hierarchy Import","READS_ATTRIBUTE","attribute","attribute::SYS Func Area Hierarchy.H112/'| pHierarchy | ' Sequence Number","tm1_ti_parser","CellGetS","UNRESOLVED","1"
"UNRESOLVED_DYNAMIC_REFERENCE","a9276cfe682fb3d424b83183","process::DimUpdate - SYS Func Area Hierarchy","READS_ATTRIBUTE","attribute","attribute::SYS Func Area Hierarchy.SUBST ( sHier, 1, long(sHier)-3) | ' Parent'","tm1_ti_parser","ATTRS","UNRESOLVED","1"
"UNRESOLVED_DYNAMIC_REFERENCE","de3a0738ab970085ea2bb928","process::DimUpdate - SYS Functional Area Hierarchy","READS_ATTRIBUTE","attribute","attribute::SYS Functional Area Hierarchy.Caption","tm1_ti_parser","ATTRS","UNRESOLVED","1"
"UNRESOLVED_DYNAMIC_REFERENCE","80e9a8de3d7370026a77cb83","process::DimUpdate - SYS Functional Area Hierarchy","WRITES_ATTRIBUTE","attribute","attribute::SYS Functional Area Hierarchy.CAPTION","tm1_ti_parser","AttrPutS","UNRESOLVED","1"
"UNRESOLVED_DYNAMIC_REFERENCE","25664244cd56782385109ba1","process::DimUpdate - SYS Functional Area Hierarchy","CREATES_ATTRIBUTE","attribute","attribute::SYS Functional Area Hierarchy.CAPTION","tm1_ti_parser","AttrInsert","UNRESOLVED","1"
"UNRESOLVED_DYNAMIC_REFERENCE","bdce9a79d4ab3ba50e48fa5c","process::DimUpdate - SYS Functional Area Hierarchy","CREATES_ATTRIBUTE","attribute","attribute::SYS Functional Area Hierarchy.HIER_HID | ' Description'","tm1_ti_parser","AttrInsert","UNRESOLVED","1"
"UNRESOLVED_DYNAMIC_REFERENCE","38912e2d7fab9ed48ef30be4","process::DimUpdate - SYS Functional Area Hierarchy","WRITES_ATTRIBUTE","attribute","attribute::SYS Functional Area Hierarchy.HIER_HID | ' Description'","tm1_ti_parser","AttrPutS","UNRESOLVED","1"
"UNRESOLVED_DYNAMIC_REFERENCE","d40cb7363359da87622e2928","process::DimUpdate - SYS Functional Area Hierarchy","CREATES_ATTRIBUTE","attribute","attribute::SYS Functional Area Hierarchy.HIER_HID | ' ID'","tm1_ti_parser","AttrInsert","UNRESOLVED","1"
"UNRESOLVED_DYNAMIC_REFERENCE","4277649fd4d5bb800666b8b7","process::DimUpdate - SYS Functional Area Hierarchy","WRITES_ATTRIBUTE","attribute","attribute::SYS Functional Area Hierarchy.HIER_HID | ' ID'","tm1_ti_parser","AttrPutS","UNRESOLVED","1"
"UNRESOLVED_DYNAMIC_REFERENCE","223e5ea0819cb6d2fa2dc272","process::DimUpdate - SYS Functional Area Hierarchy","CREATES_ATTRIBUTE","attribute","attribute::SYS Functional Area Hierarchy.HIER_HID | ' Parent'","tm1_ti_parser","AttrInsert","UNRESOLVED","1"
"UNRESOLVED_DYNAMIC_REFERENCE","a949f2654a21e54f2e8dbc67","process::DimUpdate - SYS Functional Area Hierarchy","WRITES_ATTRIBUTE","attribute","attribute::SYS Functional Area Hierarchy.HIER_HID | ' Parent'","tm1_ti_parser","AttrPutS","UNRESOLVED","1"
"UNRESOLVED_DYNAMIC_REFERENCE","2728d712d1127d0a131745c3","process::DimUpdate - SYS Functional Area Hierarchy","CREATES_ATTRIBUTE","attribute","attribute::SYS Functional Area Hierarchy.HIER_HID | ' Sequence Number'","tm1_ti_parser","AttrInsert","UNRESOLVED","1"
"UNRESOLVED_DYNAMIC_REFERENCE","fd0ff990e09314a67db05ae7","process::DimUpdate - SYS Functional Area Hierarchy","WRITES_ATTRIBUTE","attribute","attribute::SYS Functional Area Hierarchy.HIER_HID | ' Sequence Number'","tm1_ti_parser","AttrPutS","UNRESOLVED","1"
"UNRESOLVED_DYNAMIC_REFERENCE","af8205f5d7090cb4360d9b73","process::DimUpdate - SYS Functional Area Hierarchy","READS_ATTRIBUTE","attribute","attribute::SYS Functional Area Hierarchy.SUBST ( sHier, 1, long(sHier)-3) | ' Parent'","tm1_ti_parser","ATTRS","UNRESOLVED","1"
"UNRESOLVED_DYNAMIC_REFERENCE","2707f55bd1dc7882f37fe744","process::DataUpdate - SYS GL Account Hierarchy","WRITES_ATTRIBUTE","attribute","attribute::SYS GL Account Hierarchy.CAPTION","tm1_ti_parser","ATTRPUTS","UNRESOLVED","1"
"UNRESOLVED_DYNAMIC_REFERENCE","887d684bca3a7d2141b8206a","process::DataUpdate - SYS GL Account Hierarchy","CREATES_ATTRIBUTE","attribute","attribute::SYS GL Account Hierarchy.CAPTION","tm1_ti_parser","AttrInsert","UNRESOLVED","1"
"UNRESOLVED_DYNAMIC_REFERENCE","f2edcf57a482b840934d15fb","process::DataUpdate - SYS GL Account Hierarchy","WRITES_ATTRIBUTE","attribute","attribute::SYS GL Account Hierarchy.CODE","tm1_ti_parser","ATTRPUTS","UNRESOLVED","4"
"UNRESOLVED_DYNAMIC_REFERENCE","821a1656789aa7aac6101cd0","process::DataUpdate - SYS GL Account Hierarchy","CREATES_ATTRIBUTE","attribute","attribute::SYS GL Account Hierarchy.CODE","tm1_ti_parser","AttrInsert","UNRESOLVED","1"
"UNRESOLVED_DYNAMIC_REFERENCE","5d981729f3d1081ec98df665","process::DataUpdate - SYS GL Account Hierarchy","CREATES_ATTRIBUTE","attribute","attribute::SYS GL Account Hierarchy.OXY2 ID","tm1_ti_parser","AttrInsert","UNRESOLVED","1"
"UNRESOLVED_DYNAMIC_REFERENCE","52137a39c5653d90a7c27cf3","process::DataUpdate - SYS GL Account Hierarchy","WRITES_ATTRIBUTE","attribute","attribute::SYS GL Account Hierarchy.sHierName | ' ID'","tm1_ti_parser","ATTRPUTS","UNRESOLVED","1"
"UNRESOLVED_DYNAMIC_REFERENCE","b353921a30b5dc7866293c90","process::DimUpdate - SYS Material Hierarchy","WRITES_ATTRIBUTE","attribute","attribute::SYS Material Hierarchy.Caption","tm1_ti_parser","AttrPutS","UNRESOLVED","2"
"UNRESOLVED_DYNAMIC_REFERENCE","5cd5c585755ff206feb82490","process::DimUpdate - SYS Material Hierarchy","CREATES_ATTRIBUTE","attribute","attribute::SYS Material Hierarchy.CAPTION","tm1_ti_parser","AttrInsert","UNRESOLVED","1"
"UNRESOLVED_DYNAMIC_REFERENCE","853331148bfa03e9a2da6d61","process::DataUpdate - Manufacturing Cost","READS_ATTRIBUTE","attribute","attribute::SYS Mfg Cost Account.Lookup","tm1_ti_parser","ATTRS","UNRESOLVED","1"
"UNRESOLVED_DYNAMIC_REFERENCE","0804d18021b164d7f6dab165","process::DataUpdate - Manufacturing Cost - BW","READS_ATTRIBUTE","attribute","attribute::SYS Mfg Cost Account.Lookup","tm1_ti_parser","ATTRS","UNRESOLVED","1"
"UNRESOLVED_DYNAMIC_REFERENCE","be0402488eb3fd647929a87b","process::zTemp_DataUpdate - Manufacturing Cost - BW","READS_ATTRIBUTE","attribute","attribute::SYS Mfg Cost Account.Lookup","tm1_ti_parser","ATTRS","UNRESOLVED","1"
"UNRESOLVED_DYNAMIC_REFERENCE","5345460f66730c3460d580ed","process::DataUpdate - Manufacturing Cost","READS_ATTRIBUTE","attribute","attribute::SYS Mfg Cost Account.Manufacturing Cost Object","tm1_ti_parser","ATTRS","UNRESOLVED","2"
"UNRESOLVED_DYNAMIC_REFERENCE","c949ba955a0b4957a6895d80","process::DataUpdate - Manufacturing Cost - BW","READS_ATTRIBUTE","attribute","attribute::SYS Mfg Cost Account.Manufacturing Cost Object","tm1_ti_parser","ATTRS","UNRESOLVED","2"
"UNRESOLVED_DYNAMIC_REFERENCE","f62619dd48b25498c5ca6671","process::zTemp_DataUpdate - Manufacturing Cost - BW","READS_ATTRIBUTE","attribute","attribute::SYS Mfg Cost Account.Manufacturing Cost Object","tm1_ti_parser","ATTRS","UNRESOLVED","2"
"UNRESOLVED_DYNAMIC_REFERENCE","ab657a96d6f2934312c5bd87","process::DataUpdate - Manufacturing Cost","READS_ATTRIBUTE","attribute","attribute::SYS Mfg Cost Account.Manufacturing Cost Type","tm1_ti_parser","ATTRS","UNRESOLVED","1"
"UNRESOLVED_DYNAMIC_REFERENCE","3f4e9843ac8c1ee6959912ab","process::DataUpdate - Manufacturing Cost - BW","READS_ATTRIBUTE","attribute","attribute::SYS Mfg Cost Account.Manufacturing Cost Type","tm1_ti_parser","ATTRS","UNRESOLVED","1"
"UNRESOLVED_DYNAMIC_REFERENCE","cf267caf66e5e07a9ba4c535","process::zTemp_DataUpdate - Manufacturing Cost - BW","READS_ATTRIBUTE","attribute","attribute::SYS Mfg Cost Account.Manufacturing Cost Type","tm1_ti_parser","ATTRS","UNRESOLVED","1"
"UNRESOLVED_DYNAMIC_REFERENCE","a2d252a827ec2fcd180c48c1","process::DataUpdate - SYS PL Account Hierarchy","WRITES_ATTRIBUTE","attribute","attribute::SYS PL Account Hierarchy.CAPTION","tm1_ti_parser","AttrPutS","UNRESOLVED","2"
"UNRESOLVED_DYNAMIC_REFERENCE","4ccabb477a6665b07553c741","process::DimUpdate - PL Account - SAP Hierarchy","READS_ATTRIBUTE","attribute","attribute::SYS PL Account Hierarchy.CAPTION","tm1_ti_parser","CellGetS","UNRESOLVED","1"
"UNRESOLVED_DYNAMIC_REFERENCE","27287049fc46dd53d62b768a","process::DataUpdate - SYS PL Account Hierarchy","CREATES_ATTRIBUTE","attribute","attribute::SYS PL Account Hierarchy.Description","tm1_ti_parser","AttrInsert","UNRESOLVED","1"
"UNRESOLVED_DYNAMIC_REFERENCE","d046832af726c5afd1a4f8f4","process::DataUpdate - SYS PL Account Hierarchy","WRITES_ATTRIBUTE","attribute","attribute::SYS PL Account Hierarchy.Description","tm1_ti_parser","AttrPutS","UNRESOLVED","2"
"UNRESOLVED_DYNAMIC_REFERENCE","74f23b9b9a8019bf63ebcc94","process::DimUpdate - PL Account - SAP Hierarchy","READS_ATTRIBUTE","attribute","attribute::SYS PL Account Hierarchy.Description","tm1_ti_parser","CellGetS","UNRESOLVED","1"
"UNRESOLVED_DYNAMIC_REFERENCE","8ef9dcfaf572fe0515e088e9","process::DataUpdate - SYS PL Account Hierarchy","WRITES_ATTRIBUTE","attribute","attribute::SYS PL Account Hierarchy.Sequence Number","tm1_ti_parser","AttrPutS","UNRESOLVED","1"
"UNRESOLVED_DYNAMIC_REFERENCE","b10c0385ade268fe31cf90d4","process::DimUpdate - PL Account - SAP Hierarchy","READS_ATTRIBUTE","attribute","attribute::SYS PL Account Hierarchy.Sequence Number","tm1_ti_parser","CellGetS","UNRESOLVED","1"
"UNRESOLVED_DYNAMIC_REFERENCE","4bb7a153f5d1783d2ea82988","process::DataUpdate - SYS Profit Center Hierarchy","WRITES_ATTRIBUTE","attribute","attribute::SYS Profit Center Hierarchy.CAPTION","tm1_ti_parser","AttrPutS","UNRESOLVED","2"
"UNRESOLVED_DYNAMIC_REFERENCE","b0d0b71c64f1abb1d75a0aa2","process::DimUpdate - Profit Center - SAP Hierarchy","READS_ATTRIBUTE","attribute","attribute::SYS Profit Center Hierarchy.CAPTION","tm1_ti_parser","CellGetS","UNRESOLVED","1"
"UNRESOLVED_DYNAMIC_REFERENCE","f6dbcab834589cc0da648c47","process::DataUpdate - SYS Profit Center Hierarchy","WRITES_ATTRIBUTE","attribute","attribute::SYS Profit Center Hierarchy.Description","tm1_ti_parser","AttrPutS","UNRESOLVED","2"
"UNRESOLVED_DYNAMIC_REFERENCE","95c0f6c276ac628e377e0b44","process::DataUpdate - SYS Profit Center Hierarchy","CREATES_ATTRIBUTE","attribute","attribute::SYS Profit Center Hierarchy.Description","tm1_ti_parser","AttrInsert","UNRESOLVED","1"
"UNRESOLVED_DYNAMIC_REFERENCE","8400a51181b6b403c6c241e8","process::DimUpdate - Profit Center - SAP Hierarchy","READS_ATTRIBUTE","attribute","attribute::SYS Profit Center Hierarchy.Description","tm1_ti_parser","CellGetS","UNRESOLVED","1"
"UNRESOLVED_DYNAMIC_REFERENCE","d071ad982d5ce18eb2f2d075","process::DataUpdate - SYS Profit Center Hierarchy","WRITES_ATTRIBUTE","attribute","attribute::SYS Profit Center Hierarchy.Sequence Number","tm1_ti_parser","AttrPutS","UNRESOLVED","1"
"UNRESOLVED_DYNAMIC_REFERENCE","1e61c721d2c93ffafc97bdb6","process::DimUpdate - Profit Center - SAP Hierarchy","READS_ATTRIBUTE","attribute","attribute::SYS Profit Center Hierarchy.Sequence Number","tm1_ti_parser","CellGetS","UNRESOLVED","1"
"UNRESOLVED_DYNAMIC_REFERENCE","6cdcfceec3f8f2780d842062","process::DataUpdate - Project Spending - Validation","CREATES_ATTRIBUTE","attribute","attribute::SYS WBS Validation.AFE Number Missing","tm1_ti_parser","AttrInsert","UNRESOLVED","1"
"UNRESOLVED_DYNAMIC_REFERENCE","6279d29475b0647f32e73298","process::DataUpdate - Project Spending - Validation","WRITES_ATTRIBUTE","attribute","attribute::SYS WBS Validation.AFE Number Missing","tm1_ti_parser","AttrPutS","UNRESOLVED","1"
"UNRESOLVED_DYNAMIC_REFERENCE","f543dec5028d9dfd22d26159","process::DataUpdate - Project Spending - Validation - Manual","WRITES_ATTRIBUTE","attribute","attribute::SYS WBS Validation.AFE Number Missing","tm1_ti_parser","AttrPutS","UNRESOLVED","1"
"UNRESOLVED_DYNAMIC_REFERENCE","e64ebada1d78686f1dc2f25c","process::DataUpdate - Project Spending - Validation - Manual","CREATES_ATTRIBUTE","attribute","attribute::SYS WBS Validation.AFE Number Missing","tm1_ti_parser","AttrInsert","UNRESOLVED","1"
"UNRESOLVED_DYNAMIC_REFERENCE","f4ab3523a23ce8f977626d4a","process::DataUpdate - Project Spending - Validation EMail","READS_ATTRIBUTE","attribute","attribute::SYS WBS Validation.AFE Number Missing","tm1_ti_parser","ATTRS","UNRESOLVED","1"
"UNRESOLVED_DYNAMIC_REFERENCE","a5b5fc1c4ab6f9acccb8b0c4","process::DataUpdate - Project Spending - Validation","WRITES_ATTRIBUTE","attribute","attribute::SYS WBS Validation.Approved Capital Curr Missing","tm1_ti_parser","AttrPutS","UNRESOLVED","1"
"UNRESOLVED_DYNAMIC_REFERENCE","89e998147c65fbff33f56a9b","process::DataUpdate - Project Spending - Validation","CREATES_ATTRIBUTE","attribute","attribute::SYS WBS Validation.Approved Capital Curr Missing","tm1_ti_parser","AttrInsert","UNRESOLVED","1"
"UNRESOLVED_DYNAMIC_REFERENCE","a9706b4f03d05e9df054ab92","process::DataUpdate - Project Spending - Validation - Manual","CREATES_ATTRIBUTE","attribute","attribute::SYS WBS Validation.Approved Capital Curr Missing","tm1_ti_parser","AttrInsert","UNRESOLVED","1"
"UNRESOLVED_DYNAMIC_REFERENCE","482d1745937219904eebe651","process::DataUpdate - Project Spending - Validation - Manual","WRITES_ATTRIBUTE","attribute","attribute::SYS WBS Validation.Approved Capital Curr Missing","tm1_ti_parser","AttrPutS","UNRESOLVED","1"
"UNRESOLVED_DYNAMIC_REFERENCE","44e25c2d119cdb1098053746","process::DataUpdate - Project Spending - Validation EMail","READS_ATTRIBUTE","attribute","attribute::SYS WBS Validation.Approved Capital Curr Missing","tm1_ti_parser","ATTRS","UNRESOLVED","1"
"UNRESOLVED_DYNAMIC_REFERENCE","01ecc9a2e2670a012bc9f8ef","process::DataUpdate - Project Spending - Validation","CREATES_ATTRIBUTE","attribute","attribute::SYS WBS Validation.Approved Expense Curr Missing","tm1_ti_parser","AttrInsert","UNRESOLVED","1"
"UNRESOLVED_DYNAMIC_REFERENCE","852392c301434078df76f9ec","process::DataUpdate - Project Spending - Validation","WRITES_ATTRIBUTE","attribute","attribute::SYS WBS Validation.Approved Expense Curr Missing","tm1_ti_parser","AttrPutS","UNRESOLVED","1"
"UNRESOLVED_DYNAMIC_REFERENCE","034e9085b4538a4198e6c5d2","process::DataUpdate - Project Spending - Validation - Manual","CREATES_ATTRIBUTE","attribute","attribute::SYS WBS Validation.Approved Expense Curr Missing","tm1_ti_parser","AttrInsert","UNRESOLVED","1"
"UNRESOLVED_DYNAMIC_REFERENCE","11c2838576e95de05492ae5d","process::DataUpdate - Project Spending - Validation - Manual","WRITES_ATTRIBUTE","attribute","attribute::SYS WBS Validation.Approved Expense Curr Missing","tm1_ti_parser","AttrPutS","UNRESOLVED","1"
"UNRESOLVED_DYNAMIC_REFERENCE","34e2591fd70695bcbdebbb31","process::DataUpdate - Project Spending - Validation EMail","READS_ATTRIBUTE","attribute","attribute::SYS WBS Validation.Approved Expense Curr Missing","tm1_ti_parser","ATTRS","UNRESOLVED","1"
"UNRESOLVED_DYNAMIC_REFERENCE","b714e864b7e391dd5c22726a","process::DataUpdate - Project Spending - Validation","WRITES_ATTRIBUTE","attribute","attribute::SYS WBS Validation.Investment Reason Missing","tm1_ti_parser","AttrPutS","UNRESOLVED","1"
"UNRESOLVED_DYNAMIC_REFERENCE","1272d7e14ee7a4d08a349076","process::DataUpdate - Project Spending - Validation","CREATES_ATTRIBUTE","attribute","attribute::SYS WBS Validation.Investment Reason Missing","tm1_ti_parser","AttrInsert","UNRESOLVED","1"
"UNRESOLVED_DYNAMIC_REFERENCE","8885d4a32083b81403797ad8","process::DataUpdate - Project Spending - Validation - Manual","CREATES_ATTRIBUTE","attribute","attribute::SYS WBS Validation.Investment Reason Missing","tm1_ti_parser","AttrInsert","UNRESOLVED","1"
"UNRESOLVED_DYNAMIC_REFERENCE","76c36e720e34d45a070dc76c","process::DataUpdate - Project Spending - Validation - Manual","WRITES_ATTRIBUTE","attribute","attribute::SYS WBS Validation.Investment Reason Missing","tm1_ti_parser","AttrPutS","UNRESOLVED","1"
"UNRESOLVED_DYNAMIC_REFERENCE","2380819b13ffe756a4e552b6","process::DataUpdate - Project Spending - Validation EMail","READS_ATTRIBUTE","attribute","attribute::SYS WBS Validation.Investment Reason Missing","tm1_ti_parser","ATTRS","UNRESOLVED","1"
"UNRESOLVED_DYNAMIC_REFERENCE","ff0571b44aa4e1e6e3ff1073","process::DataUpdate - Project Spending - Validation","WRITES_ATTRIBUTE","attribute","attribute::SYS WBS Validation.REA Number Missing","tm1_ti_parser","AttrPutS","UNRESOLVED","1"
"UNRESOLVED_DYNAMIC_REFERENCE","7b26588bf95257bb437ec01f","process::DataUpdate - Project Spending - Validation","CREATES_ATTRIBUTE","attribute","attribute::SYS WBS Validation.REA Number Missing","tm1_ti_parser","AttrInsert","UNRESOLVED","1"
"UNRESOLVED_DYNAMIC_REFERENCE","c0c9a67c6f922f8bc1282612","process::DataUpdate - Project Spending - Validation - Manual","WRITES_ATTRIBUTE","attribute","attribute::SYS WBS Validation.REA Number Missing","tm1_ti_parser","AttrPutS","UNRESOLVED","1"
"UNRESOLVED_DYNAMIC_REFERENCE","f19de74ba09166bd0df682e1","process::DataUpdate - Project Spending - Validation - Manual","CREATES_ATTRIBUTE","attribute","attribute::SYS WBS Validation.REA Number Missing","tm1_ti_parser","AttrInsert","UNRESOLVED","1"
"UNRESOLVED_DYNAMIC_REFERENCE","8ac279e90ed6340ee4a26146","process::DataUpdate - Project Spending - Validation EMail","READS_ATTRIBUTE","attribute","attribute::SYS WBS Validation.REA Number Missing","tm1_ti_parser","ATTRS","UNRESOLVED","1"
"UNRESOLVED_DYNAMIC_REFERENCE","2e3101ae6846b7a1b607f97e","process::DimUpdate - Turnaround and Other Project - ANLB","WRITES_ATTRIBUTE","attribute","attribute::Turnaround and Other Project.Amortization Period","tm1_ti_parser","AttrPutS","UNRESOLVED","1"
"UNRESOLVED_DYNAMIC_REFERENCE","3c9ac0b3e30d9abd445d8344","process::DimUpdate - Turnaround and Other Project","WRITES_ATTRIBUTE","attribute","attribute::Turnaround and Other Project.Approved Amount","tm1_ti_parser","ATTRPUTN","UNRESOLVED","1"
"UNRESOLVED_DYNAMIC_REFERENCE","fcc074a2fcf766aea03ed35a","process::DimUpdate - Turnaround and Other Project - PRPS","WRITES_ATTRIBUTE","attribute","attribute::Turnaround and Other Project.Approved Amount","tm1_ti_parser","AttrPutN","UNRESOLVED","1"
"UNRESOLVED_DYNAMIC_REFERENCE","c82433d57908022b99003282","process::DimUpdate - Turnaround and Other Project - ANLA","WRITES_ATTRIBUTE","attribute","attribute::Turnaround and Other Project.Asset SubNumber","tm1_ti_parser","AttrPutS","UNRESOLVED","1"
"UNRESOLVED_DYNAMIC_REFERENCE","7fe1abf33d709eb28b5ee811","process::DimUpdate - Turnaround and Other Project","WRITES_ATTRIBUTE","attribute","attribute::Turnaround and Other Project.CAPTION","tm1_ti_parser","ATTRPUTS","UNRESOLVED","5"
"UNRESOLVED_DYNAMIC_REFERENCE","df20a573d95a960815f125e4","process::DimUpdate - Turnaround and Other Project","WRITES_ATTRIBUTE","attribute","attribute::Turnaround and Other Project.Completion Date","tm1_ti_parser","ATTRPUTS","UNRESOLVED","1"
"UNRESOLVED_DYNAMIC_REFERENCE","03d5f60dda22f4a1c01dee36","process::DimUpdate - Turnaround and Other Project - PRPS","WRITES_ATTRIBUTE","attribute","attribute::Turnaround and Other Project.Completion Date","tm1_ti_parser","AttrPutS","UNRESOLVED","1"
"UNRESOLVED_DYNAMIC_REFERENCE","b2b545871aa4795a875628b5","process::DimUpdate - Turnaround and Other Project - ANLA","WRITES_ATTRIBUTE","attribute","attribute::Turnaround and Other Project.Original Asset","tm1_ti_parser","AttrPutS","UNRESOLVED","1"
"UNRESOLVED_DYNAMIC_REFERENCE","568bee8b67b27d9fde8617c4","process::DimUpdate - Vendor","WRITES_ATTRIBUTE","attribute","attribute::Vendor.Account Grp","tm1_ti_parser","AttrPutS","UNRESOLVED","1"
"UNRESOLVED_DYNAMIC_REFERENCE","dbbe6703ff9a5eb4c4e4aa28","process::DimUpdate - Vendor","CREATES_ATTRIBUTE","attribute","attribute::Vendor.Account Grp","tm1_ti_parser","AttrInsert","UNRESOLVED","1"
"UNRESOLVED_DYNAMIC_REFERENCE","f1aa622797c730d0c692aca5","process::DimUpdate - Vendor","WRITES_ATTRIBUTE","attribute","attribute::Vendor.Account Grp Description","tm1_ti_parser","AttrPutS","UNRESOLVED","1"
"UNRESOLVED_DYNAMIC_REFERENCE","5019d795dc4329f5d844719c","process::DimUpdate - Vendor","CREATES_ATTRIBUTE","attribute","attribute::Vendor.Account Grp Description","tm1_ti_parser","AttrInsert","UNRESOLVED","1"
"UNRESOLVED_DYNAMIC_REFERENCE","15d91d44a53e281081d6842b","process::DimUpdate - Vendor","WRITES_ATTRIBUTE","attribute","attribute::Vendor.C/R","tm1_ti_parser","AttrPutS","UNRESOLVED","1"
"UNRESOLVED_DYNAMIC_REFERENCE","6d39f961ffebd0c0237c9f4c","process::DimUpdate - Vendor","CREATES_ATTRIBUTE","attribute","attribute::Vendor.C/R","tm1_ti_parser","AttrInsert","UNRESOLVED","1"
"UNRESOLVED_DYNAMIC_REFERENCE","65f36882c641f06827b7c733","process::DimUpdate - Vendor","CREATES_ATTRIBUTE","attribute","attribute::Vendor.CAPTION","tm1_ti_parser","AttrInsert","UNRESOLVED","1"
"UNRESOLVED_DYNAMIC_REFERENCE","da374f9a53623e12db1ec3de","process::DimUpdate - Vendor","WRITES_ATTRIBUTE","attribute","attribute::Vendor.CAPTION","tm1_ti_parser","AttrPutS","UNRESOLVED","1"
"UNRESOLVED_DYNAMIC_REFERENCE","e25491786d2853b49c197ded","process::DimUpdate - Vendor","CREATES_ATTRIBUTE","attribute","attribute::Vendor.Description","tm1_ti_parser","AttrInsert","UNRESOLVED","1"
"UNRESOLVED_DYNAMIC_REFERENCE","432a9348efd086cfc824eeb6","process::DimUpdate - Vendor","WRITES_ATTRIBUTE","attribute","attribute::Vendor.Description","tm1_ti_parser","AttrPutS","UNRESOLVED","1"
"UNRESOLVED_DYNAMIC_REFERENCE","363ba0e88215547ae744617a","process::DimUpdate - Vendor","CREATES_ATTRIBUTE","attribute","attribute::Vendor.Postal Code","tm1_ti_parser","AttrInsert","UNRESOLVED","1"
"UNRESOLVED_DYNAMIC_REFERENCE","db0d66ead0826db2501cc5da","process::DimUpdate - Vendor","WRITES_ATTRIBUTE","attribute","attribute::Vendor.Postal Code","tm1_ti_parser","AttrPutS","UNRESOLVED","1"
"UNRESOLVED_DYNAMIC_REFERENCE","dfca7010dd98fb4d81644451","process::DimUpdate - Vendor","CREATES_ATTRIBUTE","attribute","attribute::Vendor.Vendor","tm1_ti_parser","AttrInsert","UNRESOLVED","1"
"UNRESOLVED_DYNAMIC_REFERENCE","1feade51e75a7c2851718597","process::DimUpdate - Vendor","WRITES_ATTRIBUTE","attribute","attribute::Vendor.Vendor","tm1_ti_parser","AttrPutS","UNRESOLVED","1"
"UNRESOLVED_DYNAMIC_REFERENCE","53062330fbd777e8c3e2c277","process::DimUpdate - WBS Element","WRITES_ATTRIBUTE","attribute","attribute::WBS Element.Alt Description","tm1_ti_parser","AttrPutS","UNRESOLVED","1"
"UNRESOLVED_DYNAMIC_REFERENCE","ac1402eeb5ae082a6fb3b903","process::DimUpdate - WBS Element","WRITES_ATTRIBUTE","attribute","attribute::WBS Element.Appropriate project","tm1_ti_parser","AttrPutS","UNRESOLVED","1"
"UNRESOLVED_DYNAMIC_REFERENCE","497ba5ea783ccfeab9aae502","process::DataUpdate - Project Spending - Validation","WRITES_ATTRIBUTE","attribute","attribute::WBS Element.Approved Capital Amount","tm1_ti_parser","AttrPutN","UNRESOLVED","1"
"UNRESOLVED_DYNAMIC_REFERENCE","a9f2c2cfd5787a65111f1d67","process::DataUpdate - Project Spending - Validation - Manual","WRITES_ATTRIBUTE","attribute","attribute::WBS Element.Approved Capital Amount","tm1_ti_parser","AttrPutN","UNRESOLVED","1"
"UNRESOLVED_DYNAMIC_REFERENCE","e0fff2e94b811e83d3c6481a","process::DimUpdate - Turnaround and Other Project","READS_ATTRIBUTE","attribute","attribute::WBS Element.Approved Capital Amount","tm1_ti_parser","ATTRN","UNRESOLVED","1"
"UNRESOLVED_DYNAMIC_REFERENCE","07f6de56113ca796fb3e4ff0","process::DimUpdate - WBS Element","WRITES_ATTRIBUTE","attribute","attribute::WBS Element.Approved Capital Amount","tm1_ti_parser","AttrPutN","UNRESOLVED","1"
"UNRESOLVED_DYNAMIC_REFERENCE","c29fec1d5df0749747a35ef4","process::DimUpdate - WBS Element","WRITES_ATTRIBUTE","attribute","attribute::WBS Element.Approved Capital Currency","tm1_ti_parser","AttrPutS","UNRESOLVED","1"
"UNRESOLVED_DYNAMIC_REFERENCE","defecb705625dd60ae845429","process::zTemp_Insert Attr","CREATES_ATTRIBUTE","attribute","attribute::WBS Element.Approved Capital Currency","tm1_ti_parser","AttrInsert","UNRESOLVED","1"
"UNRESOLVED_DYNAMIC_REFERENCE","b472dec9414219ed6f58352b","process::DataUpdate - Project Spending - Validation","WRITES_ATTRIBUTE","attribute","attribute::WBS Element.Approved Expense Amount","tm1_ti_parser","AttrPutN","UNRESOLVED","1"
"UNRESOLVED_DYNAMIC_REFERENCE","4010868f5777cd5583f84c51","process::DataUpdate - Project Spending - Validation - Manual","WRITES_ATTRIBUTE","attribute","attribute::WBS Element.Approved Expense Amount","tm1_ti_parser","AttrPutN","UNRESOLVED","1"
"UNRESOLVED_DYNAMIC_REFERENCE","030c45de802512452083c270","process::DimUpdate - WBS Element","WRITES_ATTRIBUTE","attribute","attribute::WBS Element.Approved Expense Amount","tm1_ti_parser","AttrPutN","UNRESOLVED","1"
"UNRESOLVED_DYNAMIC_REFERENCE","3167d80b7c2dc62baf09b50b","process::DimUpdate - WBS Element","WRITES_ATTRIBUTE","attribute","attribute::WBS Element.Approved Expense Currency","tm1_ti_parser","AttrPutS","UNRESOLVED","1"
"UNRESOLVED_DYNAMIC_REFERENCE","8a99ef37f9e64d18ba97a4b9","process::zTemp_Insert Attr","CREATES_ATTRIBUTE","attribute","attribute::WBS Element.Approved Expense Currency","tm1_ti_parser","AttrInsert","UNRESOLVED","1"
"UNRESOLVED_DYNAMIC_REFERENCE","09aaf985ba7d5bd8795bae27","process::DimUpdate - Turnaround and Other Project","READS_ATTRIBUTE","attribute","attribute::WBS Element.CAPTION","tm1_ti_parser","ATTRS","UNRESOLVED","2"
"UNRESOLVED_DYNAMIC_REFERENCE","c07e6342cfc4d27ae976b077","process::DimUpdate - WBS Element","WRITES_ATTRIBUTE","attribute","attribute::WBS Element.CAPTION","tm1_ti_parser","AttrPutS","UNRESOLVED","1"
"UNRESOLVED_DYNAMIC_REFERENCE","720998c3f6f8886764ba362d","process::DimUpdate - Turnaround and Other Project","READS_ATTRIBUTE","attribute","attribute::WBS Element.CoCd","tm1_ti_parser","ATTRS","UNRESOLVED","2"
"UNRESOLVED_DYNAMIC_REFERENCE","cbc14c26590c239d91d8f106","process::DimUpdate - WBS Element","WRITES_ATTRIBUTE","attribute","attribute::WBS Element.CoCd","tm1_ti_parser","AttrPutS","UNRESOLVED","1"
"UNRESOLVED_DYNAMIC_REFERENCE","75afdf1ccb1096ff2d087823","process::DimUpdate - Turnaround and Other Project","READS_ATTRIBUTE","attribute","attribute::WBS Element.Completion Date","tm1_ti_parser","ATTRS","UNRESOLVED","1"
"UNRESOLVED_DYNAMIC_REFERENCE","a690a4666fc2666d4207150e","process::DimUpdate - WBS Element","WRITES_ATTRIBUTE","attribute","attribute::WBS Element.Completion Date","tm1_ti_parser","AttrPutS","UNRESOLVED","1"
"UNRESOLVED_DYNAMIC_REFERENCE","bea15cc14b039493281957d8","process::zTemp_Insert Attr","CREATES_ATTRIBUTE","attribute","attribute::WBS Element.Completion Date","tm1_ti_parser","AttrInsert","UNRESOLVED","1"
"UNRESOLVED_DYNAMIC_REFERENCE","44b71cee5b5ede63af7c28ec","process::DimUpdate - Turnaround and Other Project","READS_ATTRIBUTE","attribute","attribute::WBS Element.Description","tm1_ti_parser","ATTRS","UNRESOLVED","1"
"UNRESOLVED_DYNAMIC_REFERENCE","471f5f881955c72b2270ca40","process::DimUpdate - WBS Element","WRITES_ATTRIBUTE","attribute","attribute::WBS Element.Description","tm1_ti_parser","AttrPutS","UNRESOLVED","1"
"UNRESOLVED_DYNAMIC_REFERENCE","2d0caf840c578a34cb8d4709","process::DimUpdate - WBS Element","WRITES_ATTRIBUTE","attribute","attribute::WBS Element.Functional Area","tm1_ti_parser","AttrPutS","UNRESOLVED","1"
"UNRESOLVED_DYNAMIC_REFERENCE","1e4aefe73386726dfe225f9c","process::DimUpdate - WBS Element","WRITES_ATTRIBUTE","attribute","attribute::WBS Element.Investment Reason","tm1_ti_parser","AttrPutS","UNRESOLVED","1"
"UNRESOLVED_DYNAMIC_REFERENCE","aa56abba55d029b8dc970fd0","process::DimUpdate - WBS Element","WRITES_ATTRIBUTE","attribute","attribute::WBS Element.Investment Reason Description","tm1_ti_parser","AttrPutS","UNRESOLVED","1"
"UNRESOLVED_DYNAMIC_REFERENCE","2efa2bc74a7a6821e82dfecf","process::DimUpdate - Turnaround and Other Project","READS_ATTRIBUTE","attribute","attribute::WBS Element.Lev","tm1_ti_parser","ATTRS","UNRESOLVED","2"
"UNRESOLVED_DYNAMIC_REFERENCE","23f85b5594e3f83373f72da3","process::DimUpdate - WBS Element","WRITES_ATTRIBUTE","attribute","attribute::WBS Element.Lev","tm1_ti_parser","AttrPutS","UNRESOLVED","1"
"UNRESOLVED_DYNAMIC_REFERENCE","6eea59781b94dcfe4da05755","process::DimUpdate - WBS Element","WRITES_ATTRIBUTE","attribute","attribute::WBS Element.Name of resp. person","tm1_ti_parser","AttrPutS","UNRESOLVED","1"
"UNRESOLVED_DYNAMIC_REFERENCE","e0b57d2d7cc2a3a6d651a2d1","process::DimUpdate - WBS Element","WRITES_ATTRIBUTE","attribute","attribute::WBS Element.Object number","tm1_ti_parser","AttrPutS","UNRESOLVED","1"
"UNRESOLVED_DYNAMIC_REFERENCE","53108239d742fa2a11cc6de9","process::DimUpdate - Turnaround and Other Project","READS_ATTRIBUTE","attribute","attribute::WBS Element.Plnt","tm1_ti_parser","ATTRS","UNRESOLVED","2"
"UNRESOLVED_DYNAMIC_REFERENCE","8fe305c79ca7daa5f0e6324c","process::DimUpdate - WBS Element","WRITES_ATTRIBUTE","attribute","attribute::WBS Element.Plnt","tm1_ti_parser","AttrPutS","UNRESOLVED","1"
"UNRESOLVED_DYNAMIC_REFERENCE","dabd6515b98647a6061f2acf","process::DimUpdate - WBS Element","WRITES_ATTRIBUTE","attribute","attribute::WBS Element.Profit Ctr","tm1_ti_parser","AttrPutS","UNRESOLVED","1"
"UNRESOLVED_DYNAMIC_REFERENCE","f748deea507fce33f6d54714","process::DimUpdate - WBS Element","WRITES_ATTRIBUTE","attribute","attribute::WBS Element.Project Type","tm1_ti_parser","AttrPutS","UNRESOLVED","1"
"UNRESOLVED_DYNAMIC_REFERENCE","1fa1bc64e2517c7b7b93f2c9","process::DimUpdate - Turnaround and Other Project","READS_ATTRIBUTE","attribute","attribute::WBS Element.Project Type Description","tm1_ti_parser","ATTRS","UNRESOLVED","2"
"UNRESOLVED_DYNAMIC_REFERENCE","36ab3c646264b8a272b03bec","process::DimUpdate - WBS Element","WRITES_ATTRIBUTE","attribute","attribute::WBS Element.Project Type Description","tm1_ti_parser","AttrPutS","UNRESOLVED","1"
"UNRESOLVED_DYNAMIC_REFERENCE","3d52da691a82e256b20c4d97","process::DataUpdate - Project Spending - Validation","READS_ATTRIBUTE","attribute","attribute::WBS Element.Purge","tm1_ti_parser","CellGetS","UNRESOLVED","1"
"UNRESOLVED_DYNAMIC_REFERENCE","a202690bd4c5c6700f01b5a7","process::DataUpdate - Project Spending - Validation - Manual","READS_ATTRIBUTE","attribute","attribute::WBS Element.Purge","tm1_ti_parser","CellGetS","UNRESOLVED","1"
"UNRESOLVED_DYNAMIC_REFERENCE","672ec346da907bef8c62c4e2","process::DimUpdate - WBS Element","WRITES_ATTRIBUTE","attribute","attribute::WBS Element.Req. CC","tm1_ti_parser","AttrPutS","UNRESOLVED","1"
"UNRESOLVED_DYNAMIC_REFERENCE","157c7540f3da9e9e7033aeb3","process::DimUpdate - WBS Element","WRITES_ATTRIBUTE","attribute","attribute::WBS Element.Resp. CC","tm1_ti_parser","AttrPutS","UNRESOLVED","1"
"UNRESOLVED_DYNAMIC_REFERENCE","11b7b52180e6816ca733c58a","process::DimUpdate - WBS Element","WRITES_ATTRIBUTE","attribute","attribute::WBS Element.Respons.","tm1_ti_parser","AttrPutS","UNRESOLVED","1"
"UNRESOLVED_DYNAMIC_REFERENCE","884414034c06ba728afe5034","process::DimUpdate - WBS Element","WRITES_ATTRIBUTE","attribute","attribute::WBS Element.RqCC","tm1_ti_parser","AttrPutS","UNRESOLVED","1"
"UNRESOLVED_DYNAMIC_REFERENCE","35d33282fada5d20ba1ea09c","process::zTemp_Delete Attrs","DELETES_ATTRIBUTE","attribute","attribute::WBS Element.Settlement Rule 1","tm1_ti_parser","AttrDelete","UNRESOLVED","1"
"UNRESOLVED_DYNAMIC_REFERENCE","fd33bc8f41ff2b0c7f344196","process::zTemp_Insert Attr","CREATES_ATTRIBUTE","attribute","attribute::WBS Element.Settlement Rule 1","tm1_ti_parser","AttrInsert","UNRESOLVED","1"
"UNRESOLVED_DYNAMIC_REFERENCE","dabb40889d6187828fe92ff0","process::zTemp_Delete Attrs","DELETES_ATTRIBUTE","attribute","attribute::WBS Element.Settlement Rule 10","tm1_ti_parser","AttrDelete","UNRESOLVED","1"
"UNRESOLVED_DYNAMIC_REFERENCE","f7301825d8edc848c8d47bb1","process::zTemp_Insert Attr","CREATES_ATTRIBUTE","attribute","attribute::WBS Element.Settlement Rule 10","tm1_ti_parser","AttrInsert","UNRESOLVED","1"
"UNRESOLVED_DYNAMIC_REFERENCE","60a8a8a4326690b2e3e6b7bb","process::zTemp_Delete Attrs","DELETES_ATTRIBUTE","attribute","attribute::WBS Element.Settlement Rule 11","tm1_ti_parser","AttrDelete","UNRESOLVED","1"
"UNRESOLVED_DYNAMIC_REFERENCE","131fcfe15d402db97773c9bb","process::zTemp_Insert Attr","CREATES_ATTRIBUTE","attribute","attribute::WBS Element.Settlement Rule 11","tm1_ti_parser","AttrInsert","UNRESOLVED","1"
"UNRESOLVED_DYNAMIC_REFERENCE","a170270f03988eff1bf6502c","process::zTemp_Delete Attrs","DELETES_ATTRIBUTE","attribute","attribute::WBS Element.Settlement Rule 12","tm1_ti_parser","AttrDelete","UNRESOLVED","1"
"UNRESOLVED_DYNAMIC_REFERENCE","e883d076719564a5e83ba3fb","process::zTemp_Insert Attr","CREATES_ATTRIBUTE","attribute","attribute::WBS Element.Settlement Rule 12","tm1_ti_parser","AttrInsert","UNRESOLVED","1"
"UNRESOLVED_DYNAMIC_REFERENCE","849326b61b7c3e050380ae48","process::zTemp_Delete Attrs","DELETES_ATTRIBUTE","attribute","attribute::WBS Element.Settlement Rule 13","tm1_ti_parser","AttrDelete","UNRESOLVED","1"
"UNRESOLVED_DYNAMIC_REFERENCE","55d0daa938eaf2f9e7adf8fb","process::zTemp_Insert Attr","CREATES_ATTRIBUTE","attribute","attribute::WBS Element.Settlement Rule 13","tm1_ti_parser","AttrInsert","UNRESOLVED","1"
"UNRESOLVED_DYNAMIC_REFERENCE","b2cfdaa3c81eaecb11ea4b62","process::zTemp_Delete Attrs","DELETES_ATTRIBUTE","attribute","attribute::WBS Element.Settlement Rule 14","tm1_ti_parser","AttrDelete","UNRESOLVED","1"
"UNRESOLVED_DYNAMIC_REFERENCE","8b93cead1ed51cdeb228ff7e","process::zTemp_Insert Attr","CREATES_ATTRIBUTE","attribute","attribute::WBS Element.Settlement Rule 14","tm1_ti_parser","AttrInsert","UNRESOLVED","1"
"UNRESOLVED_DYNAMIC_REFERENCE","0d7295bbcdec7d7610bd7b72","process::zTemp_Delete Attrs","DELETES_ATTRIBUTE","attribute","attribute::WBS Element.Settlement Rule 15","tm1_ti_parser","AttrDelete","UNRESOLVED","1"
"UNRESOLVED_DYNAMIC_REFERENCE","4d16748ab6170d2ec8c1b0e1","process::zTemp_Insert Attr","CREATES_ATTRIBUTE","attribute","attribute::WBS Element.Settlement Rule 15","tm1_ti_parser","AttrInsert","UNRESOLVED","1"
"UNRESOLVED_DYNAMIC_REFERENCE","6c075da82910b6f642f62395","process::zTemp_Delete Attrs","DELETES_ATTRIBUTE","attribute","attribute::WBS Element.Settlement Rule 16","tm1_ti_parser","AttrDelete","UNRESOLVED","1"
"UNRESOLVED_DYNAMIC_REFERENCE","ee25214f1a40112b5098f298","process::zTemp_Insert Attr","CREATES_ATTRIBUTE","attribute","attribute::WBS Element.Settlement Rule 16","tm1_ti_parser","AttrInsert","UNRESOLVED","1"
"UNRESOLVED_DYNAMIC_REFERENCE","f2e11267f5580aefdaacefe0","process::zTemp_Delete Attrs","DELETES_ATTRIBUTE","attribute","attribute::WBS Element.Settlement Rule 17","tm1_ti_parser","AttrDelete","UNRESOLVED","1"
"UNRESOLVED_DYNAMIC_REFERENCE","da980da839d302b3103d3c01","process::zTemp_Insert Attr","CREATES_ATTRIBUTE","attribute","attribute::WBS Element.Settlement Rule 17","tm1_ti_parser","AttrInsert","UNRESOLVED","1"
"UNRESOLVED_DYNAMIC_REFERENCE","55c973c98b6beb4683d0804e","process::zTemp_Delete Attrs","DELETES_ATTRIBUTE","attribute","attribute::WBS Element.Settlement Rule 18","tm1_ti_parser","AttrDelete","UNRESOLVED","1"
"UNRESOLVED_DYNAMIC_REFERENCE","8485a7e19925520681fb1ca0","process::zTemp_Insert Attr","CREATES_ATTRIBUTE","attribute","attribute::WBS Element.Settlement Rule 18","tm1_ti_parser","AttrInsert","UNRESOLVED","1"
"UNRESOLVED_DYNAMIC_REFERENCE","bbb684d4fedb5de178d91413","process::zTemp_Delete Attrs","DELETES_ATTRIBUTE","attribute","attribute::WBS Element.Settlement Rule 19","tm1_ti_parser","AttrDelete","UNRESOLVED","1"
"UNRESOLVED_DYNAMIC_REFERENCE","ca5c31e55b6ee830a2f183c5","process::zTemp_Insert Attr","CREATES_ATTRIBUTE","attribute","attribute::WBS Element.Settlement Rule 19","tm1_ti_parser","AttrInsert","UNRESOLVED","1"
"UNRESOLVED_DYNAMIC_REFERENCE","f74f4a0c0de6dee168391590","process::zTemp_Delete Attrs","DELETES_ATTRIBUTE","attribute","attribute::WBS Element.Settlement Rule 2","tm1_ti_parser","AttrDelete","UNRESOLVED","1"
"UNRESOLVED_DYNAMIC_REFERENCE","cb558d8dd7068f9f10aa73fc","process::zTemp_Insert Attr","CREATES_ATTRIBUTE","attribute","attribute::WBS Element.Settlement Rule 2","tm1_ti_parser","AttrInsert","UNRESOLVED","1"
"UNRESOLVED_DYNAMIC_REFERENCE","3b61b8d6c11230267cd834d3","process::zTemp_Delete Attrs","DELETES_ATTRIBUTE","attribute","attribute::WBS Element.Settlement Rule 20","tm1_ti_parser","AttrDelete","UNRESOLVED","1"
"UNRESOLVED_DYNAMIC_REFERENCE","71574d79f0ea0e7c4b78473d","process::zTemp_Insert Attr","CREATES_ATTRIBUTE","attribute","attribute::WBS Element.Settlement Rule 20","tm1_ti_parser","AttrInsert","UNRESOLVED","1"
"UNRESOLVED_DYNAMIC_REFERENCE","423746d251e548cde640955f","process::zTemp_Delete Attrs","DELETES_ATTRIBUTE","attribute","attribute::WBS Element.Settlement Rule 21","tm1_ti_parser","AttrDelete","UNRESOLVED","1"
"UNRESOLVED_DYNAMIC_REFERENCE","cb2f54c70c8a2fa344b9bb48","process::zTemp_Insert Attr","CREATES_ATTRIBUTE","attribute","attribute::WBS Element.Settlement Rule 21","tm1_ti_parser","AttrInsert","UNRESOLVED","1"
"UNRESOLVED_DYNAMIC_REFERENCE","f7a0a055228b3a76936fac81","process::zTemp_Delete Attrs","DELETES_ATTRIBUTE","attribute","attribute::WBS Element.Settlement Rule 22","tm1_ti_parser","AttrDelete","UNRESOLVED","1"
"UNRESOLVED_DYNAMIC_REFERENCE","5dd51a14c92336d971f91ea8","process::zTemp_Insert Attr","CREATES_ATTRIBUTE","attribute","attribute::WBS Element.Settlement Rule 22","tm1_ti_parser","AttrInsert","UNRESOLVED","1"
"UNRESOLVED_DYNAMIC_REFERENCE","12f7709be2fe409759e98368","process::zTemp_Delete Attrs","DELETES_ATTRIBUTE","attribute","attribute::WBS Element.Settlement Rule 23","tm1_ti_parser","AttrDelete","UNRESOLVED","1"
"UNRESOLVED_DYNAMIC_REFERENCE","de5b2d3fce995fff8958766c","process::zTemp_Insert Attr","CREATES_ATTRIBUTE","attribute","attribute::WBS Element.Settlement Rule 23","tm1_ti_parser","AttrInsert","UNRESOLVED","1"
"UNRESOLVED_DYNAMIC_REFERENCE","66b3db0c5bc3bbf2576a5809","process::zTemp_Delete Attrs","DELETES_ATTRIBUTE","attribute","attribute::WBS Element.Settlement Rule 24","tm1_ti_parser","AttrDelete","UNRESOLVED","1"
"UNRESOLVED_DYNAMIC_REFERENCE","c6273742be7335d396cac262","process::zTemp_Insert Attr","CREATES_ATTRIBUTE","attribute","attribute::WBS Element.Settlement Rule 24","tm1_ti_parser","AttrInsert","UNRESOLVED","1"
"UNRESOLVED_DYNAMIC_REFERENCE","23d9c6062588f465b012da0a","process::zTemp_Delete Attrs","DELETES_ATTRIBUTE","attribute","attribute::WBS Element.Settlement Rule 25","tm1_ti_parser","AttrDelete","UNRESOLVED","1"
"UNRESOLVED_DYNAMIC_REFERENCE","08270ca606aaf39841ddc2de","process::zTemp_Insert Attr","CREATES_ATTRIBUTE","attribute","attribute::WBS Element.Settlement Rule 25","tm1_ti_parser","AttrInsert","UNRESOLVED","1"
"UNRESOLVED_DYNAMIC_REFERENCE","4a00d901b30312f6f39985d0","process::zTemp_Delete Attrs","DELETES_ATTRIBUTE","attribute","attribute::WBS Element.Settlement Rule 26","tm1_ti_parser","AttrDelete","UNRESOLVED","1"
"UNRESOLVED_DYNAMIC_REFERENCE","130d04060259c95a198ce3eb","process::zTemp_Insert Attr","CREATES_ATTRIBUTE","attribute","attribute::WBS Element.Settlement Rule 26","tm1_ti_parser","AttrInsert","UNRESOLVED","1"
"UNRESOLVED_DYNAMIC_REFERENCE","a34e3ff25c5db65694cfa982","process::zTemp_Delete Attrs","DELETES_ATTRIBUTE","attribute","attribute::WBS Element.Settlement Rule 27","tm1_ti_parser","AttrDelete","UNRESOLVED","1"
"UNRESOLVED_DYNAMIC_REFERENCE","d80a745fdb5b98ebe5115171","process::zTemp_Insert Attr","CREATES_ATTRIBUTE","attribute","attribute::WBS Element.Settlement Rule 27","tm1_ti_parser","AttrInsert","UNRESOLVED","1"
"UNRESOLVED_DYNAMIC_REFERENCE","67e0d98e8172826131f8e971","process::zTemp_Delete Attrs","DELETES_ATTRIBUTE","attribute","attribute::WBS Element.Settlement Rule 28","tm1_ti_parser","AttrDelete","UNRESOLVED","1"
"UNRESOLVED_DYNAMIC_REFERENCE","2449eb2f08b669fbdb9ec939","process::zTemp_Insert Attr","CREATES_ATTRIBUTE","attribute","attribute::WBS Element.Settlement Rule 28","tm1_ti_parser","AttrInsert","UNRESOLVED","1"
"UNRESOLVED_DYNAMIC_REFERENCE","f34eefc8380ee6fa0cf283d6","process::zTemp_Delete Attrs","DELETES_ATTRIBUTE","attribute","attribute::WBS Element.Settlement Rule 29","tm1_ti_parser","AttrDelete","UNRESOLVED","1"
"UNRESOLVED_DYNAMIC_REFERENCE","35149158233f44f8a239d127","process::zTemp_Insert Attr","CREATES_ATTRIBUTE","attribute","attribute::WBS Element.Settlement Rule 29","tm1_ti_parser","AttrInsert","UNRESOLVED","1"
"UNRESOLVED_DYNAMIC_REFERENCE","2806d149e319ae947ea81f1b","process::zTemp_Delete Attrs","DELETES_ATTRIBUTE","attribute","attribute::WBS Element.Settlement Rule 3","tm1_ti_parser","AttrDelete","UNRESOLVED","1"
"UNRESOLVED_DYNAMIC_REFERENCE","891dac688883223b8acfd297","process::zTemp_Insert Attr","CREATES_ATTRIBUTE","attribute","attribute::WBS Element.Settlement Rule 3","tm1_ti_parser","AttrInsert","UNRESOLVED","1"
"UNRESOLVED_DYNAMIC_REFERENCE","ead0a48bfa132e63bb43cc74","process::zTemp_Delete Attrs","DELETES_ATTRIBUTE","attribute","attribute::WBS Element.Settlement Rule 30","tm1_ti_parser","AttrDelete","UNRESOLVED","1"
"UNRESOLVED_DYNAMIC_REFERENCE","896d64398e1b672bc880a28e","process::zTemp_Insert Attr","CREATES_ATTRIBUTE","attribute","attribute::WBS Element.Settlement Rule 30","tm1_ti_parser","AttrInsert","UNRESOLVED","1"
"UNRESOLVED_DYNAMIC_REFERENCE","32f337d393da1a2ba28a4acb","process::zTemp_Delete Attrs","DELETES_ATTRIBUTE","attribute","attribute::WBS Element.Settlement Rule 4","tm1_ti_parser","AttrDelete","UNRESOLVED","1"
"UNRESOLVED_DYNAMIC_REFERENCE","f7f56cf4da7160a6e3dddac1","process::zTemp_Insert Attr","CREATES_ATTRIBUTE","attribute","attribute::WBS Element.Settlement Rule 4","tm1_ti_parser","AttrInsert","UNRESOLVED","1"
"UNRESOLVED_DYNAMIC_REFERENCE","668a49d67d8cf7cd3e0d1915","process::zTemp_Delete Attrs","DELETES_ATTRIBUTE","attribute","attribute::WBS Element.Settlement Rule 5","tm1_ti_parser","AttrDelete","UNRESOLVED","1"
"UNRESOLVED_DYNAMIC_REFERENCE","d242b2c8d9490568556b73c8","process::zTemp_Insert Attr","CREATES_ATTRIBUTE","attribute","attribute::WBS Element.Settlement Rule 5","tm1_ti_parser","AttrInsert","UNRESOLVED","1"
"UNRESOLVED_DYNAMIC_REFERENCE","e0826239d0b4908280d8e4eb","process::zTemp_Delete Attrs","DELETES_ATTRIBUTE","attribute","attribute::WBS Element.Settlement Rule 6","tm1_ti_parser","AttrDelete","UNRESOLVED","1"
"UNRESOLVED_DYNAMIC_REFERENCE","05da0d1f23f55524b278ddb2","process::zTemp_Insert Attr","CREATES_ATTRIBUTE","attribute","attribute::WBS Element.Settlement Rule 6","tm1_ti_parser","AttrInsert","UNRESOLVED","1"
"UNRESOLVED_DYNAMIC_REFERENCE","ac24ab83175ff1290c9c7b14","process::zTemp_Delete Attrs","DELETES_ATTRIBUTE","attribute","attribute::WBS Element.Settlement Rule 7","tm1_ti_parser","AttrDelete","UNRESOLVED","1"
"UNRESOLVED_DYNAMIC_REFERENCE","3812921f85f6cf5211439347","process::zTemp_Insert Attr","CREATES_ATTRIBUTE","attribute","attribute::WBS Element.Settlement Rule 7","tm1_ti_parser","AttrInsert","UNRESOLVED","1"
"UNRESOLVED_DYNAMIC_REFERENCE","839c6950d30bf5fe344a41e8","process::zTemp_Delete Attrs","DELETES_ATTRIBUTE","attribute","attribute::WBS Element.Settlement Rule 8","tm1_ti_parser","AttrDelete","UNRESOLVED","1"
"UNRESOLVED_DYNAMIC_REFERENCE","a3e687df40c07bb2530c6ef0","process::zTemp_Insert Attr","CREATES_ATTRIBUTE","attribute","attribute::WBS Element.Settlement Rule 8","tm1_ti_parser","AttrInsert","UNRESOLVED","1"
"UNRESOLVED_DYNAMIC_REFERENCE","0df5cb5e8d1b2406010074ae","process::zTemp_Delete Attrs","DELETES_ATTRIBUTE","attribute","attribute::WBS Element.Settlement Rule 9","tm1_ti_parser","AttrDelete","UNRESOLVED","1"
"UNRESOLVED_DYNAMIC_REFERENCE","ff9bde06f6cece2a62a907fd","process::zTemp_Insert Attr","CREATES_ATTRIBUTE","attribute","attribute::WBS Element.Settlement Rule 9","tm1_ti_parser","AttrInsert","UNRESOLVED","1"
"UNRESOLVED_DYNAMIC_REFERENCE","5bc9ad83690f6dd2f721d51d","process::DimUpdate - WBS Element","WRITES_ATTRIBUTE","attribute","attribute::WBS Element.Short identification","tm1_ti_parser","AttrPutS","UNRESOLVED","1"
"UNRESOLVED_DYNAMIC_REFERENCE","32b76db2f9da76be535d9499","process::DimUpdate - WBS Element","WRITES_ATTRIBUTE","attribute","attribute::WBS Element.Subproject","tm1_ti_parser","AttrPutS","UNRESOLVED","1"
"UNRESOLVED_DYNAMIC_REFERENCE","434b078a6b264091aca5bbd9","process::DimUpdate - WBS Element","WRITES_ATTRIBUTE","attribute","attribute::WBS Element.User field 1 WBS element","tm1_ti_parser","AttrPutS","UNRESOLVED","1"
"UNRESOLVED_DYNAMIC_REFERENCE","98bb4e418061bd65cca7c6c9","process::DimUpdate - WBS Element","WRITES_ATTRIBUTE","attribute","attribute::WBS Element.User field 2 WBS element","tm1_ti_parser","AttrPutS","UNRESOLVED","1"
"UNRESOLVED_DYNAMIC_REFERENCE","be2145e209f3513dde025a91","process::DimUpdate - WBS Element","WRITES_ATTRIBUTE","attribute","attribute::WBS Element.User field value 1 WBS element","tm1_ti_parser","AttrPutS","UNRESOLVED","1"
"UNRESOLVED_DYNAMIC_REFERENCE","9a455166b23a61eeda14ab9f","process::DimUpdate - WBS Element","WRITES_ATTRIBUTE","attribute","attribute::WBS Element.User field value 2 WBS element","tm1_ti_parser","AttrPutS","UNRESOLVED","1"
"UNRESOLVED_DYNAMIC_REFERENCE","5e3c34f0a8edeaa9f1080154","process::DimUpdate - WBS Element","WRITES_ATTRIBUTE","attribute","attribute::WBS Element.WBS Element","tm1_ti_parser","AttrPutS","UNRESOLVED","1"
"UNRESOLVED_DYNAMIC_REFERENCE","0c5833865c6406a6d12f9519","process::DataUpdate - Corporate Headcount","EXECUTES_COMMAND","command","command::'cmd /c type ' | sErrCCContingentFile | ' >> ' | sErrCCFile","tm1_ti_parser","ExecuteCommand","UNRESOLVED","1"
"UNRESOLVED_DYNAMIC_REFERENCE","fdba866f2ca84e960b3e3be8","process::zTemp_File","EXECUTES_COMMAND","command","command::cmd /c forfiles /P ' | vPath | ' /D ' | vDate | ' /m ' | vMask | ' /C ""cmd /c echo @file - @fsize bytes"" > s:\prod\OXYChem\Data\model_upload\Backup_Files.txt","tm1_ti_parser","ExecuteCommand","UNRESOLVED","1"
"UNRESOLVED_DYNAMIC_REFERENCE","b11335798fc7f76cc6745b63","process::Sys_Dim_Sort","EXECUTES_COMMAND","command","command::pDimName | '.bat'","tm1_ti_parser","ExecuteCommand","UNRESOLVED","1"
"UNRESOLVED_DYNAMIC_REFERENCE","08a6c9cc5c0a6484274fee9a","process::DataUpdate - Balance Sheet - Period 13","EXECUTES_COMMAND","command","command::sCmd","tm1_ti_parser","ExecuteCommand","UNRESOLVED","1"
"UNRESOLVED_DYNAMIC_REFERENCE","0092393fb59dc6e65e5fa274","process::DataUpdate - Fixed Manufacturing Cost - Plan","EXECUTES_COMMAND","command","command::sCmd","tm1_ti_parser","ExecuteCommand","UNRESOLVED","1"
"UNRESOLVED_DYNAMIC_REFERENCE","2f6d2404aeeefa5a31058ff5","process::DataWrapper - Fixed Manufacturing Cost - Plan","EXECUTES_COMMAND","command","command::sCmd","tm1_ti_parser","ExecuteCommand","UNRESOLVED","1"
"UNRESOLVED_DYNAMIC_REFERENCE","cc2865270b554350038f44d1","process::DataWrapper - Manufacturing Cost","EXECUTES_COMMAND","command","command::sCmd","tm1_ti_parser","ExecuteCommand","UNRESOLVED","1"
"UNRESOLVED_DYNAMIC_REFERENCE","43a58354aea05040028d7c97","process::DataWrapper - Project Spending","EXECUTES_COMMAND","command","command::sCmd","tm1_ti_parser","ExecuteCommand","UNRESOLVED","2"
"UNRESOLVED_DYNAMIC_REFERENCE","02a4eb02d31cb1822fc83ce5","process::DataWrapper - SYS UOM Conversion Factor","EXECUTES_COMMAND","command","command::sCmd","tm1_ti_parser","ExecuteCommand","UNRESOLVED","1"
"UNRESOLVED_DYNAMIC_REFERENCE","0a690c98b405ab31fe224d91","process::DimUpdateWrapper -  Company","EXECUTES_COMMAND","command","command::sCmd","tm1_ti_parser","ExecuteCommand","UNRESOLVED","2"
"UNRESOLVED_DYNAMIC_REFERENCE","1d85939221c0bab79be78f29","process::DimUpdateWrapper -  Functional Area","EXECUTES_COMMAND","command","command::sCmd","tm1_ti_parser","ExecuteCommand","UNRESOLVED","2"
"UNRESOLVED_DYNAMIC_REFERENCE","b43a210adca0ea6a5a5353a2","process::DimUpdateWrapper -  Material","EXECUTES_COMMAND","command","command::sCmd","tm1_ti_parser","ExecuteCommand","UNRESOLVED","4"
"UNRESOLVED_DYNAMIC_REFERENCE","eeceee7bf25e3b96b728a17d","process::DimUpdateWrapper -  Order","EXECUTES_COMMAND","command","command::sCmd","tm1_ti_parser","ExecuteCommand","UNRESOLVED","1"
"UNRESOLVED_DYNAMIC_REFERENCE","909f0d4a036cdc538617c0f6","process::DimUpdateWrapper -  Plant","EXECUTES_COMMAND","command","command::sCmd","tm1_ti_parser","ExecuteCommand","UNRESOLVED","1"
"UNRESOLVED_DYNAMIC_REFERENCE","3c381c3893d237587d20e956","process::DimUpdateWrapper -  Turnaround and Other Project","EXECUTES_COMMAND","command","command::sCmd","tm1_ti_parser","ExecuteCommand","UNRESOLVED","1"
"UNRESOLVED_DYNAMIC_REFERENCE","f1df5d53b30b512f277e6a30","process::DimUpdateWrapper -  Vendor","EXECUTES_COMMAND","command","command::sCmd","tm1_ti_parser","ExecuteCommand","UNRESOLVED","1"
"UNRESOLVED_DYNAMIC_REFERENCE","119c2c7b8567313923ef0fba","process::DimUpdateWrapper -  WBS Element","EXECUTES_COMMAND","command","command::sCmd","tm1_ti_parser","ExecuteCommand","UNRESOLVED","1"
"UNRESOLVED_DYNAMIC_REFERENCE","fd9e6d384396ad9911d0adcc","process::DimUpdateWrapper - BS Account","EXECUTES_COMMAND","command","command::sCmd","tm1_ti_parser","ExecuteCommand","UNRESOLVED","1"
"UNRESOLVED_DYNAMIC_REFERENCE","b14f7047eaca13624f576090","process::DimUpdateWrapper - Cost Center","EXECUTES_COMMAND","command","command::sCmd","tm1_ti_parser","ExecuteCommand","UNRESOLVED","1"
"UNRESOLVED_DYNAMIC_REFERENCE","0766f52364912053bedc9131","process::DimUpdateWrapper - Customer","EXECUTES_COMMAND","command","command::sCmd","tm1_ti_parser","ExecuteCommand","UNRESOLVED","2"
"UNRESOLVED_DYNAMIC_REFERENCE","4f6ac918ccec2464501c3c3a","process::DimUpdateWrapper - PL Account","EXECUTES_COMMAND","command","command::sCmd","tm1_ti_parser","ExecuteCommand","UNRESOLVED","2"
"UNRESOLVED_DYNAMIC_REFERENCE","5c3c61ff0537d92673190aea","process::DimUpdateWrapper - Plant Assessment Cost Object","EXECUTES_COMMAND","command","command::sCmd","tm1_ti_parser","ExecuteCommand","UNRESOLVED","1"
"UNRESOLVED_DYNAMIC_REFERENCE","30a7342338ab8497d83a280e","process::DimUpdateWrapper - Profit Center","EXECUTES_COMMAND","command","command::sCmd","tm1_ti_parser","ExecuteCommand","UNRESOLVED","2"
"UNRESOLVED_DYNAMIC_REFERENCE","edd5fb1435d4f3f8bc934b86","process::Sys_Data Directory_Backup","EXECUTES_COMMAND","command","command::sCmd","tm1_ti_parser","ExecuteCommand","UNRESOLVED","1"
"UNRESOLVED_DYNAMIC_REFERENCE","50d5a88503b276a2fb20cc78","process::Sys_File_Archive","EXECUTES_COMMAND","command","command::sCmd","tm1_ti_parser","ExecuteCommand","UNRESOLVED","1"
"UNRESOLVED_DYNAMIC_REFERENCE","316aeaef9a57cb13a8eac618","process::sys_ACDOCA_Period Check","EXECUTES_COMMAND","command","command::sCommand","tm1_ti_parser","ExecuteCommand","UNRESOLVED","1"
"UNRESOLVED_DYNAMIC_REFERENCE","ca1e30cf07b2aca3c8b78952","process::SYS_Combine_HTML","EXECUTES_COMMAND","command","command::sCommand","tm1_ti_parser","ExecuteCommand","UNRESOLVED","1"
"UNRESOLVED_DYNAMIC_REFERENCE","5d8aeef604f3c34228d638de","process::Sys_Create_Html","EXECUTES_COMMAND","command","command::sCommand","tm1_ti_parser","ExecuteCommand","UNRESOLVED","1"
"UNRESOLVED_DYNAMIC_REFERENCE","88907ee037d00ab3ac36af5c","process::Sys_File_Cleanup","EXECUTES_COMMAND","command","command::sCommand","tm1_ti_parser","ExecuteCommand","UNRESOLVED","1"
"UNRESOLVED_DYNAMIC_REFERENCE","750402e19fc70adb7378f8e1","process::Sys_File_Lookup","EXECUTES_COMMAND","command","command::sCommand","tm1_ti_parser","ExecuteCommand","UNRESOLVED","1"
"UNRESOLVED_DYNAMIC_REFERENCE","a1fce50ed94422a7ef53526c","process::Sys_PAxLoader","EXECUTES_COMMAND","command","command::sCommand","tm1_ti_parser","ExecuteCommand","UNRESOLVED","1"
"UNRESOLVED_DYNAMIC_REFERENCE","757ebc9b2f65d81c7e189f39","process::Sys_PAxLoader_FileCheck","EXECUTES_COMMAND","command","command::sCommand","tm1_ti_parser","ExecuteCommand","UNRESOLVED","1"
"UNRESOLVED_DYNAMIC_REFERENCE","0451a0a4f5280f8695caadba","process::Sys_PAxValidator","EXECUTES_COMMAND","command","command::sCommand","tm1_ti_parser","ExecuteCommand","UNRESOLVED","1"
"UNRESOLVED_DYNAMIC_REFERENCE","0faeb610eabd8fe168e63547","process::Sys_Send_EMail","EXECUTES_COMMAND","command","command::sCommand","tm1_ti_parser","ExecuteCommand","UNRESOLVED","1"
"UNRESOLVED_DYNAMIC_REFERENCE","18d90576f7a7585ffe5f2294","process::Sys_Send_EMail_Html","EXECUTES_COMMAND","command","command::sCommand","tm1_ti_parser","ExecuteCommand","UNRESOLVED","1"
"UNRESOLVED_DYNAMIC_REFERENCE","fd9748441b1a325c213d4a0a","process::Sys_Generic_Alternate Dimension Hierarchies","READS_FROM_CUBE","cube","cube::'}ElementAttributes_' | pSrcDim","tm1_ti_parser","CellGetS","UNRESOLVED","2"
"UNRESOLVED_DYNAMIC_REFERENCE","5d49dfbac2d870d68055d6ef","process::Sys_Generic_Alternate Dimension Hierarchies","WRITES_TO_CUBE","cube","cube::'}ElementAttributes_' | pTgtDim","tm1_ti_parser","CellPutS","UNRESOLVED","1"
"UNRESOLVED_DYNAMIC_REFERENCE","1c39e26b9ec7972165646e55","process::SYS_Dim_Sub_Delete_All_Control","READS_FROM_CUBE","cube","cube::cn_Global","tm1_ti_parser","CELLGETS","UNRESOLVED","1"
"UNRESOLVED_DYNAMIC_REFERENCE","99341409f31555b059a10923","process::DataUpdate - Scenario Archive - Numeric","INCREMENTS_CUBE","cube","cube::pCube","tm1_ti_parser","CellIncrementN","UNRESOLVED","19"
"UNRESOLVED_DYNAMIC_REFERENCE","9ba31228a46b0aea23c20b90","process::DataUpdate - Scenario Archive - Numeric","WRITES_TO_CUBE","cube","cube::pCube","tm1_ti_parser","CellPutS","UNRESOLVED","19"
"UNRESOLVED_DYNAMIC_REFERENCE","bdcdbae09c7931330634b990","process::DataUpdate - Scenario Archive - String","WRITES_TO_CUBE","cube","cube::pCube","tm1_ti_parser","CellPutS","UNRESOLVED","19"
"UNRESOLVED_DYNAMIC_REFERENCE","a7a0973e89acc8be90301d4f","process::DataUpdate - Scenario Archive - String","INCREMENTS_CUBE","cube","cube::pCube","tm1_ti_parser","CellIncrementN","UNRESOLVED","19"
"UNRESOLVED_DYNAMIC_REFERENCE","2f2bc17fdf10a44266275913","process::sys_cube_clear","CLEARS_CUBE","cube","cube::pCube","tm1_ti_parser","CubeClearData","UNRESOLVED","1"
"UNRESOLVED_DYNAMIC_REFERENCE","be5b82add9baacd67aa9ed8d","process::Sys_Cube_Clear_Data","CLEARS_CUBE","cube","cube::pCube","tm1_ti_parser","CubeClearData","UNRESOLVED","1"
"UNRESOLVED_DYNAMIC_REFERENCE","b661f71f36db82c0c5f253bc","process::zTemp Count","INCREMENTS_CUBE","cube","cube::Profit and Loss Count","tm1_ti_parser","CellIncrementN","UNRESOLVED","1"
"UNRESOLVED_DYNAMIC_REFERENCE","7de1340f8ea3820026f3ea40","process::zTemp Count","CLEARS_CUBE","cube","cube::Profit and Loss Count","tm1_ti_parser","cubecleardata","UNRESOLVED","1"
"UNRESOLVED_DYNAMIC_REFERENCE","1e16b2f1977df7982bde8334","process::Sys_Attribute Hierarchy","WRITES_TO_CUBE","cube","cube::sAttrCube","tm1_ti_parser","CellPutS","UNRESOLVED","1"
"UNRESOLVED_DYNAMIC_REFERENCE","8dddb114b8ec16bcde9c815a","process::Sys_Attribute Hierarchy","READS_FROM_CUBE","cube","cube::sAttrCube","tm1_ti_parser","CellGetS","UNRESOLVED","6"
"UNRESOLVED_DYNAMIC_REFERENCE","1eaa987f6b90f61908995abf","process::Sys_Dim_Hierarchy_Unwind_Consolidation_Large","READS_FROM_CUBE","cube","cube::sAttrCube","tm1_ti_parser","CellGetS","UNRESOLVED","1"
"UNRESOLVED_DYNAMIC_REFERENCE","246c5f09cb13c8e80689b8f8","process::Sys_Dim_Hierarchy_Unwind_Consolidation_Large","WRITES_TO_CUBE","cube","cube::sAttrCube","tm1_ti_parser","CellPutS","UNRESOLVED","1"
"UNRESOLVED_DYNAMIC_REFERENCE","b776adade8caf74a0f2af6aa","process::Sys_Dim_Import_From_File","CLEARS_CUBE","cube","cube::sAttrCube","tm1_ti_parser","CubeClearData","UNRESOLVED","1"
"UNRESOLVED_DYNAMIC_REFERENCE","90dd5200aa8a1c35af0a978b","process::Sys_Virtual Dimension","READS_FROM_CUBE","cube","cube::sAttrCube","tm1_ti_parser","CellGetS","UNRESOLVED","3"
"UNRESOLVED_DYNAMIC_REFERENCE","71174ca6ac962e9ed0784043","process::DataUpdate - ML Stage","WRITES_TO_CUBE","cube","cube::scube","tm1_ti_parser","CellPutN","UNRESOLVED","30"
"UNRESOLVED_DYNAMIC_REFERENCE","adbd63bf3936bb230bd9d2e0","process::DataUpdate - Scenario Archive - Numeric","CLEARS_CUBE","cube","cube::sCube","tm1_ti_parser","ViewZeroOut","UNRESOLVED","1"
"UNRESOLVED_DYNAMIC_REFERENCE","137369cb9a6e87a99d3a42fc","process::DataUpdate - Scenario Archive - String","CLEARS_CUBE","cube","cube::sCube","tm1_ti_parser","ViewZeroOut","UNRESOLVED","1"
"UNRESOLVED_DYNAMIC_REFERENCE","0bc2295bfb1ce460e6bcdaf4","process::Notification - Intercompany - Sales Elim Profit Center","READS_FROM_CUBE","cube","cube::sSrcCube","tm1_ti_parser",,"UNRESOLVED","6"
"UNRESOLVED_DYNAMIC_REFERENCE","742007c0dc9e95cb12f686db","process::SecurityUpdate - Element Security","WRITES_TO_CUBE","cube","cube::sTgtCube","tm1_ti_parser","CellPutS","UNRESOLVED","1"
"UNRESOLVED_DYNAMIC_REFERENCE","3b34fae973e6980ed5dca07b","process::SecurityUpdate - Element Security","CLEARS_CUBE","cube","cube::sTgtCube","tm1_ti_parser","ViewZeroOut","UNRESOLVED","1"
"UNRESOLVED_DYNAMIC_REFERENCE","046f74c100a0de0938c05e19","process::SecurityUpdate - Element Security - Hierarchy Archive","WRITES_TO_CUBE","cube","cube::sTgtCube","tm1_ti_parser","CellPutS","UNRESOLVED","1"
"UNRESOLVED_DYNAMIC_REFERENCE","e9bafb43d3abfcf14e7b2e60","process::SecurityUpdate - Element Security - Hierarchy Archive","CLEARS_CUBE","cube","cube::sTgtCube","tm1_ti_parser","ViewZeroOut","UNRESOLVED","1"
"UNRESOLVED_DYNAMIC_REFERENCE","5642888cd7e4c9c893773e5a","process::DataUpdate - SYS GL Account Hierarchy","READS_FROM_CUBE","cube","cube::SYS GL Account Hierarchy","tm1_ti_parser","CellGetN","UNRESOLVED","3"
"UNRESOLVED_DYNAMIC_REFERENCE","b696ae2ec414923e2a515b6a","process::DataUpdate - SYS GL Account Hierarchy","WRITES_TO_CUBE","cube","cube::SYS GL Account Hierarchy","tm1_ti_parser","CellPutS","UNRESOLVED","8"
"UNRESOLVED_DYNAMIC_REFERENCE","8a697db55658a329c3118df4","process::SYS_Delete_Views_and_Subsets_By_Pattern","READS_FROM_CUBE","cube","cube::System Control","tm1_ti_parser","CELLGETS","UNRESOLVED","1"
"UNRESOLVED_DYNAMIC_REFERENCE","9d114395bb41e46494876b38","process::Sys_Dim_Copy_Attributes","READS_FROM_CUBE","cube","cube::System Control","tm1_ti_parser","CELLGETS","UNRESOLVED","1"
"UNRESOLVED_DYNAMIC_REFERENCE","02ad4c303152bcac973406b3","process::Sys_Dim_Create_Derived_Dim_FromAttribute","READS_FROM_CUBE","cube","cube::System Control","tm1_ti_parser","CELLGETS","UNRESOLVED","1"
"UNRESOLVED_DYNAMIC_REFERENCE","a7668dc68b71cfc979c01774","process::Sys_Dim_Create_Derived_Dim_FromAttributeList","READS_FROM_CUBE","cube","cube::System Control","tm1_ti_parser","CELLGETS","UNRESOLVED","1"
"UNRESOLVED_DYNAMIC_REFERENCE","04f84f2b8da47dad08e4c34d","process::Sys_Dim_Create_Derived_Dim_FromMDX","READS_FROM_CUBE","cube","cube::System Control","tm1_ti_parser","CELLGETS","UNRESOLVED","1"
"UNRESOLVED_DYNAMIC_REFERENCE","2ae10ba9d26d767f3aa8fbf5","process::Sys_Dim_Create_Standard_Alias","READS_FROM_CUBE","cube","cube::System Control","tm1_ti_parser","CELLGETS","UNRESOLVED","1"
"UNRESOLVED_DYNAMIC_REFERENCE","70c6df04ab062b4b6afd2028","process::Sys_Dim_Export_To_File","READS_FROM_CUBE","cube","cube::System Control","tm1_ti_parser","CELLGETS","UNRESOLVED","1"
"UNRESOLVED_DYNAMIC_REFERENCE","ee6c2844daa3f34ca89deee4","process::Sys_Dim_Hierarchy_Create_FromMDXSubset","READS_FROM_CUBE","cube","cube::System Control","tm1_ti_parser","CELLGETS","UNRESOLVED","1"
"UNRESOLVED_DYNAMIC_REFERENCE","54fbfdb229c106dedcc4e85e","process::Sys_Dim_Hierarchy_Create_FromMultipleLevelAttributes","READS_FROM_CUBE","cube","cube::System Control","tm1_ti_parser","CELLGETS","UNRESOLVED","1"
"UNRESOLVED_DYNAMIC_REFERENCE","9a2d91a5fdba1248a88f9a57","process::Sys_Dim_Hierarchy_Create_Orphans","READS_FROM_CUBE","cube","cube::System Control","tm1_ti_parser","CELLGETS","UNRESOLVED","1"
"UNRESOLVED_DYNAMIC_REFERENCE","34a233ba8d6846e406ee0d0f","process::Sys_Dim_Hierarchy_CreateFromConfig","READS_FROM_CUBE","cube","cube::System Control","tm1_ti_parser","CELLGETS","UNRESOLVED","1"
"UNRESOLVED_DYNAMIC_REFERENCE","02571a2172be44dd45517398","process::SYS_Dim_Hierarchy_CreateFromConsolidations","READS_FROM_CUBE","cube","cube::System Control","tm1_ti_parser","CELLGETS","UNRESOLVED","1"
"UNRESOLVED_DYNAMIC_REFERENCE","904ca611d57cd96231d0c15e","process::Sys_Dim_Import_From_File","READS_FROM_CUBE","cube","cube::System Control","tm1_ti_parser","CELLGETS","UNRESOLVED","2"
"UNRESOLVED_DYNAMIC_REFERENCE","713cd7e89ef4096eda7884ef","process::SYS_Dim_Update_All_Subsets_Wrapper","READS_FROM_CUBE","cube","cube::System Control","tm1_ti_parser","CellGetS","UNRESOLVED","1"
"UNRESOLVED_DYNAMIC_REFERENCE","e939cfef8acfd39c9a635474","process::Sys_Dim_Hierarchy_CreateFromConfig","READS_FROM_CUBE","cube","cube::System Dimension Config","tm1_ti_parser","CELLGETS","UNRESOLVED","32"
"UNRESOLVED_DYNAMIC_REFERENCE","b79bb486b8a272aab7747036","process::SYS_Dim_Update_All_Subsets_Wrapper","READS_FROM_CUBE","cube","cube::System Subset","tm1_ti_parser","CellGetS","UNRESOLVED","6"
"UNRESOLVED_DYNAMIC_REFERENCE","d9dbca9ba2bf426642d1be48","process::DataUpdate - Turnaround Reserve - Actual","CLEARS_CUBE","cube","cube::Turnaround Reserve","tm1_ti_parser","ViewZeroOut","UNRESOLVED","1"
"UNRESOLVED_DYNAMIC_REFERENCE","310d69c6ef812b03c06f3b26","process::DataUpdate - Turnaround Reserve - Actual","INCREMENTS_CUBE","cube","cube::Turnaround Reserve","tm1_ti_parser","CellIncrementN","UNRESOLVED","1"
"UNRESOLVED_DYNAMIC_REFERENCE","1493f7aef314ce9a8a031efc","process::DataUpdate - Turnaround Reserve - Outlook Seed Actual","INCREMENTS_CUBE","cube","cube::Turnaround Reserve","tm1_ti_parser","CellIncrementN","UNRESOLVED","1"
"UNRESOLVED_DYNAMIC_REFERENCE","2fbd47f00e07ca3f533a5915","process::DataUpdate - Turnaround Reserve - Outlook Seed Actual","CLEARS_CUBE","cube","cube::Turnaround Reserve","tm1_ti_parser","ViewZeroOut","UNRESOLVED","1"
"UNRESOLVED_DYNAMIC_REFERENCE","4c063ac36b444cb28991b6b3","process::DataUpdate - Turnaround Reserve - Roll Dates","WRITES_TO_CUBE","cube","cube::Turnaround Reserve","tm1_ti_parser",,"UNRESOLVED","3"
"UNRESOLVED_DYNAMIC_REFERENCE","7bf390203294e2d391d1f8bd","process::DataUpdate - Turnaround Reserve - Roll Dates","READS_FROM_CUBE","cube","cube::Turnaround Reserve","tm1_ti_parser","CellGetS","UNRESOLVED","1"
"UNRESOLVED_DYNAMIC_REFERENCE","56dec73be0f6438153119a1a","process::Sys_Dim_Create_Derived_Dim_FromAttribute","UPDATES_DIMENSION","dimension","dimension::pDim","tm1_ti_parser",,"UNRESOLVED","3"
"UNRESOLVED_DYNAMIC_REFERENCE","e1028c899734fb1d996eb62f","process::Sys_Dim_Create_Derived_Dim_FromAttributeList","UPDATES_DIMENSION","dimension","dimension::pDim","tm1_ti_parser",,"UNRESOLVED","3"
"UNRESOLVED_DYNAMIC_REFERENCE","22d84059456e0603f998fd6e","process::Sys_Dim_Create_Derived_Dim_FromMDX","UPDATES_DIMENSION","dimension","dimension::pDim","tm1_ti_parser",,"UNRESOLVED","4"
"UNRESOLVED_DYNAMIC_REFERENCE","5055354f306311565be44d61","process::Sys_Dim_Hierarchy_Clone","UPDATES_DIMENSION","dimension","dimension::pDim","tm1_ti_parser",,"UNRESOLVED","4"
"UNRESOLVED_DYNAMIC_REFERENCE","c62d9f32fbeab806283bd043","process::Sys_Dim_Hierarchy_Create_FromMDXSubset","UPDATES_DIMENSION","dimension","dimension::pDim","tm1_ti_parser",,"UNRESOLVED","2"
"UNRESOLVED_DYNAMIC_REFERENCE","9bb03dcc80202f2c9f6c35c8","process::Sys_Dim_Hierarchy_Create_FromMultipleLevelAttributes","UPDATES_DIMENSION","dimension","dimension::pDim","tm1_ti_parser",,"UNRESOLVED","3"
"UNRESOLVED_DYNAMIC_REFERENCE","5d3f730a89f9af89e078385b","process::Sys_Dim_Hierarchy_Create_FromMultipleLevelAttributes","UPDATES_DIMENSION","dimension","dimension::pdim","tm1_ti_parser","DimensionElementComponentAdd","UNRESOLVED","1"
"UNRESOLVED_DYNAMIC_REFERENCE","5cf4205c1b0a88610d1c71e5","process::Sys_Dim_Hierarchy_Create_Orphans","UPDATES_DIMENSION","dimension","dimension::pDim","tm1_ti_parser",,"UNRESOLVED","2"
"UNRESOLVED_DYNAMIC_REFERENCE","cbf19fa2f73a68ae1d253180","process::SYS_Dim_Hierarchy_CreateFromConsolidations","UPDATES_DIMENSION","dimension","dimension::pDim","tm1_ti_parser",,"UNRESOLVED","2"
"UNRESOLVED_DYNAMIC_REFERENCE","11cdd58f1e895c1a23d899ab","process::Sys_Dim_Import_From_File","UPDATES_DIMENSION","dimension","dimension::pDim","tm1_ti_parser","DimensionElementInsert","UNRESOLVED","1"
"UNRESOLVED_DYNAMIC_REFERENCE","05687ea6625ddf6be76a53aa","process::Sys_Attribute Hierarchy","UPDATES_DIMENSION","dimension","dimension::pDimension","tm1_ti_parser",,"UNRESOLVED","6"
"UNRESOLVED_DYNAMIC_REFERENCE","1ab6b307d728e7ce0ac00e06","process::Sys_Dim_AllConsols_Delete","UPDATES_DIMENSION","dimension","dimension::pDimension","tm1_ti_parser","DimensionElementDelete","UNRESOLVED","1"
"UNRESOLVED_DYNAMIC_REFERENCE","08314e1b4f020679a17aa296","process::Sys_Dim_Element_Delete.FromSubset","UPDATES_DIMENSION","dimension","dimension::pDimension","tm1_ti_parser","DimensionElementDelete","UNRESOLVED","1"
"UNRESOLVED_DYNAMIC_REFERENCE","6b49ae75967faed198640b10","process::Sys_Dim_Hierarchy_Create_FromAttribute","UPDATES_DIMENSION","dimension","dimension::pDimension","tm1_ti_parser",,"UNRESOLVED","4"
"UNRESOLVED_DYNAMIC_REFERENCE","0c653a69d2460fc7fb33fa6c","process::Sys_Dim_Hierarchy_Create_FromAttribute_v2","UPDATES_DIMENSION","dimension","dimension::pDimension","tm1_ti_parser",,"UNRESOLVED","4"
"UNRESOLVED_DYNAMIC_REFERENCE","4ebf530abf7cec147b6bd5bf","process::Sys_Dim_Hierarchy_Unwind_All","UPDATES_DIMENSION","dimension","dimension::pDimension","tm1_ti_parser","DimensionElementComponentDelete","UNRESOLVED","1"
"UNRESOLVED_DYNAMIC_REFERENCE","7b92b586199ef85788583a15","process::Sys_Dim_Hierarchy_Unwind_Consolidation_Large","UPDATES_DIMENSION","dimension","dimension::pDimension","tm1_ti_parser","DimensionElementComponentDelete","UNRESOLVED","2"
"UNRESOLVED_DYNAMIC_REFERENCE","ac6d9701055f821ca825ad27","process::Sys_Legacy Element","UPDATES_DIMENSION","dimension","dimension::pDimension","tm1_ti_parser",,"UNRESOLVED","5"
"UNRESOLVED_DYNAMIC_REFERENCE","792805e3befd55f3e33c775b","process::Sys_Dim_Sort_Import","UPDATES_DIMENSION","dimension","dimension::pDimName","tm1_ti_parser",,"UNRESOLVED","3"
"UNRESOLVED_DYNAMIC_REFERENCE","64bcca22abaed59725e57bf6","process::Sys_Dim_Clone","UPDATES_DIMENSION","dimension","dimension::pTargetDim","tm1_ti_parser",,"UNRESOLVED","3"
"UNRESOLVED_DYNAMIC_REFERENCE","16566307097cfc3dfab1e8b2","process::Sys_Generic_Alternate Dimension Hierarchies","UPDATES_DIMENSION","dimension","dimension::pTgtDim","tm1_ti_parser",,"UNRESOLVED","3"
"UNRESOLVED_DYNAMIC_REFERENCE","42695ef846809c14b5f61adb","process::Sys_Generic_Parent Child Dimension","UPDATES_DIMENSION","dimension","dimension::sTgtDim","tm1_ti_parser",,"UNRESOLVED","3"
"UNRESOLVED_DYNAMIC_REFERENCE","329e66180b9081b453acc207","process::zTest_Record Count","WRITES_FILE","file","file::'s:\prod\oxychem\logs\'| pFile","tm1_ti_parser","AsciiOutput","UNRESOLVED","1"
"UNRESOLVED_DYNAMIC_REFERENCE","e8eccf5f9f75acb2342a8af4","process::Sys_Dim_Sort","WRITES_FILE","file","file::pDimName | '.bat'","tm1_ti_parser","TEXTOUTPUT","UNRESOLVED","1"
"UNRESOLVED_DYNAMIC_REFERENCE","05f3e80df5ab4d0878bcec83","process::zTemp Export - Balance Sheet","WRITES_FILE","file","file::s:\prod\OxyChem\Logs\'| sCube | '.txt","tm1_ti_parser","ASCIIOutPut","UNRESOLVED","3"
"UNRESOLVED_DYNAMIC_REFERENCE","80371b2a92f54905d1e504bb","process::zTemp Export - Below the Line","WRITES_FILE","file","file::s:\prod\OxyChem\Logs\'| sCube | '.txt","tm1_ti_parser","ASCIIOutPut","UNRESOLVED","3"
"UNRESOLVED_DYNAMIC_REFERENCE","ee8055f670ac47d0c60c7484","process::zTemp Export - Below the Line Assessment","WRITES_FILE","file","file::s:\prod\OxyChem\Logs\'| sCube | '.txt","tm1_ti_parser","ASCIIOutPut","UNRESOLVED","3"
"UNRESOLVED_DYNAMIC_REFERENCE","7ec25a3b7cbf32d798f71bc8","process::zTemp Export - Customer Profitability","WRITES_FILE","file","file::s:\prod\OxyChem\Logs\'| sCube | '.txt","tm1_ti_parser","ASCIIOutPut","UNRESOLVED","3"
"UNRESOLVED_DYNAMIC_REFERENCE","a3b97815f4d54ea057f4b58d","process::zTemp Export - Glenn Springs Outlook","WRITES_FILE","file","file::s:\prod\OxyChem\Logs\'| sCube | '.txt","tm1_ti_parser","ASCIIOutPut","UNRESOLVED","3"
"UNRESOLVED_DYNAMIC_REFERENCE","3de41679465bb6ac98b1fb02","process::zTemp Export - Glenn Springs Project","WRITES_FILE","file","file::s:\prod\OxyChem\Logs\'| sCube | '.txt","tm1_ti_parser","ASCIIOutPut","UNRESOLVED","3"
"UNRESOLVED_DYNAMIC_REFERENCE","bb045c1ad8bade81e6288337","process::zTemp Export - Inventory Walk","WRITES_FILE","file","file::s:\prod\OxyChem\Logs\'| sCube | '.txt","tm1_ti_parser","ASCIIOutPut","UNRESOLVED","3"
"UNRESOLVED_DYNAMIC_REFERENCE","56836a73a75605e1e8d517e7","process::zTemp Export - Manufacturing Cost","WRITES_FILE","file","file::s:\prod\OxyChem\Logs\'| sCube | '.txt","tm1_ti_parser","ASCIIOutPut","UNRESOLVED","3"
"UNRESOLVED_DYNAMIC_REFERENCE","45a48aa81ee4e4d6d41704b8","process::zTemp Export - Profit and Loss","WRITES_FILE","file","file::s:\prod\OxyChem\Logs\'| sCube | '.txt","tm1_ti_parser","ASCIIOutPut","UNRESOLVED","3"
"UNRESOLVED_DYNAMIC_REFERENCE","d235c9ff68fa3a091d1a41d0","process::zTemp Export - SYS Production Volume Filter","WRITES_FILE","file","file::s:\prod\OxyChem\Logs\'| sCube | '.txt","tm1_ti_parser","ASCIIOutPut","UNRESOLVED","3"
"UNRESOLVED_DYNAMIC_REFERENCE","877365d195761d7ce5c2e6a7","process::zTemp_Project Spending Opening Balances","WRITES_FILE","file","file::s:\prod\OXYChem\logs\Project_Spend_OB.dat","tm1_ti_parser","AsciiOutPut","UNRESOLVED","1"
"UNRESOLVED_DYNAMIC_REFERENCE","bcd5c083b8cb18cc2259ec59","process::DataUpdate - Project Spending - Validation EMail","WRITES_FILE","file","file::sAFEFile","tm1_ti_parser","AsciiOutPut","UNRESOLVED","2"
"UNRESOLVED_DYNAMIC_REFERENCE","ceb7965e76cd295f098e9d49","process::Sys_Dim_Hierarchy_CreateFromConfig","WRITES_FILE","file","file::sDataDebugFile","tm1_ti_parser","asciioutput","UNRESOLVED","1"
"UNRESOLVED_DYNAMIC_REFERENCE","69c88d4e96eeba4991be1dce","process::Sys_Cube_View_Create","WRITES_FILE","file","file::sDebugFile","tm1_ti_parser","AsciiOutput","UNRESOLVED","35"
"UNRESOLVED_DYNAMIC_REFERENCE","e35fdbf4fd893018e447ff06","process::Sys_Cube_View_Create_MDX","WRITES_FILE","file","file::sDebugFile","tm1_ti_parser","AsciiOutput","UNRESOLVED","35"
"UNRESOLVED_DYNAMIC_REFERENCE","6e2c6db0ca08cade6da75bbe","process::Sys_Cube_View_Delete","WRITES_FILE","file","file::sDebugFile","tm1_ti_parser","AsciiOutput","UNRESOLVED","11"
"UNRESOLVED_DYNAMIC_REFERENCE","2ca74b89170eea24a4d22db8","process::Sys_Cube_ViewAndSubsets_Delete","WRITES_FILE","file","file::sDebugFile","tm1_ti_parser","AsciiOutput","UNRESOLVED","13"
"UNRESOLVED_DYNAMIC_REFERENCE","78a7d83582fa90ed74e8ab3c","process::Sys_Cube_ViewAndSubsets.Create","WRITES_FILE","file","file::sDebugFile","tm1_ti_parser","AsciiOutput","UNRESOLVED","18"
"UNRESOLVED_DYNAMIC_REFERENCE","6024658fb64292b57a2c7027","process::Sys_Dim_AllConsols_Delete","WRITES_FILE","file","file::sDebugFile","tm1_ti_parser","AsciiOutput","UNRESOLVED","7"
"UNRESOLVED_DYNAMIC_REFERENCE","b908f82680b8ba64b2c6657d","process::Sys_Dim_AllElements_Delete","WRITES_FILE","file","file::sDebugFile","tm1_ti_parser","AsciiOutput","UNRESOLVED","5"
"UNRESOLVED_DYNAMIC_REFERENCE","9bfa5ff5933d5a58cf0deb28","process::Sys_Dim_Clone","WRITES_FILE","file","file::sDebugFile","tm1_ti_parser","AsciiOutput","UNRESOLVED","7"
"UNRESOLVED_DYNAMIC_REFERENCE","8425772bbc85aeb32301dc93","process::Sys_Dim_Element_Delete.FromSubset","WRITES_FILE","file","file::sDebugFile","tm1_ti_parser","AsciiOutput","UNRESOLVED","4"
"UNRESOLVED_DYNAMIC_REFERENCE","b8da1705bedc812bc274d4c7","process::Sys_Dim_Hierarchy_Clone","WRITES_FILE","file","file::sDebugFile","tm1_ti_parser","AsciiOutput","UNRESOLVED","3"
"UNRESOLVED_DYNAMIC_REFERENCE","948c515295f01a7a470102bc","process::Sys_Dim_Hierarchy_Create_FromAttribute","WRITES_FILE","file","file::sDebugFile","tm1_ti_parser","AsciiOutput","UNRESOLVED","23"
"UNRESOLVED_DYNAMIC_REFERENCE","98a14a4a2e62c4e67caa3c89","process::Sys_Dim_Hierarchy_Create_FromAttribute_v2","WRITES_FILE","file","file::sDebugFile","tm1_ti_parser","AsciiOutput","UNRESOLVED","20"
"UNRESOLVED_DYNAMIC_REFERENCE","231074c7ab5b485378b865d8","process::Sys_Dim_Hierarchy_Unwind_All","WRITES_FILE","file","file::sDebugFile","tm1_ti_parser","AsciiOutput","UNRESOLVED","6"
"UNRESOLVED_DYNAMIC_REFERENCE","b3da9163274207ec57e8810d","process::Sys_Dim_Hierarchy_Unwind_Consolidation","WRITES_FILE","file","file::sDebugFile","tm1_ti_parser","AsciiOutput","UNRESOLVED","10"
"UNRESOLVED_DYNAMIC_REFERENCE","77251a1cf00090cebee7bb85","process::Sys_Dim_Sub_Clone","WRITES_FILE","file","file::sDebugFile","tm1_ti_parser","AsciiOutput","UNRESOLVED","10"
"UNRESOLVED_DYNAMIC_REFERENCE","634f7edc76caa0be4a6fa3b1","process::Sys_Dim_Sub_Create","WRITES_FILE","file","file::sDebugFile","tm1_ti_parser","AsciiOutput","UNRESOLVED","30"
"UNRESOLVED_DYNAMIC_REFERENCE","277dc4d0328345ab7c0a2a3a","process::Sys_Dim_Sub_Create_ByMDX","WRITES_FILE","file","file::sDebugFile","tm1_ti_parser","AsciiOutput","UNRESOLVED","12"
"UNRESOLVED_DYNAMIC_REFERENCE","2345da1abdb99bffdbc9522c","process::Sys_Dim_Sub_Delete","WRITES_FILE","file","file::sDebugFile","tm1_ti_parser","AsciiOutput","UNRESOLVED","11"
"UNRESOLVED_DYNAMIC_REFERENCE","592e6fcd5722db089dbfbf47","process::SYS_Dim_Update_All_Subsets_Wrapper","WRITES_FILE","file","file::sDebugFile","tm1_ti_parser","AsciiOutput","UNRESOLVED","3"
"UNRESOLVED_DYNAMIC_REFERENCE","0572dfbd737dd8f61921203a","process::Sys_PAxLoader_Archive","WRITES_FILE","file","file::sErrACDOCAFile","tm1_ti_parser","AsciiOutPut","UNRESOLVED","7"
"UNRESOLVED_DYNAMIC_REFERENCE","2caa1c2948c35c3f85175056","process::DataUpdate - Corporate Headcount","WRITES_FILE","file","file::sErrCCFile","tm1_ti_parser","AsciiOutPut","UNRESOLVED","4"
"UNRESOLVED_DYNAMIC_REFERENCE","3c02a4931aa5ddb683006ee0","process::DataUpdate - Corporate Headcount - Contingent Workers","WRITES_FILE","file","file::sErrCCFile","tm1_ti_parser","AsciiOutPut","UNRESOLVED","1"
"UNRESOLVED_DYNAMIC_REFERENCE","219d0235acc4fb5e33bcd021","process::sys_ACDOCA_Period Check","WRITES_FILE","file","file::sErrFile","tm1_ti_parser","Asciioutput","UNRESOLVED","2"
"UNRESOLVED_DYNAMIC_REFERENCE","913a224bc8d506a7f90ea995","process::sys_File_DateStamp Check","WRITES_FILE","file","file::sErrFile","tm1_ti_parser","Asciioutput","UNRESOLVED","2"
"UNRESOLVED_DYNAMIC_REFERENCE","1954f8154083fe24ac5564d7","process::Sys_PAxLoader_Archive","WRITES_FILE","file","file::sErrFile","tm1_ti_parser","AsciiOutPut","UNRESOLVED","7"
"UNRESOLVED_DYNAMIC_REFERENCE","a1051fd20f7427263ba03cd4","process::Sys_PAxLoader_Archive","WRITES_FILE","file","file::sErrRecordFile","tm1_ti_parser","AsciiOutPut","UNRESOLVED","7"
"UNRESOLVED_DYNAMIC_REFERENCE","122c80564fb51784475b3632","process::Sys_Dim_Sort_Export","WRITES_FILE","file","file::sFileName","tm1_ti_parser","TEXTOUTPUT","UNRESOLVED","2"
"UNRESOLVED_DYNAMIC_REFERENCE","0e4f6fd389608b8ca854ad75","process::DataUpdate - Project Spending - Validation EMail","WRITES_FILE","file","file::sInvProfileFile","tm1_ti_parser","Asciioutput","UNRESOLVED","2"
"UNRESOLVED_DYNAMIC_REFERENCE","b1d036f37c72179d3b29b374","process::Sys_Dim_Element_Delete.FromSubset","WRITES_FILE","file","file::sLogFile","tm1_ti_parser","ASCIIOUTPUT","UNRESOLVED","2"
"UNRESOLVED_DYNAMIC_REFERENCE","8c14fc77041e5d2d05bf7022","process::DataUpdate - Project Spending - Validation EMail","WRITES_FILE","file","file::sMissFile","tm1_ti_parser","Asciioutput","UNRESOLVED","2"
"UNRESOLVED_DYNAMIC_REFERENCE","fe4753953485f06b58e12f65","process::DataUpdate - Glenn Springs Project - Remaining Unassigned","WRITES_FILE","file","file::sOutPutFile","tm1_ti_parser","ASCIIOutPut","UNRESOLVED","2"
"UNRESOLVED_DYNAMIC_REFERENCE","a2b410dcb254656969934d7f","process::Sys_Dim_Export_To_File","WRITES_FILE","file","file::sOutputFile","tm1_ti_parser","asciioutput","UNRESOLVED","3"
"UNRESOLVED_DYNAMIC_REFERENCE","bc1ceff17902beb08e13c818","process::SYS_Delete_Views_and_Subsets_By_Pattern","WRITES_FILE","file","file::sPrologDebugFile","tm1_ti_parser","asciioutput","UNRESOLVED","2"
"UNRESOLVED_DYNAMIC_REFERENCE","704a9f51ec1a672a9424b17e","process::Sys_Dim_Copy_Attributes","WRITES_FILE","file","file::sPrologDebugFile","tm1_ti_parser","asciioutput","UNRESOLVED","1"
"UNRESOLVED_DYNAMIC_REFERENCE","7807850de245155ed65e948d","process::Sys_Dim_Create_Derived_Dim_FromAttribute","WRITES_FILE","file","file::sPrologDebugFile","tm1_ti_parser","asciioutput","UNRESOLVED","2"
"UNRESOLVED_DYNAMIC_REFERENCE","3970801a094f19647ebbbabf","process::Sys_Dim_Create_Derived_Dim_FromAttributeList","WRITES_FILE","file","file::sPrologDebugFile","tm1_ti_parser","asciioutput","UNRESOLVED","1"
"UNRESOLVED_DYNAMIC_REFERENCE","3582cf9c5af325ff4a3fd30e","process::Sys_Dim_Create_Standard_Alias","WRITES_FILE","file","file::sPrologDebugFile","tm1_ti_parser","asciioutput","UNRESOLVED","1"
"UNRESOLVED_DYNAMIC_REFERENCE","3249e99d02ab7bdbe973a0be","process::Sys_Dim_Hierarchy_Create_FromMultipleLevelAttributes","WRITES_FILE","file","file::sPrologDebugFile","tm1_ti_parser","asciioutput","UNRESOLVED","1"
"UNRESOLVED_DYNAMIC_REFERENCE","9d790012d3bff3f59be8825e","process::SYS_Dim_Hierarchy_CreateFromConsolidations","WRITES_FILE","file","file::sPrologDebugFile","tm1_ti_parser","asciioutput","UNRESOLVED","1"
"UNRESOLVED_DYNAMIC_REFERENCE","bddc50e67d1bb259a935d119","process::Sys_Virtual Dimension","UPDATES_HIERARCHY","hierarchy","hierarchy::pDimension.sHierarchy","tm1_ti_parser",,"UNRESOLVED","4"
"UNRESOLVED_DYNAMIC_REFERENCE","62411b9e21c160206f9d3870","process::DimUpdateWrapper -  Functional Area","CALLS_PROCESS","process","process::DimUpdate - Functional Area- SAP Hierarchy","tm1_ti_parser","ExecuteProcess","UNRESOLVED","1"
"UNRESOLVED_DYNAMIC_REFERENCE","79319c29c0da1c2001b26abc","process::DimUpdateWrapper -  Order","CALLS_PROCESS","process","process::DimUpdateWrapper - Glenn Springs Order","tm1_ti_parser","ExecuteProcess","UNRESOLVED","1"
"UNRESOLVED_DYNAMIC_REFERENCE","4df9a0299139deeca33efd64","process::DimUpdateWrapper -  Order","CALLS_PROCESS","process","process::DimUpdateWrapper - Production Order","tm1_ti_parser","ExecuteProcess","UNRESOLVED","1"
"UNRESOLVED_DYNAMIC_REFERENCE","9011a154edabe739ddca2834","process::DimUpdateWrapper -  WBS Element","CALLS_PROCESS","process","process::DimUpdateWrapper - Turnaround and Other Project","tm1_ti_parser","ExecuteProcess","UNRESOLVED","1"
"UNRESOLVED_DYNAMIC_REFERENCE","14a12541ee07d875d96099a0","process::Sys_Cube_View_Create","CREATES_SUBSET","subset","subset::.sSubset","tm1_ti_parser","SubsetCreate","UNRESOLVED","1"
"UNRESOLVED_DYNAMIC_REFERENCE","c01c7731ed7eda913f2734dd","process::Sys_Cube_View_Create","UPDATES_SUBSET","subset","subset::.sSubset","tm1_ti_parser","SubsetElementInsert","UNRESOLVED","2"
"UNRESOLVED_DYNAMIC_REFERENCE","38914ea5a571513312ad2b9f","process::Sys_Cube_View_Create_MDX","UPDATES_SUBSET","subset","subset::.sSubset","tm1_ti_parser","SubsetElementInsert","UNRESOLVED","2"
"UNRESOLVED_DYNAMIC_REFERENCE","47262875ebb40c06bf75f9fb","process::Sys_Cube_View_Create_MDX","CREATES_SUBSET","subset","subset::.sSubset","tm1_ti_parser","SubsetCreate","UNRESOLVED","1"
"UNRESOLVED_DYNAMIC_REFERENCE","8ef9ed8cf01aa5ed408b5acd","process::DataWrapper - SYS Hierarchy Validation","UPDATES_SUBSET","subset","subset::}Dimensions.sView","tm1_ti_parser","SubsetElementInsert","UNRESOLVED","2"
"UNRESOLVED_DYNAMIC_REFERENCE","36c02018a32e63e9bc08e727","process::SecurityUpdate - Element Security","UPDATES_SUBSET","subset","subset::}Groups.sTgtView","tm1_ti_parser","SubsetElementInsert","UNRESOLVED","1"
"UNRESOLVED_DYNAMIC_REFERENCE","e15618f8dbcef93d425a9b79","process::SecurityUpdate - Element Security - Hierarchy Archive","UPDATES_SUBSET","subset","subset::}Groups.sTgtView","tm1_ti_parser","SubsetElementInsert","UNRESOLVED","1"
"UNRESOLVED_DYNAMIC_REFERENCE","e87bebec421bda3f62f281d1","process::SecurityUpdate - Element Security - Plant","UPDATES_SUBSET","subset","subset::}Groups.sTgtView","tm1_ti_parser","SubsetElementInsert","UNRESOLVED","1"
"UNRESOLVED_DYNAMIC_REFERENCE","900e08d10221510586a756a4","process::SecurityUpdate - Element Security - Plant - Hierarchy Archive","UPDATES_SUBSET","subset","subset::}Groups.sTgtView","tm1_ti_parser","SubsetElementInsert","UNRESOLVED","1"
"UNRESOLVED_DYNAMIC_REFERENCE","b0a0cb3a5d1a408e2e494719","process::DimUpdate - AFE Number - Rollups","DELETES_SUBSET","subset","subset::AFE Number.sSubset","tm1_ti_parser","SubsetDestroy","UNRESOLVED","1"
"UNRESOLVED_DYNAMIC_REFERENCE","3cce0e3aa40dfa195b937a50","process::}Drill_Balance Sheet Source","CREATES_SUBSET","subset","subset::Balance Sheet Source.sView","tm1_ti_parser","SubsetCreate","UNRESOLVED","1"
"UNRESOLVED_DYNAMIC_REFERENCE","da5af5802ed7198156482ddc","process::}Drill_Balance Sheet Source","UPDATES_SUBSET","subset","subset::Balance Sheet Source.sView","tm1_ti_parser","SubsetElementInsert","UNRESOLVED","2"
"UNRESOLVED_DYNAMIC_REFERENCE","aeee91fef9e3e76334f8164f","process::DataUpdate - Below the Line Assessments - Outlook Assessment Percentage","UPDATES_SUBSET","subset","subset::Below the Line Source.sSrcView","tm1_ti_parser","SubsetElementInsert","UNRESOLVED","1"
"UNRESOLVED_DYNAMIC_REFERENCE","40cf34b972263ce1369dd3fa","process::DataUpdate - Below the Line Assessments - Outlook Assessment Percentage - Plan","UPDATES_SUBSET","subset","subset::Below the Line Source.sSrcView","tm1_ti_parser","SubsetElementInsert","UNRESOLVED","1"
"UNRESOLVED_DYNAMIC_REFERENCE","caf3cf571d3ff318eea85e95","process::Notification - Below the Line","UPDATES_SUBSET","subset","subset::Below the Line Source.sSrcView","tm1_ti_parser","SubsetElementInsert","UNRESOLVED","1"
"UNRESOLVED_DYNAMIC_REFERENCE","16de7e8bf89a4c94971d679b","process::DataUpdate - Turnaround and Other Asset - Actual","UPDATES_SUBSET","subset","subset::BS Account.sSrcView","tm1_ti_parser","SubsetElementInsert","UNRESOLVED","3"
"UNRESOLVED_DYNAMIC_REFERENCE","b68bc05cb581a886f07363da","process::DataUpdate - Turnaround Reserve - Actual","UPDATES_SUBSET","subset","subset::BS Account.sSrcView","tm1_ti_parser","SubsetElementInsert","UNRESOLVED","2"
"UNRESOLVED_DYNAMIC_REFERENCE","522498e7d3c3f1beb77232d1","process::}Drill_Balance Sheet Source","CREATES_SUBSET","subset","subset::BS Account.sView","tm1_ti_parser","SubsetCreate","UNRESOLVED","1"
"UNRESOLVED_DYNAMIC_REFERENCE","ac55e5d186dbb2cff0e656b1","process::}Drill_Balance Sheet Source","UPDATES_SUBSET","subset","subset::BS Account.sView","tm1_ti_parser","SubsetElementInsert","UNRESOLVED","1"
"UNRESOLVED_DYNAMIC_REFERENCE","4f8326beb7d46af6588d9fa0","process::SYS_Dim_Sub_Delete_All_Control","DELETES_SUBSET","subset","subset::cDim.sSubset","tm1_ti_parser","SUBSETDESTROY","UNRESOLVED","1"
"UNRESOLVED_DYNAMIC_REFERENCE","98b903013382e6ae0f139474","process::}Drill_Balance Sheet Source","CREATES_SUBSET","subset","subset::Company.sView","tm1_ti_parser","SubsetCreate","UNRESOLVED","1"
"UNRESOLVED_DYNAMIC_REFERENCE","f0b1a74079c25ed4fe5e337b","process::}Drill_Balance Sheet Source","UPDATES_SUBSET","subset","subset::Company.sView","tm1_ti_parser","SubsetElementInsert","UNRESOLVED","1"
"UNRESOLVED_DYNAMIC_REFERENCE","b0e8bcbb4118bc77b0a97186","process::DataUpdate - Below the Line Assessment - Actual - Assessment Offset Postings","UPDATES_SUBSET","subset","subset::Cost Center.sSrcView","tm1_ti_parser","SubsetElementDelete","UNRESOLVED","1"
"UNRESOLVED_DYNAMIC_REFERENCE","6af74f56cdc25a7e26878526","process::DataUpdate - Below the Line Assessment - Actual - Assessment Postings","UPDATES_SUBSET","subset","subset::Cost Center.sSrcView","tm1_ti_parser","SubsetElementDelete","UNRESOLVED","1"
"UNRESOLVED_DYNAMIC_REFERENCE","90bbe08c853cb94feec9e5df","process::Sys_Dim_Sub_Create_ByMDX","CREATES_SUBSET","subset","subset::cTempSubset","tm1_ti_parser","SubsetCreateByMDX","UNRESOLVED","1"
"UNRESOLVED_DYNAMIC_REFERENCE","3341dc312a9f01be51ad4045","process::DataUpdate - Cost Standards - KEPH","UPDATES_SUBSET","subset","subset::ELEMENT.sTgtView","tm1_ti_parser","SubsetElementInsert","UNRESOLVED","1"
"UNRESOLVED_DYNAMIC_REFERENCE","636e54831d9a436d82a24b16","process::}Drill_BTL - Corporate Headcount","UPDATES_SUBSET","subset","subset::Employee.sView","tm1_ti_parser","SubsetElementInsert","UNRESOLVED","1"
"UNRESOLVED_DYNAMIC_REFERENCE","16eea154b3b9882c2120fe9a","process::}Drill_BTL Report - Corporate Headcount","UPDATES_SUBSET","subset","subset::Employee.sView","tm1_ti_parser","SubsetElementInsert","UNRESOLVED","1"
"UNRESOLVED_DYNAMIC_REFERENCE","8c1de1f687523760cad646b5","process::DataUpdate - Balance Sheet","UPDATES_SUBSET","subset","subset::Fiscal Period.sSrcView","tm1_ti_parser","SubsetElementInsert","UNRESOLVED","1"
"UNRESOLVED_DYNAMIC_REFERENCE","d81c761cbba63329d6d21e5b","process::DataUpdate - Balance Sheet - Outlook Seed Actual","UPDATES_SUBSET","subset","subset::Fiscal Period.sSrcView","tm1_ti_parser","SubsetElementInsert","UNRESOLVED","1"
"UNRESOLVED_DYNAMIC_REFERENCE","f728c576923b06339de0c79c","process::DataUpdate - Below the Line - Actual","UPDATES_SUBSET","subset","subset::Fiscal Period.sSrcView","tm1_ti_parser","SubsetElementInsert","UNRESOLVED","1"
"UNRESOLVED_DYNAMIC_REFERENCE","a3125ff4a5ca5f538fc0e7e9","process::DataUpdate - Below the Line - Corporate Headcount","UPDATES_SUBSET","subset","subset::Fiscal Period.sSrcView","tm1_ti_parser","SubsetElementInsert","UNRESOLVED","1"
"UNRESOLVED_DYNAMIC_REFERENCE","c5f6b2f8bc4bf6414dfd3e91","process::DataUpdate - Below the Line - Outlook Seed Actual","UPDATES_SUBSET","subset","subset::Fiscal Period.sSrcView","tm1_ti_parser","SubsetElementInsert","UNRESOLVED","1"
"UNRESOLVED_DYNAMIC_REFERENCE","f4e91edaf0e16c907b0de5a0","process::DataUpdate - Below the Line Assessment - Actual - Assessment Offset Postings","UPDATES_SUBSET","subset","subset::Fiscal Period.sSrcView","tm1_ti_parser","SubsetElementInsert","UNRESOLVED","1"
"UNRESOLVED_DYNAMIC_REFERENCE","3e69370c534092c1d8e8081b","process::DataUpdate - Below the Line Assessment - Actual - Assessment Postings","UPDATES_SUBSET","subset","subset::Fiscal Period.sSrcView","tm1_ti_parser","SubsetElementInsert","UNRESOLVED","1"
"UNRESOLVED_DYNAMIC_REFERENCE","677fac39c6d1592a78e61992","process::DataUpdate - Below the Line Assessments - Outlook - Period Range","UPDATES_SUBSET","subset","subset::Fiscal Period.sSrcView","tm1_ti_parser","SubsetElementInsert","UNRESOLVED","1"
"UNRESOLVED_DYNAMIC_REFERENCE","a0752dbb438b1c28810f5d7e","process::DataUpdate - Below the Line Assessments - Outlook Assessment Percentage","UPDATES_SUBSET","subset","subset::Fiscal Period.sSrcView","tm1_ti_parser","SubsetElementInsert","UNRESOLVED","2"
"UNRESOLVED_DYNAMIC_REFERENCE","5bb23427ab4f129389211466","process::DataUpdate - Below the Line Assessments - Outlook Assessment Percentage - Plan","UPDATES_SUBSET","subset","subset::Fiscal Period.sSrcView","tm1_ti_parser","SubsetElementInsert","UNRESOLVED","2"
"UNRESOLVED_DYNAMIC_REFERENCE","780bb0a7cb723801359b5f95","process::DataUpdate - Below the Line Assessments - Outlook Seed Actual","UPDATES_SUBSET","subset","subset::Fiscal Period.sSrcView","tm1_ti_parser","SubsetElementInsert","UNRESOLVED","1"
"UNRESOLVED_DYNAMIC_REFERENCE","b3689e9d64c934860cc6d145","process::DataUpdate - Corporate Headcount - Outlook Seed Actual","UPDATES_SUBSET","subset","subset::Fiscal Period.sSrcView","tm1_ti_parser","SubsetElementInsert","UNRESOLVED","1"
"UNRESOLVED_DYNAMIC_REFERENCE","66cb7fa8ec1220857571de5b","process::DataUpdate - Customer Profitability","UPDATES_SUBSET","subset","subset::Fiscal Period.sSrcView","tm1_ti_parser","SubsetElementInsert","UNRESOLVED","1"
"UNRESOLVED_DYNAMIC_REFERENCE","6368b86267f5e60cc23f60b9","process::DataUpdate - Customer Profitability - Outlook Seed Actual","UPDATES_SUBSET","subset","subset::Fiscal Period.sSrcView","tm1_ti_parser","SubsetElementInsert","UNRESOLVED","1"
"UNRESOLVED_DYNAMIC_REFERENCE","dabbc4a11b9723d4c2f9ee9a","process::DataUpdate - Fixed Manufacturing Cost - Actual","UPDATES_SUBSET","subset","subset::Fiscal Period.sSrcView","tm1_ti_parser","SubsetElementInsert","UNRESOLVED","1"
"UNRESOLVED_DYNAMIC_REFERENCE","782b46e4f29629f4e4eb7228","process::DataUpdate - Fixed Manufacturing Cost - Outlook Seed Actual","UPDATES_SUBSET","subset","subset::Fiscal Period.sSrcView","tm1_ti_parser","SubsetElementInsert","UNRESOLVED","1"
"UNRESOLVED_DYNAMIC_REFERENCE","2e10d80da153b43cce0a5f41","process::DataUpdate - Fixed Manufacturing Cost Assessment","UPDATES_SUBSET","subset","subset::Fiscal Period.sSrcView","tm1_ti_parser","SubsetElementInsert","UNRESOLVED","1"
"UNRESOLVED_DYNAMIC_REFERENCE","810508835985a5e830d1aa08","process::DataUpdate - Fixed Manufacturing Cost Assessment - T Account Assessment","UPDATES_SUBSET","subset","subset::Fiscal Period.sSrcView","tm1_ti_parser","SubsetElementInsert","UNRESOLVED","1"
"UNRESOLVED_DYNAMIC_REFERENCE","a77e82ce4e0339d050435cba","process::DataUpdate - Fund Flow","UPDATES_SUBSET","subset","subset::Fiscal Period.sSrcView","tm1_ti_parser","SubsetElementInsert","UNRESOLVED","1"
"UNRESOLVED_DYNAMIC_REFERENCE","ad3a1716d18b822484a5a078","process::DataUpdate - Glenn Springs Project - Actual","UPDATES_SUBSET","subset","subset::Fiscal Period.sSrcView","tm1_ti_parser","SubsetElementInsert","UNRESOLVED","1"
"UNRESOLVED_DYNAMIC_REFERENCE","80e75e12de001ced78f813aa","process::DataUpdate - Glenn Springs Project - Remaining Unassigned","UPDATES_SUBSET","subset","subset::Fiscal Period.sSrcView","tm1_ti_parser","SubsetElementInsert","UNRESOLVED","1"
"UNRESOLVED_DYNAMIC_REFERENCE","26e9bdbe75b06ea33d72c532","process::DataUpdate - Glenn Springs Project - Unassigned","UPDATES_SUBSET","subset","subset::Fiscal Period.sSrcView","tm1_ti_parser","SubsetElementInsert","UNRESOLVED","1"
"UNRESOLVED_DYNAMIC_REFERENCE","c2fa31ce2214141b42218fd8","process::DataUpdate - Intercompany","UPDATES_SUBSET","subset","subset::Fiscal Period.sSrcView","tm1_ti_parser","SubsetElementInsert","UNRESOLVED","1"
"UNRESOLVED_DYNAMIC_REFERENCE","45397746bf3c238ff989e7ca","process::DataUpdate - Intercompany Sandbox","UPDATES_SUBSET","subset","subset::Fiscal Period.sSrcView","tm1_ti_parser","SubsetElementInsert","UNRESOLVED","1"
"UNRESOLVED_DYNAMIC_REFERENCE","f0f92823dc7efbb5217ccb97","process::DataUpdate - Intercompany Sandbox - COS Elim","UPDATES_SUBSET","subset","subset::Fiscal Period.sSrcView","tm1_ti_parser","SubsetElementInsert","UNRESOLVED","1"
"UNRESOLVED_DYNAMIC_REFERENCE","4d6db8dd3972c45ad25570fc","process::DataUpdate - Intercompany Sandbox - Internal Markup","UPDATES_SUBSET","subset","subset::Fiscal Period.sSrcView","tm1_ti_parser","SubsetElementInsert","UNRESOLVED","1"
"UNRESOLVED_DYNAMIC_REFERENCE","3699de89b84715e21bd26a94","process::DataUpdate - Intercompany Sandbox - Sales Elim","UPDATES_SUBSET","subset","subset::Fiscal Period.sSrcView","tm1_ti_parser","SubsetElementInsert","UNRESOLVED","1"
"UNRESOLVED_DYNAMIC_REFERENCE","6f452beb4876d5eee3045ad4","process::DataUpdate - Inventory Walk","UPDATES_SUBSET","subset","subset::Fiscal Period.sSrcView","tm1_ti_parser","SubsetElementInsert","UNRESOLVED","1"
"UNRESOLVED_DYNAMIC_REFERENCE","8d0c2ca5c8becc2d1b830e70","process::DataUpdate - Inventory Walk - Manual Entries","UPDATES_SUBSET","subset","subset::Fiscal Period.sSrcView","tm1_ti_parser","SubsetElementInsert","UNRESOLVED","1"
"UNRESOLVED_DYNAMIC_REFERENCE","865b3e2a9d18858a5cf77a38","process::DataUpdate - Inventory Walk - Outlook Seed Actual","UPDATES_SUBSET","subset","subset::Fiscal Period.sSrcView","tm1_ti_parser","SubsetElementInsert","UNRESOLVED","1"
"UNRESOLVED_DYNAMIC_REFERENCE","4ee88ec0539f28c6eac73836","process::DataUpdate - Inventory Walk - Production Adjustment","UPDATES_SUBSET","subset","subset::Fiscal Period.sSrcView","tm1_ti_parser","SubsetElementInsert","UNRESOLVED","1"
"UNRESOLVED_DYNAMIC_REFERENCE","f74018d296e02cc901b18ed2","process::DataUpdate - Manufacturing Cost - Exclude","UPDATES_SUBSET","subset","subset::Fiscal Period.sSrcView","tm1_ti_parser","SubsetElementInsert","UNRESOLVED","1"
"UNRESOLVED_DYNAMIC_REFERENCE","67e22d746d7dc98817529537","process::DataUpdate - Manufacturing Cost - Outlook Seed Actual","UPDATES_SUBSET","subset","subset::Fiscal Period.sSrcView","tm1_ti_parser","SubsetElementInsert","UNRESOLVED","1"
"UNRESOLVED_DYNAMIC_REFERENCE","75ec8f35615cc7e7a01e1a30","process::DataUpdate - Manufacturing Cost Balancing","UPDATES_SUBSET","subset","subset::Fiscal Period.sSrcView","tm1_ti_parser","SubsetElementInsert","UNRESOLVED","1"
"UNRESOLVED_DYNAMIC_REFERENCE","d97c3771a78896ab3d873b98","process::DataUpdate - Plant Assessment - Actual","UPDATES_SUBSET","subset","subset::Fiscal Period.sSrcView","tm1_ti_parser","SubsetElementInsert","UNRESOLVED","1"
"UNRESOLVED_DYNAMIC_REFERENCE","cc320aa78d65b07ef5f1d722","process::DataUpdate - Profit and Loss - Actual","UPDATES_SUBSET","subset","subset::Fiscal Period.sSrcView","tm1_ti_parser","SubsetElementInsert","UNRESOLVED","1"
"UNRESOLVED_DYNAMIC_REFERENCE","f5adc9b107f6d666a1369fdb","process::DataUpdate - Profit and Loss - Freight Reclass","UPDATES_SUBSET","subset","subset::Fiscal Period.sSrcView","tm1_ti_parser","SubsetElementInsert","UNRESOLVED","1"
"UNRESOLVED_DYNAMIC_REFERENCE","a05c70c91de920cb95f4dad8","process::DataUpdate - Profit and Loss - Freight Reclass with Material Detail","UPDATES_SUBSET","subset","subset::Fiscal Period.sSrcView","tm1_ti_parser","SubsetElementInsert","UNRESOLVED","1"
"UNRESOLVED_DYNAMIC_REFERENCE","505b3b39cb1f41f62c1ddc28","process::DataUpdate - Profit and Loss - Intercompany","UPDATES_SUBSET","subset","subset::Fiscal Period.sSrcView","tm1_ti_parser","SubsetElementInsert","UNRESOLVED","1"
"UNRESOLVED_DYNAMIC_REFERENCE","7dca4e45638e7210f6f128f8","process::DataUpdate - Profit and Loss - Intercompany Sandbox","UPDATES_SUBSET","subset","subset::Fiscal Period.sSrcView","tm1_ti_parser","SubsetElementInsert","UNRESOLVED","1"
"UNRESOLVED_DYNAMIC_REFERENCE","022d304b0a2dbc00ddc22291","process::DataUpdate - Profit and Loss - Outlook Seed Actual","UPDATES_SUBSET","subset","subset::Fiscal Period.sSrcView","tm1_ti_parser","SubsetElementInsert","UNRESOLVED","1"
"UNRESOLVED_DYNAMIC_REFERENCE","e1cd3bd2facd9478056a8031","process::DataUpdate - SYS Intercompany Elim","UPDATES_SUBSET","subset","subset::Fiscal Period.sSrcView","tm1_ti_parser","SubsetElementInsert","UNRESOLVED","1"
"UNRESOLVED_DYNAMIC_REFERENCE","808f2e35e57dcf19caa83de6","process::DataUpdate - SYS Intercompany Elim - Cost of Sales","UPDATES_SUBSET","subset","subset::Fiscal Period.sSrcView","tm1_ti_parser","SubsetElementInsert","UNRESOLVED","1"
"UNRESOLVED_DYNAMIC_REFERENCE","300dc0036a4602c642002b04","process::DataUpdate - SYS Production Order","UPDATES_SUBSET","subset","subset::Fiscal Period.sSrcView","tm1_ti_parser","SubsetElementInsert","UNRESOLVED","1"
"UNRESOLVED_DYNAMIC_REFERENCE","81095760e359805dc905ba34","process::DataUpdate - Turnaround and Other Asset - Actual","UPDATES_SUBSET","subset","subset::Fiscal Period.sSrcView","tm1_ti_parser","SubsetElementInsert","UNRESOLVED","1"
"UNRESOLVED_DYNAMIC_REFERENCE","966e038f9bcc1e8d39161532","process::DataUpdate - Turnaround and Other Asset - Actual - Manual Assignments","UPDATES_SUBSET","subset","subset::Fiscal Period.sSrcView","tm1_ti_parser","SubsetElementInsert","UNRESOLVED","1"
"UNRESOLVED_DYNAMIC_REFERENCE","481c3c9bc3187979a2c55063","process::DataUpdate - Turnaround and Other Asset - Outlook Seed Actual","UPDATES_SUBSET","subset","subset::Fiscal Period.sSrcView","tm1_ti_parser","SubsetElementInsert","UNRESOLVED","1"
"UNRESOLVED_DYNAMIC_REFERENCE","6d64d6438ccf37d8cd11d3df","process::DataUpdate - Turnaround Reserve - Actual","UPDATES_SUBSET","subset","subset::Fiscal Period.sSrcView","tm1_ti_parser","SubsetElementInsert","UNRESOLVED","1"
"UNRESOLVED_DYNAMIC_REFERENCE","a6a840726d559055c8db681d","process::DataUpdate - Turnaround Reserve - Outlook Seed Actual","UPDATES_SUBSET","subset","subset::Fiscal Period.sSrcView","tm1_ti_parser","SubsetElementInsert","UNRESOLVED","1"
"UNRESOLVED_DYNAMIC_REFERENCE","d36527f9824eff1625512015","process::Notification - Intercompany - Sales Elim Profit Center","UPDATES_SUBSET","subset","subset::Fiscal Period.sSrcView","tm1_ti_parser","SubsetElementInsert","UNRESOLVED","1"
"UNRESOLVED_DYNAMIC_REFERENCE","b6bea4e57384c7c4bf04ac22","process::zTemp - Profit and Loss - Correct Legacy Qty","UPDATES_SUBSET","subset","subset::Fiscal Period.sSrcView","tm1_ti_parser","SubsetElementInsert","UNRESOLVED","1"
"UNRESOLVED_DYNAMIC_REFERENCE","dc207dd8bcfa7f16a9a33e77","process::zTemp_ Intercompany - Export Profit Centers","UPDATES_SUBSET","subset","subset::Fiscal Period.sSrcView","tm1_ti_parser","SubsetElementInsert","UNRESOLVED","1"
"UNRESOLVED_DYNAMIC_REFERENCE","3bd889ecd4139ba79f5cd589","process::zTemp_DataUpdate - Below the Line Assessments - Outlook - Period Range","UPDATES_SUBSET","subset","subset::Fiscal Period.sSrcView","tm1_ti_parser","SubsetElementInsert","UNRESOLVED","1"
"UNRESOLVED_DYNAMIC_REFERENCE","f772e9eaa1be5954d7c6ae25","process::zTemp_Document No_Index","UPDATES_SUBSET","subset","subset::Fiscal Period.sSrcView","tm1_ti_parser","SubsetElementInsert","UNRESOLVED","1"
"UNRESOLVED_DYNAMIC_REFERENCE","2489bf21b9f2d5058b832ad0","process::zTemp_Export Intercompany Sandbox Issues","UPDATES_SUBSET","subset","subset::Fiscal Period.sSrcView","tm1_ti_parser","SubsetElementInsert","UNRESOLVED","1"
"UNRESOLVED_DYNAMIC_REFERENCE","81c7e47a5ae7868291ea2d06","process::DataUpdate - Below the Line Assessments - Outlook - Period Range","UPDATES_SUBSET","subset","subset::Fiscal Period.sTgt2View","tm1_ti_parser","SubsetElementInsert","UNRESOLVED","1"
"UNRESOLVED_DYNAMIC_REFERENCE","012c1c5f8d6dabb9e6bad782","process::DataUpdate - Balance Sheet","UPDATES_SUBSET","subset","subset::Fiscal Period.sTgtView","tm1_ti_parser","SubsetElementInsert","UNRESOLVED","1"
"UNRESOLVED_DYNAMIC_REFERENCE","b62d0957748bc6ae46947100","process::DataUpdate - Balance Sheet - Outlook Seed Actual","UPDATES_SUBSET","subset","subset::Fiscal Period.sTgtView","tm1_ti_parser","SubsetElementInsert","UNRESOLVED","1"
"UNRESOLVED_DYNAMIC_REFERENCE","cd41d7debd27d14286e86b4d","process::DataUpdate - Balance Sheet Detail","UPDATES_SUBSET","subset","subset::Fiscal Period.sTgtView","tm1_ti_parser","SubsetElementInsert","UNRESOLVED","1"
"UNRESOLVED_DYNAMIC_REFERENCE","6d9b6f29fc44deb467a03439","process::DataUpdate - Below the Line - Actual","UPDATES_SUBSET","subset","subset::Fiscal Period.sTgtView","tm1_ti_parser","SubsetElementInsert","UNRESOLVED","1"
"UNRESOLVED_DYNAMIC_REFERENCE","f8492a395d106c0fee5a490f","process::DataUpdate - Below the Line - Corporate Headcount","UPDATES_SUBSET","subset","subset::Fiscal Period.sTgtView","tm1_ti_parser","SubsetElementInsert","UNRESOLVED","1"
"UNRESOLVED_DYNAMIC_REFERENCE","18d95f4f09c87952a552ee7e","process::DataUpdate - Below the Line - Outlook Seed Actual","UPDATES_SUBSET","subset","subset::Fiscal Period.sTgtView","tm1_ti_parser","SubsetElementInsert","UNRESOLVED","1"
"UNRESOLVED_DYNAMIC_REFERENCE","5a6836e4a57f12bab35b266e","process::DataUpdate - Below the Line Assessment - Actual - Assessment Offset Postings","UPDATES_SUBSET","subset","subset::Fiscal Period.sTgtView","tm1_ti_parser","SubsetElementInsert","UNRESOLVED","1"
"UNRESOLVED_DYNAMIC_REFERENCE","6b089c21850ff7bdd35aa41e","process::DataUpdate - Below the Line Assessment - Actual - Assessment Postings","UPDATES_SUBSET","subset","subset::Fiscal Period.sTgtView","tm1_ti_parser","SubsetElementInsert","UNRESOLVED","1"
"UNRESOLVED_DYNAMIC_REFERENCE","716acca0ffdff59c5b66f235","process::DataUpdate - Below the Line Assessments - Outlook - Period Range","UPDATES_SUBSET","subset","subset::Fiscal Period.sTgtView","tm1_ti_parser","SubsetElementInsert","UNRESOLVED","1"
"UNRESOLVED_DYNAMIC_REFERENCE","be1fc52460e79dddf8dca58d","process::DataUpdate - Below the Line Assessments - Outlook Seed Actual","UPDATES_SUBSET","subset","subset::Fiscal Period.sTgtView","tm1_ti_parser","SubsetElementInsert","UNRESOLVED","1"
"UNRESOLVED_DYNAMIC_REFERENCE","c4f09960e130af1df6e97531","process::DataUpdate - Corporate Headcount - Outlook Seed Actual","UPDATES_SUBSET","subset","subset::Fiscal Period.sTgtView","tm1_ti_parser","SubsetElementInsert","UNRESOLVED","1"
"UNRESOLVED_DYNAMIC_REFERENCE","a6ed2300b0d3f2d18c94a1c8","process::DataUpdate - Customer Profitability","UPDATES_SUBSET","subset","subset::Fiscal Period.sTgtView","tm1_ti_parser","SubsetElementInsert","UNRESOLVED","1"
"UNRESOLVED_DYNAMIC_REFERENCE","bae8addbd8e06222679d2d28","process::DataUpdate - Customer Profitability - Outlook Seed Actual","UPDATES_SUBSET","subset","subset::Fiscal Period.sTgtView","tm1_ti_parser","SubsetElementInsert","UNRESOLVED","1"
"UNRESOLVED_DYNAMIC_REFERENCE","0dc2eb55ca2731b5512e6f01","process::DataUpdate - Fixed Manufacturing Cost - Actual","UPDATES_SUBSET","subset","subset::Fiscal Period.sTgtView","tm1_ti_parser","SubsetElementInsert","UNRESOLVED","1"
"UNRESOLVED_DYNAMIC_REFERENCE","3d3bddb84e172d267d349eef","process::DataUpdate - Fixed Manufacturing Cost - Outlook Seed Actual","UPDATES_SUBSET","subset","subset::Fiscal Period.sTgtView","tm1_ti_parser","SubsetElementInsert","UNRESOLVED","1"
"UNRESOLVED_DYNAMIC_REFERENCE","dbe6f51c85fbb9cd8dc79f0c","process::DataUpdate - Fixed Manufacturing Cost Assessment","UPDATES_SUBSET","subset","subset::Fiscal Period.sTgtView","tm1_ti_parser","SubsetElementInsert","UNRESOLVED","1"
"UNRESOLVED_DYNAMIC_REFERENCE","3d0d3330ac1b9e906f3cb30d","process::DataUpdate - Fixed Manufacturing Cost Assessment - T Account Assessment","UPDATES_SUBSET","subset","subset::Fiscal Period.sTgtView","tm1_ti_parser","SubsetElementInsert","UNRESOLVED","1"
"UNRESOLVED_DYNAMIC_REFERENCE","d114ba6af0c0ef8913da663f","process::DataUpdate - Fund Flow","UPDATES_SUBSET","subset","subset::Fiscal Period.sTgtView","tm1_ti_parser","SubsetElementInsert","UNRESOLVED","1"
"UNRESOLVED_DYNAMIC_REFERENCE","6e6fad81a451f5ba5916ac86","process::DataUpdate - Glenn Springs Project - Actual","UPDATES_SUBSET","subset","subset::Fiscal Period.sTgtView","tm1_ti_parser","SubsetElementInsert","UNRESOLVED","1"
"UNRESOLVED_DYNAMIC_REFERENCE","804ebfe45924ba4671ff11d8","process::DataUpdate - Intercompany","UPDATES_SUBSET","subset","subset::Fiscal Period.sTgtView","tm1_ti_parser","SubsetElementInsert","UNRESOLVED","1"
"UNRESOLVED_DYNAMIC_REFERENCE","d7e790dfe251f65b3ec6fa14","process::DataUpdate - Intercompany Sandbox","UPDATES_SUBSET","subset","subset::Fiscal Period.sTgtView","tm1_ti_parser","SubsetElementInsert","UNRESOLVED","1"
"UNRESOLVED_DYNAMIC_REFERENCE","d067c6b57b8370f0eaca3350","process::DataUpdate - Intercompany Sandbox - COS Elim","UPDATES_SUBSET","subset","subset::Fiscal Period.sTgtView","tm1_ti_parser","SubsetElementInsert","UNRESOLVED","1"
"UNRESOLVED_DYNAMIC_REFERENCE","10595da496e6b0f94615ceab","process::DataUpdate - Intercompany Sandbox - Sales Elim","UPDATES_SUBSET","subset","subset::Fiscal Period.sTgtView","tm1_ti_parser","SubsetElementInsert","UNRESOLVED","1"
"UNRESOLVED_DYNAMIC_REFERENCE","583faf4d61a124006913eaa9","process::DataUpdate - Inventory Walk","UPDATES_SUBSET","subset","subset::Fiscal Period.sTgtView","tm1_ti_parser","SubsetElementInsert","UNRESOLVED","1"
"UNRESOLVED_DYNAMIC_REFERENCE","2393d055f6c8777a7b02f082","process::DataUpdate - Inventory Walk - Manual Entries","UPDATES_SUBSET","subset","subset::Fiscal Period.sTgtView","tm1_ti_parser","SubsetElementInsert","UNRESOLVED","1"
"UNRESOLVED_DYNAMIC_REFERENCE","25c30ebf301380cc8c68973c","process::DataUpdate - Inventory Walk - Outlook Seed Actual","UPDATES_SUBSET","subset","subset::Fiscal Period.sTgtView","tm1_ti_parser","SubsetElementInsert","UNRESOLVED","1"
"UNRESOLVED_DYNAMIC_REFERENCE","6e1b3431f53d47407dc4d61e","process::DataUpdate - Inventory Walk - Production Adjustment","UPDATES_SUBSET","subset","subset::Fiscal Period.sTgtView","tm1_ti_parser","SubsetElementInsert","UNRESOLVED","1"
"UNRESOLVED_DYNAMIC_REFERENCE","a1fe3f95854c288792aaf735","process::DataUpdate - Manufacturing Cost","UPDATES_SUBSET","subset","subset::Fiscal Period.sTgtView","tm1_ti_parser","SubsetElementInsert","UNRESOLVED","1"
"UNRESOLVED_DYNAMIC_REFERENCE","8d9fb2666303aa7fbd5710e9","process::DataUpdate - Manufacturing Cost - Exclude","UPDATES_SUBSET","subset","subset::Fiscal Period.sTgtView","tm1_ti_parser","SubsetElementInsert","UNRESOLVED","1"
"UNRESOLVED_DYNAMIC_REFERENCE","0bdc882e5f45c6e796c1c0da","process::DataUpdate - Manufacturing Cost - Outlook Seed Actual","UPDATES_SUBSET","subset","subset::Fiscal Period.sTgtView","tm1_ti_parser","SubsetElementInsert","UNRESOLVED","1"
"UNRESOLVED_DYNAMIC_REFERENCE","aadd87c328ef7499ffe5816b","process::DataUpdate - Manufacturing Cost - Transferred Costs","UPDATES_SUBSET","subset","subset::Fiscal Period.sTgtView","tm1_ti_parser","SubsetElementInsert","UNRESOLVED","1"
"UNRESOLVED_DYNAMIC_REFERENCE","afa2531bd70693a10c7c9d35","process::DataUpdate - Plant Assessment - Actual","UPDATES_SUBSET","subset","subset::Fiscal Period.sTgtView","tm1_ti_parser","SubsetElementInsert","UNRESOLVED","1"
"UNRESOLVED_DYNAMIC_REFERENCE","b5622063e570a6e1a3037db6","process::DataUpdate - Profit and Loss - Actual","UPDATES_SUBSET","subset","subset::Fiscal Period.sTgtView","tm1_ti_parser","SubsetElementInsert","UNRESOLVED","1"
"UNRESOLVED_DYNAMIC_REFERENCE","8ac8b2a0412214b8280ca4b2","process::DataUpdate - Profit and Loss - Fixed Manufacturing Cost Assessment","UPDATES_SUBSET","subset","subset::Fiscal Period.sTgtView","tm1_ti_parser","SubsetElementInsert","UNRESOLVED","1"
"UNRESOLVED_DYNAMIC_REFERENCE","62cbd78caa2abf252cdfce0d","process::DataUpdate - Profit and Loss - Fixed Manufacturing Cost Assessment - Period Range","UPDATES_SUBSET","subset","subset::Fiscal Period.sTgtView","tm1_ti_parser","SubsetElementInsert","UNRESOLVED","1"
"UNRESOLVED_DYNAMIC_REFERENCE","bfcdd365fcdcec51c37c9e7a","process::DataUpdate - Profit and Loss - Fixed Manufacturing Cost Assessment - Period Range - Plan","UPDATES_SUBSET","subset","subset::Fiscal Period.sTgtView","tm1_ti_parser","SubsetElementInsert","UNRESOLVED","1"
"UNRESOLVED_DYNAMIC_REFERENCE","f2b2d38b473d133517d24594","process::DataUpdate - Profit and Loss - Fixed Manufacturing Cost Assessment - Plan","UPDATES_SUBSET","subset","subset::Fiscal Period.sTgtView","tm1_ti_parser","SubsetElementInsert","UNRESOLVED","1"
"UNRESOLVED_DYNAMIC_REFERENCE","c4f718a5191cc6356d981885","process::DataUpdate - Profit and Loss - Freight Reclass","UPDATES_SUBSET","subset","subset::Fiscal Period.sTgtView","tm1_ti_parser","SubsetElementInsert","UNRESOLVED","2"
"UNRESOLVED_DYNAMIC_REFERENCE","69aed89b06e89cd3d262b5c0","process::DataUpdate - Profit and Loss - Freight Reclass with Material Detail","UPDATES_SUBSET","subset","subset::Fiscal Period.sTgtView","tm1_ti_parser","SubsetElementInsert","UNRESOLVED","2"
"UNRESOLVED_DYNAMIC_REFERENCE","a730321937d038e509f70671","process::DataUpdate - Profit and Loss - Intercompany","UPDATES_SUBSET","subset","subset::Fiscal Period.sTgtView","tm1_ti_parser","SubsetElementInsert","UNRESOLVED","1"
"UNRESOLVED_DYNAMIC_REFERENCE","7b4d500cc78d8dfeb1adfffd","process::DataUpdate - Profit and Loss - Intercompany Sandbox","UPDATES_SUBSET","subset","subset::Fiscal Period.sTgtView","tm1_ti_parser","SubsetElementInsert","UNRESOLVED","1"
"UNRESOLVED_DYNAMIC_REFERENCE","f66e851acb8c3733a992fd9c","process::DataUpdate - Profit and Loss - Outlook Seed Actual","UPDATES_SUBSET","subset","subset::Fiscal Period.sTgtView","tm1_ti_parser","SubsetElementInsert","UNRESOLVED","1"
"UNRESOLVED_DYNAMIC_REFERENCE","78635fadf92cf35d4ad5d54a","process::DataUpdate - Profit and Loss Detail","UPDATES_SUBSET","subset","subset::Fiscal Period.sTgtView","tm1_ti_parser","SubsetElementInsert","UNRESOLVED","1"
"UNRESOLVED_DYNAMIC_REFERENCE","2877f4cd3b6ae078ffbfe7c3","process::DataUpdate - SYS Intercompany Elim","UPDATES_SUBSET","subset","subset::Fiscal Period.sTgtView","tm1_ti_parser","SubsetElementInsert","UNRESOLVED","1"
"UNRESOLVED_DYNAMIC_REFERENCE","8bceeb2b8127a10c595a5ae5","process::DataUpdate - SYS Production Order","UPDATES_SUBSET","subset","subset::Fiscal Period.sTgtView","tm1_ti_parser","SubsetElementInsert","UNRESOLVED","1"
"UNRESOLVED_DYNAMIC_REFERENCE","8102cd770fe20308d95a4ace","process::DataUpdate - Turnaround and Other Asset - Actual","UPDATES_SUBSET","subset","subset::Fiscal Period.sTgtView","tm1_ti_parser","SubsetElementInsert","UNRESOLVED","1"
"UNRESOLVED_DYNAMIC_REFERENCE","cce71418d3d2c19db3d7fa49","process::DataUpdate - Turnaround and Other Asset - Outlook Seed Actual","UPDATES_SUBSET","subset","subset::Fiscal Period.sTgtView","tm1_ti_parser","SubsetElementInsert","UNRESOLVED","1"
"UNRESOLVED_DYNAMIC_REFERENCE","da830dcd470070d0d1c3f521","process::DataUpdate - Turnaround Reserve - Actual","UPDATES_SUBSET","subset","subset::Fiscal Period.sTgtView","tm1_ti_parser","SubsetElementInsert","UNRESOLVED","1"
"UNRESOLVED_DYNAMIC_REFERENCE","f84c0f455466444a9062f585","process::DataUpdate - Turnaround Reserve - Outlook Seed Actual","UPDATES_SUBSET","subset","subset::Fiscal Period.sTgtView","tm1_ti_parser","SubsetElementInsert","UNRESOLVED","1"
"UNRESOLVED_DYNAMIC_REFERENCE","aef63181408e0dc37075aaa5","process::zTemp_DataUpdate - Below the Line Assessments - Outlook - Period Range","UPDATES_SUBSET","subset","subset::Fiscal Period.sTgtView","tm1_ti_parser","SubsetElementInsert","UNRESOLVED","1"
"UNRESOLVED_DYNAMIC_REFERENCE","9c65417fca0932be5915803a","process::DataUpdate - Intercompany Sandbox - COS Elim","UPDATES_SUBSET","subset","subset::Fiscal Period.sTgtView2","tm1_ti_parser","SubsetElementInsert","UNRESOLVED","1"
"UNRESOLVED_DYNAMIC_REFERENCE","5a71ceff70f8e73e0bae2e1a","process::DataUpdate - Intercompany Sandbox - Sales Elim","UPDATES_SUBSET","subset","subset::Fiscal Period.sTgtView2","tm1_ti_parser","SubsetElementInsert","UNRESOLVED","1"
"UNRESOLVED_DYNAMIC_REFERENCE","206e7180b76300dd6979e753","process::DataUpdate - Profit and Loss - Fixed Manufacturing Cost Assessment","UPDATES_SUBSET","subset","subset::Fiscal Period.sTgtView2","tm1_ti_parser","SubsetElementInsert","UNRESOLVED","1"
"UNRESOLVED_DYNAMIC_REFERENCE","d4c13eae647f1fb5950c84a6","process::DataUpdate - Profit and Loss - Fixed Manufacturing Cost Assessment - Period Range","UPDATES_SUBSET","subset","subset::Fiscal Period.sTgtView2","tm1_ti_parser","SubsetElementInsert","UNRESOLVED","1"
"UNRESOLVED_DYNAMIC_REFERENCE","79f0143bf118d6fc1a3a041c","process::DataUpdate - Profit and Loss - Fixed Manufacturing Cost Assessment - Period Range - Plan","UPDATES_SUBSET","subset","subset::Fiscal Period.sTgtView2","tm1_ti_parser","SubsetElementInsert","UNRESOLVED","1"
"UNRESOLVED_DYNAMIC_REFERENCE","03b161923af621230de1cacb","process::DataUpdate - Profit and Loss - Fixed Manufacturing Cost Assessment - Plan","UPDATES_SUBSET","subset","subset::Fiscal Period.sTgtView2","tm1_ti_parser","SubsetElementInsert","UNRESOLVED","1"
"UNRESOLVED_DYNAMIC_REFERENCE","195df10e9cbc361d760e3e06","process::}Drill_Balance Sheet Source","CREATES_SUBSET","subset","subset::Fiscal Period.sView","tm1_ti_parser","SubsetCreate","UNRESOLVED","1"
"UNRESOLVED_DYNAMIC_REFERENCE","b18c4187e4c6c1fafc130674","process::}Drill_Balance Sheet Source","UPDATES_SUBSET","subset","subset::Fiscal Period.sView","tm1_ti_parser","SubsetElementInsert","UNRESOLVED","1"
"UNRESOLVED_DYNAMIC_REFERENCE","6dcb3c8a880f5231da614bcc","process::DataUpdate - Scenario Archive - Numeric","UPDATES_SUBSET","subset","subset::Fiscal Period.sViewSrc","tm1_ti_parser","SubsetElementInsert","UNRESOLVED","2"
"UNRESOLVED_DYNAMIC_REFERENCE","0c153b58030c02a647639316","process::zTemp_Test","UPDATES_SUBSET","subset","subset::Fiscal Period.sViewSrc","tm1_ti_parser","SubsetElementInsert","UNRESOLVED","2"
"UNRESOLVED_DYNAMIC_REFERENCE","8e28fd0ffa95b44e4cf1179d","process::DataUpdate - Scenario Archive - Numeric","UPDATES_SUBSET","subset","subset::Fiscal Period.sViewTgt","tm1_ti_parser","SubsetElementInsert","UNRESOLVED","2"
"UNRESOLVED_DYNAMIC_REFERENCE","b43a0dd8aa2e5911f3a2822f","process::DataUpdate - Scenario Archive - String","UPDATES_SUBSET","subset","subset::Fiscal Period.sViewTgt","tm1_ti_parser","SubsetElementInsert","UNRESOLVED","2"
"UNRESOLVED_DYNAMIC_REFERENCE","3116cbff9267bd1a75874c5e","process::}Drill_Balance Sheet Source","UPDATES_SUBSET","subset","subset::Flow Code.sView","tm1_ti_parser","SubsetElementInsert","UNRESOLVED","1"
"UNRESOLVED_DYNAMIC_REFERENCE","4cd52208dcaa6a0287092825","process::}Drill_Balance Sheet Source","CREATES_SUBSET","subset","subset::Flow Code.sView","tm1_ti_parser","SubsetCreate","UNRESOLVED","1"
"UNRESOLVED_DYNAMIC_REFERENCE","51962dc6cfb12bd67d19394e","process::DataUpdate - Below the Line - Actual","UPDATES_SUBSET","subset","subset::Functional Area.sSrcView","tm1_ti_parser","SubsetElementInsert","UNRESOLVED","1"
"UNRESOLVED_DYNAMIC_REFERENCE","54dd7fff529a3794ee94116c","process::DataUpdate - Below the Line Assessment - Actual - Assessment Postings","UPDATES_SUBSET","subset","subset::Functional Area.sSrcView","tm1_ti_parser","SubsetElementInsert","UNRESOLVED","1"
"UNRESOLVED_DYNAMIC_REFERENCE","82448b2726dbf162647d5167","process::DataUpdate - Fixed Manufacturing Cost - Actual","UPDATES_SUBSET","subset","subset::Functional Area.sSrcView","tm1_ti_parser","SubsetElementInsert","UNRESOLVED","1"
"UNRESOLVED_DYNAMIC_REFERENCE","c444f1304eb13017eee7aae6","process::DataUpdate - Plant Assessment - Actual","UPDATES_SUBSET","subset","subset::Functional Area.sSrcView","tm1_ti_parser","SubsetElementInsert","UNRESOLVED","1"
"UNRESOLVED_DYNAMIC_REFERENCE","49d5daee4a9d17a131883dd7","process::DataUpdate - Profit and Loss - Freight Reclass","UPDATES_SUBSET","subset","subset::Functional Area.sSrcView","tm1_ti_parser","SubsetElementInsert","UNRESOLVED","1"
"UNRESOLVED_DYNAMIC_REFERENCE","71c29e561685a4e528508c88","process::DataUpdate - Profit and Loss - Freight Reclass with Material Detail","UPDATES_SUBSET","subset","subset::Functional Area.sSrcView","tm1_ti_parser","SubsetElementInsert","UNRESOLVED","1"
"UNRESOLVED_DYNAMIC_REFERENCE","195277de5f039836b614859f","process::Notification - Profit and Loss - Clearing Accounts","UPDATES_SUBSET","subset","subset::Functional Area.sSrcView","tm1_ti_parser","SubsetElementInsert","UNRESOLVED","1"
"UNRESOLVED_DYNAMIC_REFERENCE","40baad4eb4f78b246099c90b","process::zTemp_Document No_Index","UPDATES_SUBSET","subset","subset::Functional Area.sSrcView","tm1_ti_parser","SubsetElementInsert","UNRESOLVED","1"
"UNRESOLVED_DYNAMIC_REFERENCE","df6390cbfd76177aa2cefd75","process::DataUpdate - Glenn Springs Project - Unassigned","UPDATES_SUBSET","subset","subset::Glenn Springs Order.sSrcView","tm1_ti_parser","SubsetElementInsert","UNRESOLVED","2"
"UNRESOLVED_DYNAMIC_REFERENCE","aa39f6ecc536b72b06fcede2","process::DataUpdate - Balance Sheet - Manual Entry","CREATES_SUBSET","subset","subset::Manual Input LineNo.sSrcView","tm1_ti_parser","SubsetCreate","UNRESOLVED","1"
"UNRESOLVED_DYNAMIC_REFERENCE","1570a7c7810b011b477b570b","process::DataUpdate - Balance Sheet - Manual Entry","DELETES_SUBSET","subset","subset::Manual Input LineNo.sSrcView","tm1_ti_parser","SubsetDestroy","UNRESOLVED","1"
"UNRESOLVED_DYNAMIC_REFERENCE","d56d8f8a48df82f391db242d","process::DataUpdate - Balance Sheet - Manual Entry","UPDATES_SUBSET","subset","subset::Manual Input LineNo.sSrcView","tm1_ti_parser","SubsetElementInsert","UNRESOLVED","1"
"UNRESOLVED_DYNAMIC_REFERENCE","2c739e1b91664c81670a629d","process::DataUpdate - Balance Sheet - Manual Entry - Clear Out","CREATES_SUBSET","subset","subset::Manual Input LineNo.sSrcView","tm1_ti_parser","SubsetCreate","UNRESOLVED","1"
"UNRESOLVED_DYNAMIC_REFERENCE","bf6ce7c9ab0a3f9197b71a08","process::DataUpdate - Balance Sheet - Manual Entry - Clear Out","UPDATES_SUBSET","subset","subset::Manual Input LineNo.sSrcView","tm1_ti_parser","SubsetElementInsert","UNRESOLVED","1"
"UNRESOLVED_DYNAMIC_REFERENCE","341d330e0347abdedf9a19e6","process::DataUpdate - Balance Sheet - Manual Entry - Clear Out","DELETES_SUBSET","subset","subset::Manual Input LineNo.sSrcView","tm1_ti_parser","SubsetDestroy","UNRESOLVED","1"
"UNRESOLVED_DYNAMIC_REFERENCE","6f636d220f7eb29f8e973fa9","process::DataUpdate - Intercompany - Manual Entry","CREATES_SUBSET","subset","subset::Manual Input LineNo.sSrcView","tm1_ti_parser","SubsetCreate","UNRESOLVED","1"
"UNRESOLVED_DYNAMIC_REFERENCE","89d46ccb4a3461fff355bd37","process::DataUpdate - Intercompany - Manual Entry","DELETES_SUBSET","subset","subset::Manual Input LineNo.sSrcView","tm1_ti_parser","SubsetDestroy","UNRESOLVED","1"
"UNRESOLVED_DYNAMIC_REFERENCE","71510551a28591c5fd508eb4","process::DataUpdate - Intercompany - Manual Entry","UPDATES_SUBSET","subset","subset::Manual Input LineNo.sSrcView","tm1_ti_parser","SubsetElementInsert","UNRESOLVED","1"
"UNRESOLVED_DYNAMIC_REFERENCE","33251e50ad9be23414119c41","process::DataUpdate - Intercompany - Manual Entry - Clear Out","DELETES_SUBSET","subset","subset::Manual Input LineNo.sSrcView","tm1_ti_parser","SubsetDestroy","UNRESOLVED","1"
"UNRESOLVED_DYNAMIC_REFERENCE","c7c8cadc6097205b301dc774","process::DataUpdate - Intercompany - Manual Entry - Clear Out","UPDATES_SUBSET","subset","subset::Manual Input LineNo.sSrcView","tm1_ti_parser","SubsetElementInsert","UNRESOLVED","1"
"UNRESOLVED_DYNAMIC_REFERENCE","83955056b748f11d6f0b0109","process::DataUpdate - Intercompany - Manual Entry - Clear Out","CREATES_SUBSET","subset","subset::Manual Input LineNo.sSrcView","tm1_ti_parser","SubsetCreate","UNRESOLVED","1"
"UNRESOLVED_DYNAMIC_REFERENCE","22d6eddf7317c808e68cc81b","process::DataUpdate - Profit and Loss - Manual Entry","UPDATES_SUBSET","subset","subset::Manual Input LineNo.sSrcView","tm1_ti_parser","SubsetElementInsert","UNRESOLVED","1"
"UNRESOLVED_DYNAMIC_REFERENCE","764d11bc2b3fac9f77dc90ae","process::DataUpdate - Profit and Loss - Manual Entry","CREATES_SUBSET","subset","subset::Manual Input LineNo.sSrcView","tm1_ti_parser","SubsetCreate","UNRESOLVED","1"
"UNRESOLVED_DYNAMIC_REFERENCE","637f98ec47ffb5ba9c691e8e","process::DataUpdate - Profit and Loss - Manual Entry","DELETES_SUBSET","subset","subset::Manual Input LineNo.sSrcView","tm1_ti_parser","SubsetDestroy","UNRESOLVED","1"
"UNRESOLVED_DYNAMIC_REFERENCE","199d0697fcc0d976ab579d77","process::DataUpdate - Profit and Loss - Manual Entry - Clear Out","DELETES_SUBSET","subset","subset::Manual Input LineNo.sSrcView","tm1_ti_parser","SubsetDestroy","UNRESOLVED","1"
"UNRESOLVED_DYNAMIC_REFERENCE","769d3a9908fa6bec44f30a38","process::DataUpdate - Profit and Loss - Manual Entry - Clear Out","UPDATES_SUBSET","subset","subset::Manual Input LineNo.sSrcView","tm1_ti_parser","SubsetElementInsert","UNRESOLVED","1"
"UNRESOLVED_DYNAMIC_REFERENCE","cdd6d807c49300eca25edc55","process::DataUpdate - Profit and Loss - Manual Entry - Clear Out","CREATES_SUBSET","subset","subset::Manual Input LineNo.sSrcView","tm1_ti_parser","SubsetCreate","UNRESOLVED","1"
"UNRESOLVED_DYNAMIC_REFERENCE","7c092af76982fd54d8ffc2da","process::}Drill_BTL - Manual PAX Entry","UPDATES_SUBSET","subset","subset::Manual Input LineNo.sView","tm1_ti_parser","SubsetElementInsert","UNRESOLVED","1"
"UNRESOLVED_DYNAMIC_REFERENCE","74a4b95509fd632398dfdde8","process::}Drill_BTL Report - Manual PAX Entry","UPDATES_SUBSET","subset","subset::Manual Input LineNo.sView","tm1_ti_parser","SubsetElementInsert","UNRESOLVED","1"
"UNRESOLVED_DYNAMIC_REFERENCE","cf853dcc67d4fd357406c7a5","process::DataUpdate - Sustainability - NaturalGasREV","UPDATES_SUBSET","subset","subset::Manufacturing Cost Object.sSrcView","tm1_ti_parser","SubsetElementInsert","UNRESOLVED","26"
"UNRESOLVED_DYNAMIC_REFERENCE","f891023bf28fa506cfc32ce6","process::DataUpdate - Sustainability Variable_V2","UPDATES_SUBSET","subset","subset::Manufacturing Cost Object.sSrcView","tm1_ti_parser","SubsetElementInsert","UNRESOLVED","26"
"UNRESOLVED_DYNAMIC_REFERENCE","5b47d8de5018ef5cce9776f9","process::DataUpdate - Sustainability - NaturalGasREV","UPDATES_SUBSET","subset","subset::Manufacturing Cost Type.sSrcView","tm1_ti_parser","SubsetElementInsert","UNRESOLVED","1"
"UNRESOLVED_DYNAMIC_REFERENCE","ed2f5a6a30b31928002a175d","process::DataUpdate - Sustainability Variable_V2","UPDATES_SUBSET","subset","subset::Manufacturing Cost Type.sSrcView","tm1_ti_parser","SubsetElementInsert","UNRESOLVED","1"
"UNRESOLVED_DYNAMIC_REFERENCE","ce688e65801d2cf4e7016d5b","process::DataUpdate - Profit and Loss - Freight Reclass","UPDATES_SUBSET","subset","subset::Material.sSrcView","tm1_ti_parser","SubsetElementInsert","UNRESOLVED","1"
"UNRESOLVED_DYNAMIC_REFERENCE","f75e8275f6ead0dcbcc8e05d","process::DataUpdate - Sustainability - NaturalGasREV","UPDATES_SUBSET","subset","subset::Material.sSrcView","tm1_ti_parser","SubsetElementInsert","UNRESOLVED","1"
"UNRESOLVED_DYNAMIC_REFERENCE","bed8ac381b9eb61dcb3eedcf","process::DataUpdate - Sustainability Variable_V2","UPDATES_SUBSET","subset","subset::Material.sSrcView","tm1_ti_parser","SubsetElementInsert","UNRESOLVED","1"
"UNRESOLVED_DYNAMIC_REFERENCE","73e93af8c6f9821acffdb6be","process::Notification - Profit and Loss - Clearing Accounts","UPDATES_SUBSET","subset","subset::Material.sSrcView","tm1_ti_parser","SubsetElementInsert","UNRESOLVED","1"
"UNRESOLVED_DYNAMIC_REFERENCE","77806c0a158fa63e6ac11c09","process::DataUpdate - Inventory Walk","UPDATES_SUBSET","subset","subset::mBalance Sheet Detail.sSrcView","tm1_ti_parser","SubsetElementInsert","UNRESOLVED","1"
"UNRESOLVED_DYNAMIC_REFERENCE","a3ca12600d21d8c33e379fac","process::}Drill_Balance Sheet Source","UPDATES_SUBSET","subset","subset::mBalance Sheet.sView","tm1_ti_parser","SubsetElementInsert","UNRESOLVED","1"
"UNRESOLVED_DYNAMIC_REFERENCE","f67493a74f3f47986414fafd","process::}Drill_Balance Sheet Source","CREATES_SUBSET","subset","subset::mBalance Sheet.sView","tm1_ti_parser","SubsetCreate","UNRESOLVED","1"
"UNRESOLVED_DYNAMIC_REFERENCE","ae7bfee9b51f8bf4477892b7","process::Notification - Below the Line","UPDATES_SUBSET","subset","subset::mBelow the Line Assessment.sSrcView","tm1_ti_parser","SubsetElementInsert","UNRESOLVED","1"
"UNRESOLVED_DYNAMIC_REFERENCE","f03e7a3400378044828aa2bd","process::DataUpdate - Intercompany Sandbox - COS Elim","UPDATES_SUBSET","subset","subset::mInterCompany.sSrcView","tm1_ti_parser","SubsetElementInsert","UNRESOLVED","2"
"UNRESOLVED_DYNAMIC_REFERENCE","30c01662b2bef8f4daa6a2d2","process::DataUpdate - Intercompany Sandbox - Internal Markup","UPDATES_SUBSET","subset","subset::mInterCompany.sSrcView","tm1_ti_parser","SubsetElementInsert","UNRESOLVED","1"
"UNRESOLVED_DYNAMIC_REFERENCE","691773a40124c0239300c737","process::DataUpdate - Intercompany Sandbox - Sales Elim","UPDATES_SUBSET","subset","subset::mInterCompany.sSrcView","tm1_ti_parser","SubsetElementInsert","UNRESOLVED","2"
"UNRESOLVED_DYNAMIC_REFERENCE","62ce46f69ab5afcde0dc1087","process::DataUpdate - Material Ledger - Beginning and Ending Inventory","DELETES_SUBSET","subset","subset::ML Document.sSrcView","tm1_ti_parser","SubsetDestroy","UNRESOLVED","1"
"UNRESOLVED_DYNAMIC_REFERENCE","eaa6e4678534fe1158f55b2e","process::DataUpdate - Material Ledger - Beginning and Ending Inventory","CREATES_SUBSET","subset","subset::ML Document.sSrcView","tm1_ti_parser","SubsetCreate","UNRESOLVED","1"
"UNRESOLVED_DYNAMIC_REFERENCE","d1bb9fc6821b3b4f4cfb708c","process::DataUpdate - Material Ledger - Consumption - All Other","CREATES_SUBSET","subset","subset::ML Document.sSrcView","tm1_ti_parser","SubsetCreate","UNRESOLVED","1"
"UNRESOLVED_DYNAMIC_REFERENCE","32e7546835e6e3e8a4b4ad23","process::DataUpdate - Material Ledger - Consumption - All Other","DELETES_SUBSET","subset","subset::ML Document.sSrcView","tm1_ti_parser","SubsetDestroy","UNRESOLVED","1"
"UNRESOLVED_DYNAMIC_REFERENCE","7b96029b29a2a55cc3998682","process::DataUpdate - Material Ledger - Consumption - Production","CREATES_SUBSET","subset","subset::ML Document.sSrcView","tm1_ti_parser","SubsetCreate","UNRESOLVED","1"
"UNRESOLVED_DYNAMIC_REFERENCE","9bc1a3dbc6a8cdcbcd873cdd","process::DataUpdate - Material Ledger - Consumption - Production","DELETES_SUBSET","subset","subset::ML Document.sSrcView","tm1_ti_parser","SubsetDestroy","UNRESOLVED","1"
"UNRESOLVED_DYNAMIC_REFERENCE","6bc79a38c4e3976cd3c099d9","process::DataUpdate - Material Ledger - Consumption - Sales","CREATES_SUBSET","subset","subset::ML Document.sSrcView","tm1_ti_parser","SubsetCreate","UNRESOLVED","1"
"UNRESOLVED_DYNAMIC_REFERENCE","60123f9cd00612622234404b","process::DataUpdate - Material Ledger - Consumption - Sales","DELETES_SUBSET","subset","subset::ML Document.sSrcView","tm1_ti_parser","SubsetDestroy","UNRESOLVED","1"
"UNRESOLVED_DYNAMIC_REFERENCE","b47f4a8ff81b8fdbdcf57737","process::DataUpdate - Material Ledger - Consumption - Transfers","CREATES_SUBSET","subset","subset::ML Document.sSrcView","tm1_ti_parser","SubsetCreate","UNRESOLVED","1"
"UNRESOLVED_DYNAMIC_REFERENCE","fcde43574fc97567d03452b5","process::DataUpdate - Material Ledger - Consumption - Transfers","DELETES_SUBSET","subset","subset::ML Document.sSrcView","tm1_ti_parser","SubsetDestroy","UNRESOLVED","1"
"UNRESOLVED_DYNAMIC_REFERENCE","785a866a79b34e77598c3fe0","process::DataUpdate - Material Ledger - Receipts - All other","CREATES_SUBSET","subset","subset::ML Document.sSrcView","tm1_ti_parser","SubsetCreate","UNRESOLVED","1"
"UNRESOLVED_DYNAMIC_REFERENCE","806d70be03c1b1a3fa3359bf","process::DataUpdate - Material Ledger - Receipts - All other","DELETES_SUBSET","subset","subset::ML Document.sSrcView","tm1_ti_parser","SubsetDestroy","UNRESOLVED","1"
"UNRESOLVED_DYNAMIC_REFERENCE","5b9adab2dd5a1cc0fa436cb5","process::DataUpdate - Material Ledger - Receipts - External Procured Receipts","DELETES_SUBSET","subset","subset::ML Document.sSrcView","tm1_ti_parser","SubsetDestroy","UNRESOLVED","1"
"UNRESOLVED_DYNAMIC_REFERENCE","62944899437626affd5e98c5","process::DataUpdate - Material Ledger - Receipts - External Procured Receipts","CREATES_SUBSET","subset","subset::ML Document.sSrcView","tm1_ti_parser","SubsetCreate","UNRESOLVED","1"
"UNRESOLVED_DYNAMIC_REFERENCE","5258c39b1105c01a61e5d75b","process::DataUpdate - Material Ledger - Receipts - Production","DELETES_SUBSET","subset","subset::ML Document.sSrcView","tm1_ti_parser","SubsetDestroy","UNRESOLVED","1"
"UNRESOLVED_DYNAMIC_REFERENCE","4376ecee2b9b7260572d481b","process::DataUpdate - Material Ledger - Receipts - Production","CREATES_SUBSET","subset","subset::ML Document.sSrcView","tm1_ti_parser","SubsetCreate","UNRESOLVED","1"
"UNRESOLVED_DYNAMIC_REFERENCE","bcc005b0adf60a29cfbac8cf","process::DataUpdate - Material Ledger - Receipts - Transfer Posting","CREATES_SUBSET","subset","subset::ML Document.sSrcView","tm1_ti_parser","SubsetCreate","UNRESOLVED","1"
"UNRESOLVED_DYNAMIC_REFERENCE","551eb02dc78996e5342a5f09","process::DataUpdate - Material Ledger - Receipts - Transfer Posting","DELETES_SUBSET","subset","subset::ML Document.sSrcView","tm1_ti_parser","SubsetDestroy","UNRESOLVED","1"
"UNRESOLVED_DYNAMIC_REFERENCE","84a3070f3fbf4f5d9198ec17","process::DataUpdate - Material Ledger - Revaluation - All Other","DELETES_SUBSET","subset","subset::ML Document.sSrcView","tm1_ti_parser","SubsetDestroy","UNRESOLVED","1"
"UNRESOLVED_DYNAMIC_REFERENCE","721f1b3a739f62258b07d169","process::DataUpdate - Material Ledger - Revaluation - All Other","CREATES_SUBSET","subset","subset::ML Document.sSrcView","tm1_ti_parser","SubsetCreate","UNRESOLVED","1"
"UNRESOLVED_DYNAMIC_REFERENCE","80ff08391e81c8344b534a12","process::DataUpdate - Material Ledger - Revaluation - Change in Material Price","DELETES_SUBSET","subset","subset::ML Document.sSrcView","tm1_ti_parser","SubsetDestroy","UNRESOLVED","1"
"UNRESOLVED_DYNAMIC_REFERENCE","f8d2c19aebae99e45c37b55c","process::DataUpdate - Material Ledger - Revaluation - Change in Material Price","CREATES_SUBSET","subset","subset::ML Document.sSrcView","tm1_ti_parser","SubsetCreate","UNRESOLVED","1"
"UNRESOLVED_DYNAMIC_REFERENCE","fb546f9408eb39eba8f2e601","process::DataUpdate - Material Ledger - Revaluation - External Procured Receipts","CREATES_SUBSET","subset","subset::ML Document.sSrcView","tm1_ti_parser","SubsetCreate","UNRESOLVED","1"
"UNRESOLVED_DYNAMIC_REFERENCE","5fe16748a2a653f7a061d920","process::DataUpdate - Material Ledger - Revaluation - External Procured Receipts","DELETES_SUBSET","subset","subset::ML Document.sSrcView","tm1_ti_parser","SubsetDestroy","UNRESOLVED","1"
"UNRESOLVED_DYNAMIC_REFERENCE","459835a05438074c85103da0","process::DataUpdate - Material Ledger - Revaluation - Production","DELETES_SUBSET","subset","subset::ML Document.sSrcView","tm1_ti_parser","SubsetDestroy","UNRESOLVED","1"
"UNRESOLVED_DYNAMIC_REFERENCE","251aa10818a731afb70253f5","process::DataUpdate - Material Ledger - Revaluation - Production","CREATES_SUBSET","subset","subset::ML Document.sSrcView","tm1_ti_parser","SubsetCreate","UNRESOLVED","1"
"UNRESOLVED_DYNAMIC_REFERENCE","6481f75f4a62a0cd29b17b1d","process::DataUpdate - Material Ledger - Revaluation - Production Consumption","CREATES_SUBSET","subset","subset::ML Document.sSrcView","tm1_ti_parser","SubsetCreate","UNRESOLVED","1"
"UNRESOLVED_DYNAMIC_REFERENCE","2750091506553cddf5cafe4f","process::DataUpdate - Material Ledger - Revaluation - Production Consumption","DELETES_SUBSET","subset","subset::ML Document.sSrcView","tm1_ti_parser","SubsetDestroy","UNRESOLVED","1"
"UNRESOLVED_DYNAMIC_REFERENCE","023913fc0762957bd61b8c9b","process::DataUpdate - Material Ledger - Revaluation - Sales","DELETES_SUBSET","subset","subset::ML Document.sSrcView","tm1_ti_parser","SubsetDestroy","UNRESOLVED","1"
"UNRESOLVED_DYNAMIC_REFERENCE","017a89b452073e33a255058b","process::DataUpdate - Material Ledger - Revaluation - Sales","CREATES_SUBSET","subset","subset::ML Document.sSrcView","tm1_ti_parser","SubsetCreate","UNRESOLVED","1"
"UNRESOLVED_DYNAMIC_REFERENCE","a75c5b7c65cb3c2c29364037","process::DataUpdate - Material Ledger - Revaluation - Transfer Posting","CREATES_SUBSET","subset","subset::ML Document.sSrcView","tm1_ti_parser","SubsetCreate","UNRESOLVED","1"
"UNRESOLVED_DYNAMIC_REFERENCE","d3fcc91ba4a2b0326243a855","process::DataUpdate - Material Ledger - Revaluation - Transfer Posting","DELETES_SUBSET","subset","subset::ML Document.sSrcView","tm1_ti_parser","SubsetDestroy","UNRESOLVED","1"
"UNRESOLVED_DYNAMIC_REFERENCE","d4cb0b7feb94b014ff99399b","process::DataUpdate - Material Ledger - Revaluation - Transfers Out","DELETES_SUBSET","subset","subset::ML Document.sSrcView","tm1_ti_parser","SubsetDestroy","UNRESOLVED","1"
"UNRESOLVED_DYNAMIC_REFERENCE","f408ff9bb912845da2fd0c40","process::DataUpdate - Material Ledger - Revaluation - Transfers Out","CREATES_SUBSET","subset","subset::ML Document.sSrcView","tm1_ti_parser","SubsetCreate","UNRESOLVED","1"
"UNRESOLVED_DYNAMIC_REFERENCE","b02b5659400ae07dbb7f6a90","process::DataUpdate - Project Spending - Actual","UPDATES_SUBSET","subset","subset::mProject Spending.sTgtView","tm1_ti_parser","SubsetElementInsert","UNRESOLVED","1"
"UNRESOLVED_DYNAMIC_REFERENCE","18211449ef69899d6fa03544","process::DimUpdate - Glenn Springs Order","DELETES_SUBSET","subset","subset::Order.sSubset","tm1_ti_parser","SubsetDestroy","UNRESOLVED","1"
"UNRESOLVED_DYNAMIC_REFERENCE","07edfa635c3f895a210a22f2","process::DimUpdate - Production Order","DELETES_SUBSET","subset","subset::Order.sSubset","tm1_ti_parser","SubsetDestroy","UNRESOLVED","1"
"UNRESOLVED_DYNAMIC_REFERENCE","ab1f4c39c08ebc2399ec592a","process::Sys_Dim_Hierarchy_Create_FromMDXSubset","DELETES_SUBSET","subset","subset::pDim.sSrcSubset","tm1_ti_parser","SubsetDestroy","UNRESOLVED","2"
"UNRESOLVED_DYNAMIC_REFERENCE","55b461d8ccf23bbeb9b6d209","process::Sys_Dim_Create_Derived_Dim_FromMDX","DELETES_SUBSET","subset","subset::pDim.sSubset","tm1_ti_parser","SubsetDestroy","UNRESOLVED","1"
"UNRESOLVED_DYNAMIC_REFERENCE","fd2dec58d2b323acfa5eb2e1","process::Sys_Dim_Sub_Create_ByMDX","UPDATES_SUBSET","subset","subset::pDimension.cTempSubset","tm1_ti_parser","SubsetElementDelete","UNRESOLVED","1"
"UNRESOLVED_DYNAMIC_REFERENCE","eea9129fc720f6d12e611747","process::Sys_Dim_Sub_Create_ByMDX","DELETES_SUBSET","subset","subset::pDimension.cTempSubset","tm1_ti_parser","SubsetDestroy","UNRESOLVED","2"
"UNRESOLVED_DYNAMIC_REFERENCE","48dea59333b9149dcd82293b","process::Sys_Dim_Element_Delete.FromSubset","DELETES_SUBSET","subset","subset::pDimension.pSubset","tm1_ti_parser","SubsetDestroy","UNRESOLVED","1"
"UNRESOLVED_DYNAMIC_REFERENCE","6d0ca706948720358eef5195","process::Sys_Dim_Sub_Create","UPDATES_SUBSET","subset","subset::pDimension.pSubset","tm1_ti_parser","SubsetElementInsert","UNRESOLVED","1"
"UNRESOLVED_DYNAMIC_REFERENCE","f30ff758b029be2c5af75177","process::Sys_Dim_Sub_Create","CREATES_SUBSET","subset","subset::pDimension.pSubset","tm1_ti_parser","SubsetCreate","UNRESOLVED","1"
"UNRESOLVED_DYNAMIC_REFERENCE","c5fa3634893581a38dd70e6c","process::Sys_Dim_Sub_Create_ByMDX","DELETES_SUBSET","subset","subset::pDimension.pSubset","tm1_ti_parser","SubsetDestroy","UNRESOLVED","1"
"UNRESOLVED_DYNAMIC_REFERENCE","1dba292a9e1cf61db0534760","process::Sys_Dim_Sub_Create_From_Delimited_String","UPDATES_SUBSET","subset","subset::pDimension.pSubset","tm1_ti_parser","SubsetElementInsert","UNRESOLVED","1"
"UNRESOLVED_DYNAMIC_REFERENCE","56c7ceff088835892bd5b034","process::Sys_Dim_Sub_Create_From_Delimited_String","CREATES_SUBSET","subset","subset::pDimension.pSubset","tm1_ti_parser","SubsetCreate","UNRESOLVED","1"
"UNRESOLVED_DYNAMIC_REFERENCE","c30fe4b70588f5fd4d7162f4","process::Sys_Dim_Sub_Clone","CREATES_SUBSET","subset","subset::pDimension.pTargetSub","tm1_ti_parser","SubsetCreate","UNRESOLVED","1"
"UNRESOLVED_DYNAMIC_REFERENCE","67da3c84e889341ab06c970d","process::Sys_Dim_Sub_Clone","UPDATES_SUBSET","subset","subset::pDimension.pTargetSub","tm1_ti_parser","SubsetElementInsert","UNRESOLVED","1"
"UNRESOLVED_DYNAMIC_REFERENCE","d1f859882382784837ba96a5","process::DataUpdate - SYS Hierarchy Validation","DELETES_SUBSET","subset","subset::pDimension.sSubset","tm1_ti_parser","SubsetDestroy","UNRESOLVED","1"
"UNRESOLVED_DYNAMIC_REFERENCE","a083b904e019eba08ae378f7","process::DataUpdate - SYS Hierarchy Validation - Duplicate Rollups","DELETES_SUBSET","subset","subset::pDimension.sSubSet","tm1_ti_parser","SubsetDestroy","UNRESOLVED","1"
"UNRESOLVED_DYNAMIC_REFERENCE","e7eb7a47d9e234de1f10ec5a","process::DataUpdate - SYS Hierarchy Validation - Duplicate Rollups","CREATES_SUBSET","subset","subset::pDimension.sSubset","tm1_ti_parser","subsetCreate","UNRESOLVED","1"
"UNRESOLVED_DYNAMIC_REFERENCE","978438973bd20eed82ecb142","process::Sys_Attribute Hierarchy","DELETES_SUBSET","subset","subset::pDimension.sSubset","tm1_ti_parser","SubsetDestroy","UNRESOLVED","1"
"UNRESOLVED_DYNAMIC_REFERENCE","08bee6629507e652c14c602c","process::Sys_Dim_Hierarchy_Unwind_Consolidation_Large","DELETES_SUBSET","subset","subset::pDimension.sSubset","tm1_ti_parser","SubsetDestroy","UNRESOLVED","1"
"UNRESOLVED_DYNAMIC_REFERENCE","d1854b59d114b67a62ca3a0b","process::Sys_Dim_Hierarchy_Unwind_Consolidation_Large","CREATES_SUBSET","subset","subset::pDimension.sSubset","tm1_ti_parser","subsetCreate","UNRESOLVED","1"
"UNRESOLVED_DYNAMIC_REFERENCE","9218d827fd91b87143bb6d98","process::Sys_Generic_Rollup Undefined","CREATES_SUBSET","subset","subset::pDimension.sSubset","tm1_ti_parser","SubsetCreate","UNRESOLVED","1"
"UNRESOLVED_DYNAMIC_REFERENCE","7fb1e220159e727581914ad4","process::Sys_Generic_Rollup Undefined","DELETES_SUBSET","subset","subset::pDimension.sSubset","tm1_ti_parser","SubsetDestroy","UNRESOLVED","1"
"UNRESOLVED_DYNAMIC_REFERENCE","1a990a5073066f238456dcbb","process::Sys_Generic_Rollup Undefined","UPDATES_SUBSET","subset","subset::pDimension.sSubset","tm1_ti_parser","SubsetElementInsert","UNRESOLVED","1"
"UNRESOLVED_DYNAMIC_REFERENCE","f861e7739f87d9b52784db0f","process::Sys_Virtual Dimension","DELETES_SUBSET","subset","subset::pDimension.sSubset","tm1_ti_parser","SubsetDestroy","UNRESOLVED","1"
"UNRESOLVED_DYNAMIC_REFERENCE","d60ca334550de56ae3ad9504","process::DataUpdate - Below the Line Assessment - Actual - Assessment Postings","UPDATES_SUBSET","subset","subset::PL Account.sSrcView","tm1_ti_parser","SubsetElementInsert","UNRESOLVED","1"
"UNRESOLVED_DYNAMIC_REFERENCE","9bdb2e60388c625cb81e798d","process::DataUpdate - Intercompany Sandbox - Internal Markup","UPDATES_SUBSET","subset","subset::PL Account.sSrcView","tm1_ti_parser","SubsetElementInsert","UNRESOLVED","2"
"UNRESOLVED_DYNAMIC_REFERENCE","beee50bf2ebbe0cec6f0b393","process::DataUpdate - Manufacturing Cost Balancing","UPDATES_SUBSET","subset","subset::PL Account.sSrcView","tm1_ti_parser","subsetelementinsert","UNRESOLVED","1"
"UNRESOLVED_DYNAMIC_REFERENCE","77e6fea9e3da98854a718c49","process::Notification - Below the Line","UPDATES_SUBSET","subset","subset::PL Account.sSrcView","tm1_ti_parser","SubsetElementInsert","UNRESOLVED","1"
"UNRESOLVED_DYNAMIC_REFERENCE","a0da6fcffee4aa80ad6c4d3f","process::DimUpdate - Plant Assessment Cost Object - Plant Orders","DELETES_SUBSET","subset","subset::Plant Assessment Cost Object.sSubset","tm1_ti_parser","SubsetDestroy","UNRESOLVED","1"
"UNRESOLVED_DYNAMIC_REFERENCE","66f6a7dd37576108e0dad0e2","process::DataUpdate - Profit and Loss - Freight Reclass","UPDATES_SUBSET","subset","subset::Plant.sSrcView","tm1_ti_parser","SubsetElementInsert","UNRESOLVED","1"
"UNRESOLVED_DYNAMIC_REFERENCE","29f76307e4aab0bb0629aaf9","process::DataUpdate - Profit and Loss - Freight Reclass with Material Detail","UPDATES_SUBSET","subset","subset::Plant.sSrcView","tm1_ti_parser","SubsetElementInsert","UNRESOLVED","1"
"UNRESOLVED_DYNAMIC_REFERENCE","7b7be8aa6e10bda6bf817c01","process::Notification - Profit and Loss - Clearing Accounts","UPDATES_SUBSET","subset","subset::Plant.sSrcView","tm1_ti_parser","SubsetElementInsert","UNRESOLVED","1"
"UNRESOLVED_DYNAMIC_REFERENCE","1dda78be1640a1de499c7ea9","process::DataUpdate - Fixed Manufacturing Cost - Load Outlook to BudInc","UPDATES_SUBSET","subset","subset::Plant.sTgtView","tm1_ti_parser","SubsetElementInsert","UNRESOLVED","2"
"UNRESOLVED_DYNAMIC_REFERENCE","25fc96704ec7510909923f0f","process::DataUpdate - Sustainability - NaturalGasREV","UPDATES_SUBSET","subset","subset::Production Filter.sSrcView","tm1_ti_parser","SubsetElementInsert","UNRESOLVED","1"
"UNRESOLVED_DYNAMIC_REFERENCE","5a7d93c03566b0242a04f07a","process::DataUpdate - Sustainability Variable_V2","UPDATES_SUBSET","subset","subset::Production Filter.sSrcView","tm1_ti_parser","SubsetElementInsert","UNRESOLVED","1"
"UNRESOLVED_DYNAMIC_REFERENCE","5320ad9a0944478c0558e594","process::DataUpdate - Sustainability - NaturalGasREV","UPDATES_SUBSET","subset","subset::Production Order.sSrcView","tm1_ti_parser","SubsetElementInsert","UNRESOLVED","1"
"UNRESOLVED_DYNAMIC_REFERENCE","d29519150cabbe453379359f","process::DataUpdate - Sustainability Variable_V2","UPDATES_SUBSET","subset","subset::Production Order.sSrcView","tm1_ti_parser","SubsetElementInsert","UNRESOLVED","1"
"UNRESOLVED_DYNAMIC_REFERENCE","ba8108ef7fc354d0fba3df06","process::Notification - Profit and Loss - Clearing Accounts","UPDATES_SUBSET","subset","subset::Profit and Loss Source.sSrcView","tm1_ti_parser","SubsetElementInsert","UNRESOLVED","1"
"UNRESOLVED_DYNAMIC_REFERENCE","e0eab1c9425a84297575561c","process::Notification - Below the Line","UPDATES_SUBSET","subset","subset::Profit Center.sSrcView","tm1_ti_parser","SubsetElementInsert","UNRESOLVED","1"
"UNRESOLVED_DYNAMIC_REFERENCE","f3aa83dddbd42b272221bc42","process::}Drill_Balance Sheet Source","CREATES_SUBSET","subset","subset::Profit Center.sView","tm1_ti_parser","SubsetCreate","UNRESOLVED","1"
"UNRESOLVED_DYNAMIC_REFERENCE","3f738821bb96f9384298e622","process::}Drill_Balance Sheet Source","UPDATES_SUBSET","subset","subset::Profit Center.sView","tm1_ti_parser","SubsetElementInsert","UNRESOLVED","1"
"UNRESOLVED_DYNAMIC_REFERENCE","0b22780fcba3b8243309f56a","process::DataUpdate - Profit and Loss - Freight Reclass","UPDATES_SUBSET","subset","subset::ProfitCenter.sSrcView","tm1_ti_parser","SubsetElementInsert","UNRESOLVED","1"
"UNRESOLVED_DYNAMIC_REFERENCE","14f93c4e7f2bc792b9ad5094","process::DataUpdate - Profit and Loss - Freight Reclass with Material Detail","UPDATES_SUBSET","subset","subset::ProfitCenter.sSrcView","tm1_ti_parser","SubsetElementInsert","UNRESOLVED","1"
"UNRESOLVED_DYNAMIC_REFERENCE","cd3843e0e474ebbe2a73f38c","process::Sys_Dim_Clone","CREATES_SUBSET","subset","subset::pSourceDim.cSubset","tm1_ti_parser","SubsetCreate","UNRESOLVED","1"
"UNRESOLVED_DYNAMIC_REFERENCE","8c6d8fb8d185c359cfef1e37","process::Sys_Dim_Create_Derived_Dim_FromMDX","DELETES_SUBSET","subset","subset::pSrcDim.sSubset","tm1_ti_parser","SubsetDestroy","UNRESOLVED","1"
"UNRESOLVED_DYNAMIC_REFERENCE","3717197cfe306ce5f6a0408f","process::Sys_Generic_Alternate Dimension Hierarchies","CREATES_SUBSET","subset","subset::pSrcDim.sSubset","tm1_ti_parser","subsetCreate","UNRESOLVED","1"
"UNRESOLVED_DYNAMIC_REFERENCE","221c378a108f6cc7df443932","process::Sys_Generic_Alternate Dimension Hierarchies","DELETES_SUBSET","subset","subset::pSrcDim.sSubset","tm1_ti_parser","subsetDestroy","UNRESOLVED","1"
"UNRESOLVED_DYNAMIC_REFERENCE","2edefe1bcdd3c72b22e64892","process::Sys_Dim_Sub_Create_ByMDX","CREATES_SUBSET","subset","subset::pSubset","tm1_ti_parser","SubsetCreateByMDX","UNRESOLVED","1"
"UNRESOLVED_DYNAMIC_REFERENCE","54fe7336ba85022c7c298320","process::Sys_Dim_Sub_Create_ByMDX_Full","CREATES_SUBSET","subset","subset::pSubset","tm1_ti_parser","SubsetCreatebyMDX","UNRESOLVED","1"
"UNRESOLVED_DYNAMIC_REFERENCE","e9d06e6476c02762e0707e58","process::}Drill_Balance Sheet Source","UPDATES_SUBSET","subset","subset::Scenario.sView","tm1_ti_parser","SubsetElementInsert","UNRESOLVED","1"
"UNRESOLVED_DYNAMIC_REFERENCE","f31544aa2b2408da907a7017","process::}Drill_Balance Sheet Source","CREATES_SUBSET","subset","subset::Scenario.sView","tm1_ti_parser","SubsetCreate","UNRESOLVED","1"
"UNRESOLVED_DYNAMIC_REFERENCE","c5ffb2fd670dc82a02e1bd24","process::Sys_Dim_Hierarchy_Create_FromAttribute","UPDATES_SUBSET","subset","subset::sDim.cDataView","tm1_ti_parser","SubsetElementInsert","UNRESOLVED","1"
"UNRESOLVED_DYNAMIC_REFERENCE","348a685007ad73ba665b9fea","process::Sys_Dim_Hierarchy_Create_FromAttribute","DELETES_SUBSET","subset","subset::sDim.cDataView","tm1_ti_parser","SubsetDestroy","UNRESOLVED","1"
"UNRESOLVED_DYNAMIC_REFERENCE","316ed20178a05d658d2237b5","process::Sys_Dim_Hierarchy_Create_FromAttribute","CREATES_SUBSET","subset","subset::sDim.cDataView","tm1_ti_parser","SubsetCreate","UNRESOLVED","1"
"UNRESOLVED_DYNAMIC_REFERENCE","7c1aa5239e533af7758e68c3","process::Sys_Dim_Hierarchy_Create_FromAttribute_v2","CREATES_SUBSET","subset","subset::sDim.cDataView","tm1_ti_parser","SubsetCreate","UNRESOLVED","1"
"UNRESOLVED_DYNAMIC_REFERENCE","8af152923c22dc787a2b3dcd","process::Sys_Dim_Hierarchy_Create_FromAttribute_v2","DELETES_SUBSET","subset","subset::sDim.cDataView","tm1_ti_parser","SubsetDestroy","UNRESOLVED","1"
"UNRESOLVED_DYNAMIC_REFERENCE","90a3c911dff853f6158c09a5","process::Sys_Dim_Hierarchy_Create_FromAttribute_v2","UPDATES_SUBSET","subset","subset::sDim.cDataView","tm1_ti_parser","SubsetElementInsert","UNRESOLVED","1"
"UNRESOLVED_DYNAMIC_REFERENCE","9c3550c45b362cf9e3cf16e4","process::Sys_Cube_ViewAndSubsets.Create","CREATES_SUBSET","subset","subset::sDimension.cSubset","tm1_ti_parser","SubsetCreate","UNRESOLVED","2"
"UNRESOLVED_DYNAMIC_REFERENCE","b926e899b0bbbe11de01b36c","process::Sys_Dim_Sub_Delete","DELETES_SUBSET","subset","subset::sDimension.sSubset","tm1_ti_parser","SubsetDestroy","UNRESOLVED","2"
"UNRESOLVED_DYNAMIC_REFERENCE","4dc96bd78926e103bb647fd3","process::Sys_Cube_ViewAndSubsets_Delete","DELETES_SUBSET","subset","subset::sDimName.cSubset","tm1_ti_parser","SubsetDestroy","UNRESOLVED","1"
"UNRESOLVED_DYNAMIC_REFERENCE","47a5e2b6f34facc5ea142d9d","process::Sys_Dim_Hierarchy_Create_FromMDXSubset","CREATES_SUBSET","subset","subset::sSrcSubset","tm1_ti_parser","SubsetCreateByMDX","UNRESOLVED","1"
"UNRESOLVED_DYNAMIC_REFERENCE","bda1c1d5f5d65fc743e106f2","process::Sys_Dim_Create_Derived_Dim_FromMDX","CREATES_SUBSET","subset","subset::sSubset","tm1_ti_parser","SubsetCreateByMDX","UNRESOLVED","1"
"UNRESOLVED_DYNAMIC_REFERENCE","78cdbe71c0c7af2e7f2d69ff","process::DimUpdate - BS Account - Hierarchies - Leaf Account","DELETES_SUBSET","subset","subset::SYS BS Account Hierarchy.sSubset","tm1_ti_parser","SubsetDestroy","UNRESOLVED","1"
"UNRESOLVED_DYNAMIC_REFERENCE","6dbc0782f0818b48c9281d76","process::DimUpdate - Functional Area - SAP Hierarchy Import","DELETES_SUBSET","subset","subset::SYS Func Area Hierarchy.sSrcSubset","tm1_ti_parser","SubsetDestroy","UNRESOLVED","1"
"UNRESOLVED_DYNAMIC_REFERENCE","e6e8d1d82cbff781ca0dac7c","process::DimUpdate - Functional Area - SAP Hierarchy Import","CREATES_SUBSET","subset","subset::SYS Func Area Hierarchy.sSrcSubset","tm1_ti_parser","SubsetCreate","UNRESOLVED","1"
"UNRESOLVED_DYNAMIC_REFERENCE","66c2c08dec83ae955d98221a","process::DataWrapper - SYS Hierarchy Validation","UPDATES_SUBSET","subset","subset::SYS Hierarchy.sView","tm1_ti_parser","SubsetElementInsert","UNRESOLVED","1"
"UNRESOLVED_DYNAMIC_REFERENCE","4b2bba8a4bdcef6d0ba60e26","process::}Drill_Balance Sheet Source","UPDATES_SUBSET","subset","subset::Trading Partner.sView","tm1_ti_parser","SubsetElementInsert","UNRESOLVED","1"
"UNRESOLVED_DYNAMIC_REFERENCE","d823c77b5679a395aa07aea4","process::}Drill_Balance Sheet Source","CREATES_SUBSET","subset","subset::Trading Partner.sView","tm1_ti_parser","SubsetCreate","UNRESOLVED","1"
"UNRESOLVED_DYNAMIC_REFERENCE","11e3abefeba98aa8b5372d99","process::SYS_Delete_Views_and_Subsets_By_Pattern","DELETES_SUBSET","subset","subset::vDim.vSub","tm1_ti_parser","SubsetDestroy","UNRESOLVED","1"
"UNRESOLVED_DYNAMIC_REFERENCE","6c89b7c3ac531c43bcc76651","process::DimUpdate - Turnaround and Other Project","DELETES_SUBSET","subset","subset::WBS Element.sSubset","tm1_ti_parser","SubSetDestroy","UNRESOLVED","1"
"UNRESOLVED_DYNAMIC_REFERENCE","b474a86e0e479cdf8b1cfeac","process::DataUpdate - Project Spending - Validation","USES_VIEW","view","view::}ElementAttributes_AFE Number.sTgtView2","tm1_ti_parser","ViewZeroOut","UNRESOLVED","1"
"UNRESOLVED_DYNAMIC_REFERENCE","959b031c8e75a89ee8d6b97a","process::DataUpdate - Project Spending - Validation - Manual","USES_VIEW","view","view::}ElementAttributes_AFE Number.sTgtView2","tm1_ti_parser","ViewZeroOut","UNRESOLVED","1"
"UNRESOLVED_DYNAMIC_REFERENCE","2ff5f0645fe760d7705104b6","process::DimUpdate - KALNR - CKMLPR","USES_VIEW","view","view::}ElementAttributes_KALNR.sTgtView","tm1_ti_parser","ViewZeroOut","UNRESOLVED","1"
"UNRESOLVED_DYNAMIC_REFERENCE","1f5d8234e0be7c9e97ba3880","process::DimUpdate - KALNR - KEKO","USES_VIEW","view","view::}ElementAttributes_KALNR.sTgtView","tm1_ti_parser","ViewZeroOut","UNRESOLVED","1"
"UNRESOLVED_DYNAMIC_REFERENCE","7e07fc0025f1839ff5a12a31","process::DimUpdate - Material","USES_VIEW","view","view::}ElementAttributes_Material.sTgtView","tm1_ti_parser","ViewZeroOut","UNRESOLVED","1"
"UNRESOLVED_DYNAMIC_REFERENCE","f14452528953d238712a9592","process::DimUpdate - Order","USES_VIEW","view","view::}ElementAttributes_Order.sTgtView","tm1_ti_parser","ViewZeroOut","UNRESOLVED","1"
"UNRESOLVED_DYNAMIC_REFERENCE","4a825f8129c0e319f6a00faa","process::DataUpdate - Project Spending - Validation","USES_VIEW","view","view::}ElementAttributes_WBS Element.sTgtView","tm1_ti_parser","ViewZeroOut","UNRESOLVED","1"
"UNRESOLVED_DYNAMIC_REFERENCE","e1dc6eadb1843ad68d590011","process::DataUpdate - Project Spending - Validation - Manual","USES_VIEW","view","view::}ElementAttributes_WBS Element.sTgtView","tm1_ti_parser","ViewZeroOut","UNRESOLVED","1"
"UNRESOLVED_DYNAMIC_REFERENCE","bafa30e2c844a8bbb8ac7c87","process::SecurityUpdate - Element Security - Plant","USES_VIEW","view","view::}ElementSecurity_Plant.sTgtView","tm1_ti_parser","ViewZeroOut","UNRESOLVED","1"
"UNRESOLVED_DYNAMIC_REFERENCE","b4d77048aeedaad12d482f40","process::SecurityUpdate - Element Security - Plant - Hierarchy Archive","USES_VIEW","view","view::}ElementSecurity_Plant.sTgtView","tm1_ti_parser","ViewZeroOut","UNRESOLVED","1"
"UNRESOLVED_DYNAMIC_REFERENCE","d3a1938466c3751ca7c0f667","process::DataUpdate - Balance Sheet Detail","USES_VIEW","view","view::Balance Sheet Detail.sTgtView","tm1_ti_parser","ViewZeroOut","UNRESOLVED","1"
"UNRESOLVED_DYNAMIC_REFERENCE","c33d2f7fa1af011dda2d6b18","process::DataUpdate - Balance Sheet","USES_VIEW","view","view::Balance Sheet.sTgtView","tm1_ti_parser","ViewZeroOut","UNRESOLVED","1"
"UNRESOLVED_DYNAMIC_REFERENCE","34af2ad13a18d1c66ff587e8","process::DataUpdate - Balance Sheet - Outlook Seed Actual","USES_VIEW","view","view::Balance Sheet.sTgtView","tm1_ti_parser","ViewZeroOut","UNRESOLVED","1"
"UNRESOLVED_DYNAMIC_REFERENCE","f746883debe9e20fcfd30e91","process::DataUpdate - Balance Sheet - Period 13","USES_VIEW","view","view::Balance Sheet.sTgtView","tm1_ti_parser","ViewZeroOut","UNRESOLVED","1"
"UNRESOLVED_DYNAMIC_REFERENCE","8182d3c56f279236262a0e28","process::}Drill_Balance Sheet Source","DELETES_VIEW","view","view::Balance Sheet.sView","tm1_ti_parser","ViewDestroy","UNRESOLVED","1"
"UNRESOLVED_DYNAMIC_REFERENCE","03989504d78b8159fd16ec8f","process::}Drill_Balance Sheet Source","CREATES_VIEW","view","view::Balance Sheet.sView","tm1_ti_parser","viewCreate","UNRESOLVED","1"
"UNRESOLVED_DYNAMIC_REFERENCE","b36c7816d69f9308ff9cd373","process::}Drill_Balance Sheet Source","USES_VIEW","view","view::Balance Sheet.sView","tm1_ti_parser","ViewSubsetAssign","UNRESOLVED","9"
"UNRESOLVED_DYNAMIC_REFERENCE","aef28f1820fec3dd0f7d1889","process::zTemp Import - Balance Sheet","USES_VIEW","view","view::Balance Sheet.sViewSrc","tm1_ti_parser","ViewZeroOut","UNRESOLVED","1"
"UNRESOLVED_DYNAMIC_REFERENCE","475a1d0457a0d5ee5a1166e1","process::DataUpdate - Below the Line Assessment - Actual - Assessment Offset Postings","USES_VIEW","view","view::Below the Line Assessment.sTgtView","tm1_ti_parser","ViewZeroOut","UNRESOLVED","1"
"UNRESOLVED_DYNAMIC_REFERENCE","dff902fa1f5ba035f25a6623","process::DataUpdate - Below the Line Assessment - Actual - Assessment Postings","USES_VIEW","view","view::Below the Line Assessment.sTgtView","tm1_ti_parser","ViewZeroOut","UNRESOLVED","1"
"UNRESOLVED_DYNAMIC_REFERENCE","87f620773a927d3cf5e77801","process::DataUpdate - Below the Line Assessment - Actual - Manual Entry","USES_VIEW","view","view::Below the Line Assessment.sTgtView","tm1_ti_parser","ViewZeroOut","UNRESOLVED","1"
"UNRESOLVED_DYNAMIC_REFERENCE","76a6df352817ba1cf83b9591","process::DataUpdate - Below The Line Assessment - Copy Assess % Override","USES_VIEW","view","view::Below the Line Assessment.sTgtView","tm1_ti_parser","ViewZeroOut","UNRESOLVED","1"
"UNRESOLVED_DYNAMIC_REFERENCE","62e7d21f4a2beb7f0b887135","process::DataUpdate - Below The Line Assessment - Copy Assess % Override - Plan","USES_VIEW","view","view::Below the Line Assessment.sTgtView","tm1_ti_parser","ViewZeroOut","UNRESOLVED","1"
"UNRESOLVED_DYNAMIC_REFERENCE","6c026f5623534380fa885b18","process::DataUpdate - Below the Line Assessments - Outlook","USES_VIEW","view","view::Below the Line Assessment.sTgtView","tm1_ti_parser","ViewZeroOut","UNRESOLVED","1"
"UNRESOLVED_DYNAMIC_REFERENCE","c626f4c6d82b9f24a4e5f2a4","process::DataUpdate - Below the Line Assessments - Outlook - Period Range","USES_VIEW","view","view::Below the Line Assessment.sTgtView","tm1_ti_parser","ViewZeroOut","UNRESOLVED","1"
"UNRESOLVED_DYNAMIC_REFERENCE","0549f19b8db66a643f594992","process::DataUpdate - Below the Line Assessments - Outlook Assessment Percentage","USES_VIEW","view","view::Below the Line Assessment.sTgtView","tm1_ti_parser","ViewZeroOut","UNRESOLVED","1"
"UNRESOLVED_DYNAMIC_REFERENCE","79184f49fdfde368d4ec164a","process::DataUpdate - Below the Line Assessments - Outlook Assessment Percentage - Plan","USES_VIEW","view","view::Below the Line Assessment.sTgtView","tm1_ti_parser","ViewZeroOut","UNRESOLVED","1"
"UNRESOLVED_DYNAMIC_REFERENCE","db8725a7af452650359f57f7","process::DataUpdate - Below the Line Assessments - Outlook Seed Actual","USES_VIEW","view","view::Below the Line Assessment.sTgtView","tm1_ti_parser","ViewZeroOut","UNRESOLVED","1"
"UNRESOLVED_DYNAMIC_REFERENCE","c5821d93f1ece59652530034","process::DataUpdate - Below the Line Assessments - Plan","USES_VIEW","view","view::Below the Line Assessment.sTgtView","tm1_ti_parser","ViewZeroOut","UNRESOLVED","1"
"UNRESOLVED_DYNAMIC_REFERENCE","1b9c3703cfca8c08e7161b8f","process::zTemp_DataUpdate - Below the Line Assessments - Outlook - Period Range","USES_VIEW","view","view::Below the Line Assessment.sTgtView","tm1_ti_parser","ViewZeroOut","UNRESOLVED","1"
"UNRESOLVED_DYNAMIC_REFERENCE","89f5e5f20074a43745c8cbee","process::DataUpdate - Below the Line - Manual Entry","USES_VIEW","view","view::Below the Line Assessment.sTgtView2","tm1_ti_parser","ViewZeroOut","UNRESOLVED","1"
"UNRESOLVED_DYNAMIC_REFERENCE","ce40b2db7df8a015ffeb2284","process::DataUpdate - Below the Line Assessments - Outlook Assessment Percentage","USES_VIEW","view","view::Below the Line Assessment.sTgtView2","tm1_ti_parser","ViewZeroOut","UNRESOLVED","1"
"UNRESOLVED_DYNAMIC_REFERENCE","8aab24d9b86b562962446c29","process::DataUpdate - Below the Line Assessments - Outlook Assessment Percentage - Plan","USES_VIEW","view","view::Below the Line Assessment.sTgtView2","tm1_ti_parser","ViewZeroOut","UNRESOLVED","1"
"UNRESOLVED_DYNAMIC_REFERENCE","18edc9aade54121432a64171","process::zTemp Import - Below the Line Assessment","USES_VIEW","view","view::Below the Line Assessment.sViewSrc","tm1_ti_parser","ViewZeroOut","UNRESOLVED","1"
"UNRESOLVED_DYNAMIC_REFERENCE","b3b82b5b128ed4fef38a6418","process::DataUpdate - Below the Line - Actual","USES_VIEW","view","view::Below the Line.sTgtView","tm1_ti_parser","ViewZeroOut","UNRESOLVED","1"
"UNRESOLVED_DYNAMIC_REFERENCE","04ce234e32c4da434340d137","process::DataUpdate - Below the Line - Corporate Headcount","USES_VIEW","view","view::Below the Line.sTgtView","tm1_ti_parser","ViewZeroOut","UNRESOLVED","1"
"UNRESOLVED_DYNAMIC_REFERENCE","cf8ffe28bb77c49980649b08","process::DataUpdate - Below the Line - Manual Entry","USES_VIEW","view","view::Below the Line.sTgtView","tm1_ti_parser","ViewZeroOut","UNRESOLVED","1"
"UNRESOLVED_DYNAMIC_REFERENCE","cb5c3064481b17191bf7a345","process::DataUpdate - Below the Line - Outlook Seed Actual","USES_VIEW","view","view::Below the Line.sTgtView","tm1_ti_parser","ViewZeroOut","UNRESOLVED","1"
"UNRESOLVED_DYNAMIC_REFERENCE","a36678fb9e5023cd71ce65a6","process::zTemp Import - Below the Line","USES_VIEW","view","view::Below the Line.sViewSrc","tm1_ti_parser","ViewZeroOut","UNRESOLVED","1"
"UNRESOLVED_DYNAMIC_REFERENCE","0237a81ff4e0b5cadf9f3155","process::DataUpdate - Below the Line - Load Outlook to BudInc","USES_VIEW","view","view::BudInc.sTgtView","tm1_ti_parser","ViewZeroOut","UNRESOLVED","1"
"UNRESOLVED_DYNAMIC_REFERENCE","17e57eb7339fe3054718b222","process::DataUpdate - Fixed Manufacturing Cost - Load Outlook to BudInc","USES_VIEW","view","view::BudInc.sTgtView","tm1_ti_parser","ViewZeroOut","UNRESOLVED","1"
"UNRESOLVED_DYNAMIC_REFERENCE","9463ca9a86b4aad0818d6d13","process::Sys_Dim_Hierarchy_Create_FromAttribute","CREATES_VIEW","view","view::cAttributeDim.cDataView","tm1_ti_parser","ViewCreate","UNRESOLVED","1"
"UNRESOLVED_DYNAMIC_REFERENCE","a675a868b5e199a1b3c10414","process::Sys_Dim_Hierarchy_Create_FromAttribute","USES_VIEW","view","view::cAttributeDim.cDataView","tm1_ti_parser","ViewSubsetAssign","UNRESOLVED","1"
"UNRESOLVED_DYNAMIC_REFERENCE","e221129012a75be9397d91be","process::Sys_Dim_Hierarchy_Create_FromAttribute","DELETES_VIEW","view","view::cAttributeDim.cDataView","tm1_ti_parser","ViewDestroy","UNRESOLVED","1"
"UNRESOLVED_DYNAMIC_REFERENCE","4763d5748d16ddec322b6136","process::Sys_Dim_Hierarchy_Create_FromAttribute_v2","USES_VIEW","view","view::cAttributeDim.cDataView","tm1_ti_parser","ViewSubsetAssign","UNRESOLVED","1"
"UNRESOLVED_DYNAMIC_REFERENCE","313525a144ab70e092a13d8e","process::Sys_Dim_Hierarchy_Create_FromAttribute_v2","DELETES_VIEW","view","view::cAttributeDim.cDataView","tm1_ti_parser","ViewDestroy","UNRESOLVED","1"
"UNRESOLVED_DYNAMIC_REFERENCE","4d342769be839660081a0eb7","process::Sys_Dim_Hierarchy_Create_FromAttribute_v2","CREATES_VIEW","view","view::cAttributeDim.cDataView","tm1_ti_parser","ViewCreate","UNRESOLVED","1"
"UNRESOLVED_DYNAMIC_REFERENCE","7659dcce3dfa5148c6c15c6b","process::DataUpdate - Corporate Headcount","USES_VIEW","view","view::Corporate Headcount.sTgtView","tm1_ti_parser","ViewZeroOut","UNRESOLVED","1"
"UNRESOLVED_DYNAMIC_REFERENCE","1d1e9291a5ba8e40d665eb75","process::DataUpdate - Corporate Headcount - Outlook Seed Actual","USES_VIEW","view","view::Corporate Headcount.sTgtView","tm1_ti_parser","ViewZeroOut","UNRESOLVED","1"
"UNRESOLVED_DYNAMIC_REFERENCE","e0ab37b202e6e16ed4b9a714","process::zTemp_Fixed MFG_Cost center","USES_VIEW","view","view::Cost Center.sTgtView","tm1_ti_parser","ViewZeroOut","UNRESOLVED","1"
"UNRESOLVED_DYNAMIC_REFERENCE","9d012736d3664aa9b33c8457","process::zTemp Import - Cost Center","USES_VIEW","view","view::Cost Center.sViewSrc","tm1_ti_parser","ViewZeroOut","UNRESOLVED","1"
"UNRESOLVED_DYNAMIC_REFERENCE","d378fbcb8b98ece78e840fba","process::DataUpdate - Cost Standards - KEPH","USES_VIEW","view","view::Cost Standards.sTgtView","tm1_ti_parser","ViewZeroOut","UNRESOLVED","1"
"UNRESOLVED_DYNAMIC_REFERENCE","08b8febd1ca78cca297084f7","process::DataUpdate - Customer Profitability","USES_VIEW","view","view::Customer Profitability.sTgtView","tm1_ti_parser","ViewZeroOut","UNRESOLVED","1"
"UNRESOLVED_DYNAMIC_REFERENCE","44d6d0ad5b12fa66e744370e","process::DataUpdate - Customer Profitability - Outlook Seed Actual","USES_VIEW","view","view::Customer Profitability.sTgtView","tm1_ti_parser","ViewZeroOut","UNRESOLVED","1"
"UNRESOLVED_DYNAMIC_REFERENCE","018d4eb9981850ddc0c83434","process::zTemp Import - Customer Profitability","USES_VIEW","view","view::Customer Profitability.sViewSrc","tm1_ti_parser","ViewZeroOut","UNRESOLVED","1"
"UNRESOLVED_DYNAMIC_REFERENCE","8af4a2d82c029da7e2d3860d","process::DataUpdate - Fixed Manufacturing Cost Assessment","USES_VIEW","view","view::Fixed Manufacturing Cost Assessment.sTgtView","tm1_ti_parser","ViewZeroOut","UNRESOLVED","1"
"UNRESOLVED_DYNAMIC_REFERENCE","e4fec30053e9c9ed3c9e6ec1","process::DataUpdate - Fixed Manufacturing Cost Assessment - Copy Assess % Override","USES_VIEW","view","view::Fixed Manufacturing Cost Assessment.sTgtView","tm1_ti_parser","ViewZeroOut","UNRESOLVED","1"
"UNRESOLVED_DYNAMIC_REFERENCE","ec9b1d4261a7373b1e70200d","process::DataUpdate - Fixed Manufacturing Cost Assessment - Copy Assess % Override - Plan","USES_VIEW","view","view::Fixed Manufacturing Cost Assessment.sTgtView","tm1_ti_parser","ViewZeroOut","UNRESOLVED","1"
"UNRESOLVED_DYNAMIC_REFERENCE","872d3766a2cd9777b997b91b","process::DataUpdate - Profit and Loss - Fixed Manufacturing Cost Assessment","USES_VIEW","view","view::Fixed Manufacturing Cost Assessment.sTgtView","tm1_ti_parser","ViewZeroOut","UNRESOLVED","1"
"UNRESOLVED_DYNAMIC_REFERENCE","452b977be17341ec4c0686dd","process::DataUpdate - Profit and Loss - Fixed Manufacturing Cost Assessment - Period Range","USES_VIEW","view","view::Fixed Manufacturing Cost Assessment.sTgtView","tm1_ti_parser","ViewZeroOut","UNRESOLVED","1"
"UNRESOLVED_DYNAMIC_REFERENCE","ed36ce94246ca30d0436d775","process::DataUpdate - Profit and Loss - Fixed Manufacturing Cost Assessment - Period Range - Plan","USES_VIEW","view","view::Fixed Manufacturing Cost Assessment.sTgtView","tm1_ti_parser","ViewZeroOut","UNRESOLVED","1"
"UNRESOLVED_DYNAMIC_REFERENCE","5707b989767e0268d07ab159","process::DataUpdate - Profit and Loss - Fixed Manufacturing Cost Assessment - Plan","USES_VIEW","view","view::Fixed Manufacturing Cost Assessment.sTgtView","tm1_ti_parser","ViewZeroOut","UNRESOLVED","1"
"UNRESOLVED_DYNAMIC_REFERENCE","7801303785dec63be5a7c787","process::DataUpdate - Fixed Manufacturing Cost - Actual","USES_VIEW","view","view::Fixed Manufacturing Cost.sTgtView","tm1_ti_parser","ViewZeroOut","UNRESOLVED","1"
"UNRESOLVED_DYNAMIC_REFERENCE","685e3cbc5887f2626d2b8bf4","process::DataUpdate - Fixed Manufacturing Cost - Outlook Seed Actual","USES_VIEW","view","view::Fixed Manufacturing Cost.sTgtView","tm1_ti_parser","ViewZeroOut","UNRESOLVED","1"
"UNRESOLVED_DYNAMIC_REFERENCE","8cfe5956646783c12ea4e9f3","process::DataUpdate - Fixed Manufacturing Cost - Plan","USES_VIEW","view","view::Fixed Manufacturing Cost.sTgtView","tm1_ti_parser","ViewZeroOut","UNRESOLVED","1"
"UNRESOLVED_DYNAMIC_REFERENCE","dbf0debc99427e147eeda49f","process::DataUpdate - Fixed Manufacturing Cost Assessment - T Account Assessment","USES_VIEW","view","view::Fixed Manufacturing Cost.sTgtView","tm1_ti_parser","ViewZeroOut","UNRESOLVED","1"
"UNRESOLVED_DYNAMIC_REFERENCE","61b9e157d97169a6d2cdb49a","process::zTemp DATAUPDATE - Fixed Manufacturing Cost Plan Manual","USES_VIEW","view","view::Fixed Manufacturing Cost.sTgtView","tm1_ti_parser","ViewZeroOut","UNRESOLVED","1"
"UNRESOLVED_DYNAMIC_REFERENCE","c76badc10936189d1e350a53","process::DataUpdate - Fund Flow","USES_VIEW","view","view::Fund Flow.sTgtView","tm1_ti_parser","ViewZeroOut","UNRESOLVED","1"
"UNRESOLVED_DYNAMIC_REFERENCE","5be6a04d0e0b4c3fbaba3db3","process::zTemp Import - Glenn Springs Outlook","USES_VIEW","view","view::Glenn Springs Outlook.sViewSrc","tm1_ti_parser","ViewZeroOut","UNRESOLVED","1"
"UNRESOLVED_DYNAMIC_REFERENCE","573cc82e25b24b4233dc797f","process::DataUpdate - Glenn Springs Project - Actual","USES_VIEW","view","view::Glenn Springs Project.sTgtView","tm1_ti_parser","ViewZeroOut","UNRESOLVED","1"
"UNRESOLVED_DYNAMIC_REFERENCE","364ffd95121530e54706c223","process::zTemp Import - Glenn Springs Project","USES_VIEW","view","view::Glenn Springs Project.sViewSrc","tm1_ti_parser","ViewZeroOut","UNRESOLVED","1"
"UNRESOLVED_DYNAMIC_REFERENCE","947866d08bc3b3ab3f7acc08","process::DataUpdate - Intercompany Sandbox","USES_VIEW","view","view::Intercompany Sandbox.sTgtView","tm1_ti_parser","ViewZeroOut","UNRESOLVED","1"
"UNRESOLVED_DYNAMIC_REFERENCE","d27f6b0680a3783416e551af","process::DataUpdate - Intercompany Sandbox - COS Elim","USES_VIEW","view","view::Intercompany Sandbox.sTgtView","tm1_ti_parser","ViewZeroOut","UNRESOLVED","1"
"UNRESOLVED_DYNAMIC_REFERENCE","23207e7a5c1f162e1742675f","process::DataUpdate - Intercompany Sandbox - Sales Elim","USES_VIEW","view","view::Intercompany Sandbox.sTgtView","tm1_ti_parser","ViewZeroOut","UNRESOLVED","1"
"UNRESOLVED_DYNAMIC_REFERENCE","1e60b11cf8ed3cfb43eac990","process::DataUpdate - Intercompany Sandbox - COS Elim","USES_VIEW","view","view::Intercompany Sandbox.sTgtView2","tm1_ti_parser","ViewZeroOut","UNRESOLVED","1"
"UNRESOLVED_DYNAMIC_REFERENCE","69032fc6583f3ecb2808b66e","process::DataUpdate - Intercompany Sandbox - Sales Elim","USES_VIEW","view","view::Intercompany Sandbox.sTgtView2","tm1_ti_parser","ViewZeroOut","UNRESOLVED","1"
"UNRESOLVED_DYNAMIC_REFERENCE","231bd9018f5a2efb9ceb48a0","process::DataUpdate - Intercompany","USES_VIEW","view","view::Intercompany.sTgtView","tm1_ti_parser","ViewZeroOut","UNRESOLVED","1"
"UNRESOLVED_DYNAMIC_REFERENCE","7b1a57b3ec35bcd5da5dbd93","process::DataUpdate - Inventory Walk","USES_VIEW","view","view::Inventory Walk Detail.sTgtView2","tm1_ti_parser","viewzeroout","UNRESOLVED","1"
"UNRESOLVED_DYNAMIC_REFERENCE","a74ca49a6a0beceeff139c56","process::DataUpdate - Inventory Walk","USES_VIEW","view","view::Inventory Walk.sTgtView","tm1_ti_parser","ViewZeroOut","UNRESOLVED","1"
"UNRESOLVED_DYNAMIC_REFERENCE","fa251b77f6df2c40affb9c5c","process::DataUpdate - Inventory Walk - Manual Entries","USES_VIEW","view","view::Inventory Walk.sTgtView","tm1_ti_parser","ViewZeroOut","UNRESOLVED","1"
"UNRESOLVED_DYNAMIC_REFERENCE","2dff017027c2691e265cbd1f","process::DataUpdate - Inventory Walk - Outlook Seed Actual","USES_VIEW","view","view::Inventory Walk.sTgtView","tm1_ti_parser","ViewZeroOut","UNRESOLVED","1"
"UNRESOLVED_DYNAMIC_REFERENCE","0f9889a73922d1593a396ea0","process::DataUpdate - Inventory Walk - Production Adjustment","USES_VIEW","view","view::Inventory Walk.sTgtView","tm1_ti_parser","ViewZeroOut","UNRESOLVED","1"
"UNRESOLVED_DYNAMIC_REFERENCE","e5284839d17684f8c9b01f65","process::zTemp Import - Inventory Walk","USES_VIEW","view","view::Inventory Walk.sViewSrc","tm1_ti_parser","ViewZeroOut","UNRESOLVED","1"
"UNRESOLVED_DYNAMIC_REFERENCE","d872dedcd8dde31a538c394d","process::DataUpdate - Profit and Loss - Freight Reclass","USES_VIEW","view","view::Manual Input.sTgtView2","tm1_ti_parser","ViewZeroOut","UNRESOLVED","1"
"UNRESOLVED_DYNAMIC_REFERENCE","35a6a0d2eb7fa916322dde69","process::DataUpdate - Profit and Loss - Freight Reclass with Material Detail","USES_VIEW","view","view::Manual Input.sTgtView2","tm1_ti_parser","ViewZeroOut","UNRESOLVED","1"
"UNRESOLVED_DYNAMIC_REFERENCE","e7ee58098d77f1807df8657f","process::DataUpdate - Manual Input Balance Sheet","USES_VIEW","view","view::Manual Upload Balance Sheet.sTgtView","tm1_ti_parser","ViewZeroOut","UNRESOLVED","1"
"UNRESOLVED_DYNAMIC_REFERENCE","2fee436a81642d61e4a85571","process::DataUpdate - Manual Input Below the Line","USES_VIEW","view","view::Manual Upload Below the Line.sTgtView","tm1_ti_parser","ViewZeroOut","UNRESOLVED","1"
"UNRESOLVED_DYNAMIC_REFERENCE","6f28e4164dfe802dc946ccb7","process::DataUpdate - Manual Input","USES_VIEW","view","view::Manual Upload.sTgtView","tm1_ti_parser","ViewZeroOut","UNRESOLVED","1"
"UNRESOLVED_DYNAMIC_REFERENCE","a8869e772788ce0c2e2a55f4","process::DataUpdate - Sustainability - NaturalGasREV","DELETES_VIEW","view","view::Manufacturing Cost.sSrcView","tm1_ti_parser","ViewDestroy","UNRESOLVED","1"
"UNRESOLVED_DYNAMIC_REFERENCE","eb9b0bd235f1505164710019","process::DataUpdate - Manufacturing Cost","USES_VIEW","view","view::Manufacturing Cost.sTgtView","tm1_ti_parser","ViewZeroOut","UNRESOLVED","1"
"UNRESOLVED_DYNAMIC_REFERENCE","98760f928522a52449ce4715","process::DataUpdate - Manufacturing Cost - BW","USES_VIEW","view","view::Manufacturing Cost.sTgtView","tm1_ti_parser","ViewZeroOut","UNRESOLVED","1"
"UNRESOLVED_DYNAMIC_REFERENCE","08b9b7ac78e378fe2844ca58","process::DataUpdate - Manufacturing Cost - Exclude","USES_VIEW","view","view::Manufacturing Cost.sTgtView","tm1_ti_parser","ViewZeroOut","UNRESOLVED","1"
"UNRESOLVED_DYNAMIC_REFERENCE","13cff0884d8d9604dcaa7ce4","process::DataUpdate - Manufacturing Cost - Outlook Seed Actual","USES_VIEW","view","view::Manufacturing Cost.sTgtView","tm1_ti_parser","ViewZeroOut","UNRESOLVED","1"
"UNRESOLVED_DYNAMIC_REFERENCE","f652e1f9837a9bc2f306b964","process::DataUpdate - Manufacturing Cost - Transferred Costs","USES_VIEW","view","view::Manufacturing Cost.sTgtView","tm1_ti_parser","ViewZeroOut","UNRESOLVED","1"
"UNRESOLVED_DYNAMIC_REFERENCE","8f986d2b503ac914bfb565b5","process::zTemp_DataUpdate - Manufacturing Cost - BW","USES_VIEW","view","view::Manufacturing Cost.sTgtView","tm1_ti_parser","ViewZeroOut","UNRESOLVED","1"
"UNRESOLVED_DYNAMIC_REFERENCE","a1317fb826de1fcf8618eed9","process::zTemp Import - Manufacturing Cost","USES_VIEW","view","view::Manufacturing Cost.sViewSrc","tm1_ti_parser","ViewZeroOut","UNRESOLVED","1"
"UNRESOLVED_DYNAMIC_REFERENCE","500f158c9753c8acbfd15557","process::DataUpdate - Material Ledger - Beginning and Ending Inventory","USES_VIEW","view","view::Material Ledger.sTgtView","tm1_ti_parser","ViewZeroOut","UNRESOLVED","1"
"UNRESOLVED_DYNAMIC_REFERENCE","13f12f18657826f80430e1a5","process::DataUpdate - Material Ledger - Consumption - All Other","USES_VIEW","view","view::Material Ledger.sTgtView","tm1_ti_parser","ViewZeroOut","UNRESOLVED","1"
"UNRESOLVED_DYNAMIC_REFERENCE","7a98c5c39226dd0a64539812","process::DataUpdate - Material Ledger - Consumption - Production","USES_VIEW","view","view::Material Ledger.sTgtView","tm1_ti_parser","ViewZeroOut","UNRESOLVED","1"
"UNRESOLVED_DYNAMIC_REFERENCE","b17b9bc2b30c556c4c713488","process::DataUpdate - Material Ledger - Consumption - Production - Materials Produced - Price Diff","USES_VIEW","view","view::Material Ledger.sTgtView","tm1_ti_parser","ViewZeroOut","UNRESOLVED","1"
"UNRESOLVED_DYNAMIC_REFERENCE","d57fdb05386c7b7b308d17ae","process::DataUpdate - Material Ledger - Consumption - Production - Materials Produced - Std","USES_VIEW","view","view::Material Ledger.sTgtView","tm1_ti_parser","ViewZeroOut","UNRESOLVED","1"
"UNRESOLVED_DYNAMIC_REFERENCE","c8f10041ea2e3570cd7ce056","process::DataUpdate - Material Ledger - Consumption - Sales","USES_VIEW","view","view::Material Ledger.sTgtView","tm1_ti_parser","ViewZeroOut","UNRESOLVED","1"
"UNRESOLVED_DYNAMIC_REFERENCE","f87fc656bc6323574fcd67ae","process::DataUpdate - Material Ledger - Consumption - Transfers","USES_VIEW","view","view::Material Ledger.sTgtView","tm1_ti_parser","ViewZeroOut","UNRESOLVED","1"
"UNRESOLVED_DYNAMIC_REFERENCE","45acc20d9e6ec24e6a19afe4","process::DataUpdate - Material Ledger - Consumption - Transfers - Receiving Material and Plant","USES_VIEW","view","view::Material Ledger.sTgtView","tm1_ti_parser","ViewZeroOut","UNRESOLVED","1"
"UNRESOLVED_DYNAMIC_REFERENCE","84ca6696d658e8616792151e","process::DataUpdate - Material Ledger - Receipts - All other","USES_VIEW","view","view::Material Ledger.sTgtView","tm1_ti_parser","ViewZeroOut","UNRESOLVED","1"
"UNRESOLVED_DYNAMIC_REFERENCE","991433180cf67b9444e7782d","process::DataUpdate - Material Ledger - Receipts - External Procured Receipts","USES_VIEW","view","view::Material Ledger.sTgtView","tm1_ti_parser","ViewZeroOut","UNRESOLVED","1"
"UNRESOLVED_DYNAMIC_REFERENCE","575abdd8f78e1ae0be9fb727","process::DataUpdate - Material Ledger - Receipts - Production","USES_VIEW","view","view::Material Ledger.sTgtView","tm1_ti_parser","ViewZeroOut","UNRESOLVED","1"
"UNRESOLVED_DYNAMIC_REFERENCE","3d8753c2194e95a024afaace","process::DataUpdate - Material Ledger - Receipts - Production - Components Consumed","USES_VIEW","view","view::Material Ledger.sTgtView","tm1_ti_parser","ViewZeroOut","UNRESOLVED","1"
"UNRESOLVED_DYNAMIC_REFERENCE","1772edfae82296039fae771a","process::DataUpdate - Material Ledger - Receipts - Transfer Posting","USES_VIEW","view","view::Material Ledger.sTgtView","tm1_ti_parser","ViewZeroOut","UNRESOLVED","1"
"UNRESOLVED_DYNAMIC_REFERENCE","0a2d9da9b38afd142134cc29","process::DataUpdate - Material Ledger - Receipts - Transfer Posting - Components Consumed","USES_VIEW","view","view::Material Ledger.sTgtView","tm1_ti_parser","ViewZeroOut","UNRESOLVED","1"
"UNRESOLVED_DYNAMIC_REFERENCE","0b1d93ee9ccb065eefbcf4c9","process::DataUpdate - Material Ledger - Revaluation - All Other","USES_VIEW","view","view::Material Ledger.sTgtView","tm1_ti_parser","ViewZeroOut","UNRESOLVED","1"
"UNRESOLVED_DYNAMIC_REFERENCE","edb4a649b32df9cec1700c9f","process::DataUpdate - Material Ledger - Revaluation - Change in Material Price","USES_VIEW","view","view::Material Ledger.sTgtView","tm1_ti_parser","ViewZeroOut","UNRESOLVED","1"
"UNRESOLVED_DYNAMIC_REFERENCE","41658de234050d0f6bf2210e","process::DataUpdate - Material Ledger - Revaluation - External Procured Receipts","USES_VIEW","view","view::Material Ledger.sTgtView","tm1_ti_parser","ViewZeroOut","UNRESOLVED","1"
"UNRESOLVED_DYNAMIC_REFERENCE","e16314dd8adbb66f04137613","process::DataUpdate - Material Ledger - Revaluation - Production","USES_VIEW","view","view::Material Ledger.sTgtView","tm1_ti_parser","ViewZeroOut","UNRESOLVED","1"
"UNRESOLVED_DYNAMIC_REFERENCE","d1808f025e48c7ce6e2bac92","process::DataUpdate - Material Ledger - Revaluation - Production Consumption","USES_VIEW","view","view::Material Ledger.sTgtView","tm1_ti_parser","ViewZeroOut","UNRESOLVED","1"
"UNRESOLVED_DYNAMIC_REFERENCE","0837ba963a4db0dca66269c3","process::DataUpdate - Material Ledger - Revaluation - Sales","USES_VIEW","view","view::Material Ledger.sTgtView","tm1_ti_parser","ViewZeroOut","UNRESOLVED","1"
"UNRESOLVED_DYNAMIC_REFERENCE","a2d8eb8c556e8834a7562398","process::DataUpdate - Material Ledger - Revaluation - Transfer Posting","USES_VIEW","view","view::Material Ledger.sTgtView","tm1_ti_parser","ViewZeroOut","UNRESOLVED","1"
"UNRESOLVED_DYNAMIC_REFERENCE","d058a2a7c8fc8cf7b010d475","process::DataUpdate - Material Ledger - Revaluation - Transfers Out","USES_VIEW","view","view::Material Ledger.sTgtView","tm1_ti_parser","ViewZeroOut","UNRESOLVED","1"
"UNRESOLVED_DYNAMIC_REFERENCE","d0a0d81ba85024841a364ebc","process::Sys_Cube_ViewAndSubsets_Delete","DELETES_VIEW","view","view::pCube.cView","tm1_ti_parser","ViewDestroy","UNRESOLVED","1"
"UNRESOLVED_DYNAMIC_REFERENCE","25dcb30f932d59a1b6bb1856","process::Sys_Cube_ViewAndSubsets.Create","CREATES_VIEW","view","view::pCube.cView","tm1_ti_parser","ViewCreate","UNRESOLVED","1"
"UNRESOLVED_DYNAMIC_REFERENCE","4c4d1cbb79807d126364735f","process::Sys_Cube_ViewAndSubsets.Create","DELETES_VIEW","view","view::pCube.cView","tm1_ti_parser","ViewDestroy","UNRESOLVED","1"
"UNRESOLVED_DYNAMIC_REFERENCE","fb317691adcd77e318721295","process::Sys_Cube_ViewAndSubsets.Create","USES_VIEW","view","view::pCube.cView","tm1_ti_parser","ViewSubsetAssign","UNRESOLVED","2"
"UNRESOLVED_DYNAMIC_REFERENCE","f053965141baeb23a5bd9834","process::Sys_Cube_View_Create","CREATES_VIEW","view","view::pCube.pView","tm1_ti_parser","ViewCreate","UNRESOLVED","1"
"UNRESOLVED_DYNAMIC_REFERENCE","9023f150a2f22371eed9d1ec","process::Sys_Cube_View_Create","USES_VIEW","view","view::pCube.pView","tm1_ti_parser","ViewSubsetAssign","UNRESOLVED","1"
"UNRESOLVED_DYNAMIC_REFERENCE","d791d4fd47f22a731e019180","process::Sys_Cube_View_Create_MDX","CREATES_VIEW","view","view::pCube.pView","tm1_ti_parser","ViewCreate","UNRESOLVED","1"
"UNRESOLVED_DYNAMIC_REFERENCE","67598f0d41616893b822cfa0","process::Sys_Cube_View_Create_MDX","USES_VIEW","view","view::pCube.pView","tm1_ti_parser","ViewSubsetAssign","UNRESOLVED","1"
"UNRESOLVED_DYNAMIC_REFERENCE","6e36edcb6eaae19e9e424eaf","process::DataUpdate - Plant Assessment - Actual","USES_VIEW","view","view::Plant Assessment.sTgtView","tm1_ti_parser","ViewZeroOut","UNRESOLVED","1"
"UNRESOLVED_DYNAMIC_REFERENCE","b3ad8fd8f0724bfec6011c97","process::zTemp DATAUPDATE - PLANT ASSESSMENTS PLAN","USES_VIEW","view","view::Plant Assessment.sTgtView","tm1_ti_parser","ViewZeroOut","UNRESOLVED","1"
"UNRESOLVED_DYNAMIC_REFERENCE","8ea9587113cefc97b574bd5c","process::DataUpdate - Profit and Loss Detail","USES_VIEW","view","view::Profit and Loss Detail.sTgtView","tm1_ti_parser","ViewZeroOut","UNRESOLVED","1"
"UNRESOLVED_DYNAMIC_REFERENCE","c5e01e6a0d2d17c2ef92d9cb","process::zTemp_Clear PNL Manual Entry","USES_VIEW","view","view::Profit and Loss.sSrcView","tm1_ti_parser","ViewZeroOut","UNRESOLVED","1"
"UNRESOLVED_DYNAMIC_REFERENCE","98b674ed6a08be269ee75c21","process::DataUpdate - Below the Line Assessment - Actual - Manual Entry","USES_VIEW","view","view::Profit and Loss.sTgt2View","tm1_ti_parser","ViewZeroOut","UNRESOLVED","1"
"UNRESOLVED_DYNAMIC_REFERENCE","33c45022b6ea68f2a6776221","process::DataUpdate - Below the Line Assessments - Outlook","USES_VIEW","view","view::Profit and Loss.sTgt2View","tm1_ti_parser","ViewZeroOut","UNRESOLVED","1"
"UNRESOLVED_DYNAMIC_REFERENCE","71284b799799b0f5888bcdd3","process::DataUpdate - Below the Line Assessments - Outlook - Period Range","USES_VIEW","view","view::Profit and Loss.sTgt2View","tm1_ti_parser","ViewZeroOut","UNRESOLVED","1"
"UNRESOLVED_DYNAMIC_REFERENCE","79999978407ea62a144e4eab","process::DataUpdate - Below the Line Assessments - Plan","USES_VIEW","view","view::Profit and Loss.sTgt2View","tm1_ti_parser","ViewZeroOut","UNRESOLVED","1"
"UNRESOLVED_DYNAMIC_REFERENCE","be66eaec691ffca5841ff082","process::zTemp_DataUpdate - Below the Line Assessments - Outlook - Period Range","USES_VIEW","view","view::Profit and Loss.sTgt2View","tm1_ti_parser","ViewZeroOut","UNRESOLVED","1"
"UNRESOLVED_DYNAMIC_REFERENCE","efa1375c23350bd0786fe38b","process::DataUpdate - Profit and Loss - Actual","USES_VIEW","view","view::Profit and Loss.sTgtView","tm1_ti_parser","ViewZeroOut","UNRESOLVED","1"
"UNRESOLVED_DYNAMIC_REFERENCE","21c6ae5731c0b02d4d7e5dc6","process::DataUpdate - Profit and Loss - Freight Reclass","USES_VIEW","view","view::Profit and Loss.sTgtView","tm1_ti_parser","ViewZeroOut","UNRESOLVED","1"
"UNRESOLVED_DYNAMIC_REFERENCE","8149b858206c5555d1e8a6cf","process::DataUpdate - Profit and Loss - Freight Reclass with Material Detail","USES_VIEW","view","view::Profit and Loss.sTgtView","tm1_ti_parser","ViewZeroOut","UNRESOLVED","1"
"UNRESOLVED_DYNAMIC_REFERENCE","6d3d8499e6e43a9c7a3db8e2","process::DataUpdate - Profit and Loss - Intercompany","USES_VIEW","view","view::Profit and Loss.sTgtView","tm1_ti_parser","ViewZeroOut","UNRESOLVED","1"
"UNRESOLVED_DYNAMIC_REFERENCE","f6e03886a53e757b9109c5bc","process::DataUpdate - Profit and Loss - Intercompany Sandbox","USES_VIEW","view","view::Profit and Loss.sTgtView","tm1_ti_parser","ViewZeroOut","UNRESOLVED","1"
"UNRESOLVED_DYNAMIC_REFERENCE","d3615e8daa339aab643b0afa","process::DataUpdate - Profit and Loss - Outlook Seed Actual","USES_VIEW","view","view::Profit and Loss.sTgtView","tm1_ti_parser","ViewZeroOut","UNRESOLVED","1"
"UNRESOLVED_DYNAMIC_REFERENCE","5e8a9295edc02f371f39217e","process::zImport_Profit and Loss_Plan","USES_VIEW","view","view::Profit and Loss.sTgtView","tm1_ti_parser","ViewZeroOut","UNRESOLVED","1"
"UNRESOLVED_DYNAMIC_REFERENCE","969f5b1fb036bdaaa0cba340","process::DataUpdate - Profit and Loss - Fixed Manufacturing Cost Assessment","USES_VIEW","view","view::Profit and Loss.sTgtView2","tm1_ti_parser","ViewZeroOut","UNRESOLVED","1"
"UNRESOLVED_DYNAMIC_REFERENCE","5b1f113a10bf09799c6f2c3d","process::DataUpdate - Profit and Loss - Fixed Manufacturing Cost Assessment - Period Range","USES_VIEW","view","view::Profit and Loss.sTgtView2","tm1_ti_parser","ViewZeroOut","UNRESOLVED","1"
"UNRESOLVED_DYNAMIC_REFERENCE","245021bfd05267251cd7d33c","process::DataUpdate - Profit and Loss - Fixed Manufacturing Cost Assessment - Period Range - Plan","USES_VIEW","view","view::Profit and Loss.sTgtView2","tm1_ti_parser","ViewZeroOut","UNRESOLVED","1"
"UNRESOLVED_DYNAMIC_REFERENCE","bf42dc0c3b037a2acb46d809","process::DataUpdate - Profit and Loss - Fixed Manufacturing Cost Assessment - Plan","USES_VIEW","view","view::Profit and Loss.sTgtView2","tm1_ti_parser","ViewZeroOut","UNRESOLVED","1"
"UNRESOLVED_DYNAMIC_REFERENCE","1500abbe67b22d5f87df3634","process::zTemp Import - Profit and Loss","USES_VIEW","view","view::Profit and Loss.sViewSrc","tm1_ti_parser","ViewZeroOut","UNRESOLVED","1"
"UNRESOLVED_DYNAMIC_REFERENCE","9b7abbf13e4bc3c86d54febc","process::DataUpdate - Project Spending - Actual","USES_VIEW","view","view::Project Spending.sTgtView","tm1_ti_parser","ViewZeroOut","UNRESOLVED","1"
"UNRESOLVED_DYNAMIC_REFERENCE","c77e113f10906f79a862a6ac","process::DataUpdate - Project Spending - Manual","USES_VIEW","view","view::Project Spending.sTgtView","tm1_ti_parser","ViewZeroOut","UNRESOLVED","1"
"UNRESOLVED_DYNAMIC_REFERENCE","3d2ecc6c26d7558c2827e205","process::DataWrapper - Project Spending","USES_VIEW","view","view::Project Spending.sTgtView","tm1_ti_parser","ViewZeroOut","UNRESOLVED","1"
"UNRESOLVED_DYNAMIC_REFERENCE","a5998e5ad310a7ec052fb4e5","process::zTemp_ProjectSpend_OB","USES_VIEW","view","view::Project Spending.sTgtView","tm1_ti_parser","ViewZeroOut","UNRESOLVED","1"
"UNRESOLVED_DYNAMIC_REFERENCE","dff043453f324b3c1b811a90","process::Sys_Cube_View_Delete","DELETES_VIEW","view","view::sCube.sView","tm1_ti_parser","ViewDestroy","UNRESOLVED","2"
"UNRESOLVED_DYNAMIC_REFERENCE","0cda3d813f321e17afb8f32a","process::DataUpdate - Scenario Archive - Numeric","USES_VIEW","view","view::sCube.sViewTgt","tm1_ti_parser","ViewZeroOut","UNRESOLVED","1"
"UNRESOLVED_DYNAMIC_REFERENCE","11b6856d28c2c4ea99b1f634","process::DataUpdate - Scenario Archive - String","USES_VIEW","view","view::sCube.sViewTgt","tm1_ti_parser","ViewZeroOut","UNRESOLVED","1"
"UNRESOLVED_DYNAMIC_REFERENCE","f9a9ae2ded585b8868e0ca3b","process::SecurityUpdate - Element Security","USES_VIEW","view","view::sTgtCube.sTgtView","tm1_ti_parser","ViewZeroOut","UNRESOLVED","1"
"UNRESOLVED_DYNAMIC_REFERENCE","0168a591775e8f41f14c684e","process::SecurityUpdate - Element Security - Hierarchy Archive","USES_VIEW","view","view::sTgtCube.sTgtView","tm1_ti_parser","ViewZeroOut","UNRESOLVED","1"
"UNRESOLVED_DYNAMIC_REFERENCE","d4618a83f42b0cb11b652679","process::DataUpdate - Sustainability - NaturalGasREV","USES_VIEW","view","view::Sustainability.sTgtView","tm1_ti_parser","ViewZeroOut","UNRESOLVED","1"
"UNRESOLVED_DYNAMIC_REFERENCE","3051fc1473dceb36c7960671","process::DataUpdate - Sustainability Variable","USES_VIEW","view","view::Sustainability.sTgtView","tm1_ti_parser","ViewZeroOut","UNRESOLVED","1"
"UNRESOLVED_DYNAMIC_REFERENCE","e75027184c02e182509f3b31","process::DataUpdate - Sustainability Variable V2","USES_VIEW","view","view::Sustainability.sTgtView","tm1_ti_parser","ViewZeroOut","UNRESOLVED","1"
"UNRESOLVED_DYNAMIC_REFERENCE","9672f134e05581588399db38","process::DataUpdate - Sustainability Variable_V2","USES_VIEW","view","view::Sustainability.sTgtView","tm1_ti_parser","ViewZeroOut","UNRESOLVED","1"
"UNRESOLVED_DYNAMIC_REFERENCE","062c54d1bffd28f92a8887fb","process::DataUpdate - SYS Hierarchy Validation","USES_VIEW","view","view::SYS Hierarchy Validation.sTgtView","tm1_ti_parser","ViewZeroOut","UNRESOLVED","1"
"UNRESOLVED_DYNAMIC_REFERENCE","138dd83b13a7dde7f4c3e3ac","process::DataUpdate - SYS Hierarchy Validation - Duplicate Rollups","USES_VIEW","view","view::SYS Hierarchy Validation.sTgtView","tm1_ti_parser","ViewZeroOut","UNRESOLVED","1"
"UNRESOLVED_DYNAMIC_REFERENCE","6166f2214dded1d7d1cba61e","process::DataUpdate - SYS Intercompany Elim","USES_VIEW","view","view::SYS Intercompany Elim.sTgtView","tm1_ti_parser","ViewZeroOut","UNRESOLVED","1"
"UNRESOLVED_DYNAMIC_REFERENCE","c17d04d158aa02f24fbbdb6e","process::Sys_Wrapper_PAxLoader_FileCheck","USES_VIEW","view","view::SYS Process Control.sTgtView","tm1_ti_parser","ViewZeroOut","UNRESOLVED","1"
"UNRESOLVED_DYNAMIC_REFERENCE","aaeec44e271fc1e8f7784cb4","process::DataUpdate - SYS Production Order","USES_VIEW","view","view::SYS Production Order.sTgtView","tm1_ti_parser","ViewZeroOut","UNRESOLVED","1"
"UNRESOLVED_DYNAMIC_REFERENCE","2713f7748cbe17486e941d33","process::zTemp Import - SYS Production Volume Filter","USES_VIEW","view","view::SYS Production Volume Filter.sViewSrc","tm1_ti_parser","ViewZeroOut","UNRESOLVED","1"
"UNRESOLVED_DYNAMIC_REFERENCE","869fda911a515d484bcdd743","process::DataUpdate - Turnaround and Other Asset - Actual","USES_VIEW","view","view::Turnaround and Other Asset.sTgtView","tm1_ti_parser","ViewZeroOut","UNRESOLVED","1"
"UNRESOLVED_DYNAMIC_REFERENCE","95d3e8c6e9408bd66313bac0","process::DataUpdate - Turnaround and Other Asset - Outlook Seed Actual","USES_VIEW","view","view::Turnaround and Other Asset.sTgtView","tm1_ti_parser","ViewZeroOut","UNRESOLVED","1"
"UNRESOLVED_DYNAMIC_REFERENCE","9de00bd13922155d869e77fd","process::DataUpdate - Turnaround Reserve - Actual","USES_VIEW","view","view::Turnaround Reserve.sTgtView","tm1_ti_parser","ViewZeroOut","UNRESOLVED","1"
"UNRESOLVED_DYNAMIC_REFERENCE","14c40e479da9a5a333324d93","process::DataUpdate - Turnaround Reserve - Outlook Seed Actual","USES_VIEW","view","view::Turnaround Reserve.sTgtView","tm1_ti_parser","ViewZeroOut","UNRESOLVED","1"
"UNRESOLVED_DYNAMIC_REFERENCE","fce08a59ec402e5cbc16699f","process::SYS_Delete_Views_and_Subsets_By_Pattern","DELETES_VIEW","view","view::vCube.vView","tm1_ti_parser","ViewDestroy","UNRESOLVED","1"
