origin,relationship_id,join_method,semantic_group_position,semantic_group_size,relationship_type,input_validation_status,domain,match_classification,match_reason,candidate_count,cube_name,dimension_name,hierarchy_name,attribute_name,subset_name,view_name,target_name,candidate_node_ids
RULE,semantic::rule::sys legacy elements::USES_ATTRIBUTE::attribute::!}dimensions,SEMANTIC_KEY,1,1,USES_ATTRIBUTE,ATTRIBUTE_CATALOG_DEFERRED,ATTRIBUTE,AMBIGUOUS_MATCH,Only target name was supplied,17,SYS Legacy Elements,,,Legacy,,,!}Dimensions,attribute::BS Account::BS Account::Legacy | attribute::Company::Company::Legacy | attribute::Cost Center::Cost Center::Legacy | attribute::Customer::Customer::Legacy | attribute::Functional Area::Functional Area::Legacy | attribute::Glenn Springs Order::Glenn Springs Order::Legacy | attribute::Material::Material::Legacy | attribute::Order::Order::Legacy | attribute::Partner Profit Center::Partner Profit Center::Legacy | attribute::PL Account::PL Account::Legacy | attribute::Plant::Plant::Legacy | attribute::Plant Assessment Cost Object::Plant Assessment Cost Object::Legacy | attribute::Production Order::Production Order::Legacy | attribute::Profit Center::Profit Center::Legacy | attribute::Turnaround and Other Project::Turnaround and Other Project::Legacy | attribute::Vendor::Vendor::Legacy | attribute::WBS Element::WBS Element::Legacy
TI,semantic::ti::dataupdate - project spending - validation - manual::READS_ATTRIBUTE::attribute::afe number.safenum,SEMANTIC_KEY,1,1,READS_ATTRIBUTE,ATTRIBUTE_CATALOG_DEFERRED,ATTRIBUTE,DYNAMIC_REFERENCE,Expression contains dynamic tokens,0,,AFE Number,,sAFENum,,,AFE Number.sAFENum,
TI,semantic::ti::dataupdate - project spending - validation - manual::WRITES_ATTRIBUTE::attribute::afe number.'afe ' | numbertostring ( nafecnt ),SEMANTIC_KEY,1,1,WRITES_ATTRIBUTE,ATTRIBUTE_CATALOG_DEFERRED,ATTRIBUTE,DYNAMIC_REFERENCE,Expression contains dynamic tokens,0,,AFE Number,,'AFE ' | NumberToString ( nAFECnt ),,,AFE Number.'AFE ' | NumberToString ( nAFECnt ),
TI,semantic::ti::dataupdate - project spending - validation::READS_ATTRIBUTE::attribute::afe number.safenum,SEMANTIC_KEY,1,1,READS_ATTRIBUTE,ATTRIBUTE_CATALOG_DEFERRED,ATTRIBUTE,DYNAMIC_REFERENCE,Expression contains dynamic tokens,0,,AFE Number,,sAFENum,,,AFE Number.sAFENum,
TI,semantic::ti::dataupdate - project spending - validation::WRITES_ATTRIBUTE::attribute::afe number.'afe ' | numbertostring ( nafecnt ),SEMANTIC_KEY,1,1,WRITES_ATTRIBUTE,ATTRIBUTE_CATALOG_DEFERRED,ATTRIBUTE,DYNAMIC_REFERENCE,Expression contains dynamic tokens,0,,AFE Number,,'AFE ' | NumberToString ( nAFECnt ),,,AFE Number.'AFE ' | NumberToString ( nAFECnt ),
TI,semantic::ti::dataupdate - scenario archive - numeric::WRITES_ATTRIBUTE::attribute::pcube.v2,SEMANTIC_KEY,1,1,WRITES_ATTRIBUTE,ATTRIBUTE_CATALOG_DEFERRED,ATTRIBUTE,DYNAMIC_REFERENCE,Expression contains dynamic tokens,0,,pCube,,v2,,,pCube.v2,
TI,semantic::ti::dataupdate - scenario archive - numeric::WRITES_ATTRIBUTE::attribute::pcube.v3,SEMANTIC_KEY,1,1,WRITES_ATTRIBUTE,ATTRIBUTE_CATALOG_DEFERRED,ATTRIBUTE,DYNAMIC_REFERENCE,Expression contains dynamic tokens,0,,pCube,,v3,,,pCube.v3,
TI,semantic::ti::dataupdate - scenario archive - string::WRITES_ATTRIBUTE::attribute::pcube.v2,SEMANTIC_KEY,1,1,WRITES_ATTRIBUTE,ATTRIBUTE_CATALOG_DEFERRED,ATTRIBUTE,DYNAMIC_REFERENCE,Expression contains dynamic tokens,0,,pCube,,v2,,,pCube.v2,
TI,semantic::ti::dataupdate - scenario archive - string::WRITES_ATTRIBUTE::attribute::pcube.v3,SEMANTIC_KEY,1,1,WRITES_ATTRIBUTE,ATTRIBUTE_CATALOG_DEFERRED,ATTRIBUTE,DYNAMIC_REFERENCE,Expression contains dynamic tokens,0,,pCube,,v3,,,pCube.v3,
TI,semantic::ti::dataupdate - sys bs account hierarchy::CREATES_ATTRIBUTE::attribute::sys bs account hierarchy.shiername | ' id',SEMANTIC_KEY,1,1,CREATES_ATTRIBUTE,ATTRIBUTE_CATALOG_DEFERRED,ATTRIBUTE,DYNAMIC_REFERENCE,Expression contains dynamic tokens,0,,SYS BS Account Hierarchy,,sHierName | ' ID',,,SYS BS Account Hierarchy.sHierName | ' ID',
TI,semantic::ti::dataupdate - sys bs account hierarchy::WRITES_ATTRIBUTE::attribute::sys bs account hierarchy.shiername | ' id',SEMANTIC_KEY,1,1,WRITES_ATTRIBUTE,ATTRIBUTE_CATALOG_DEFERRED,ATTRIBUTE,DYNAMIC_REFERENCE,Expression contains dynamic tokens,0,,SYS BS Account Hierarchy,,sHierName | ' ID',,,SYS BS Account Hierarchy.sHierName | ' ID',
TI,semantic::ti::dataupdate - sys gl account hierarchy::WRITES_ATTRIBUTE::attribute::sys gl account hierarchy.shiername | ' id',SEMANTIC_KEY,1,1,WRITES_ATTRIBUTE,ATTRIBUTE_CATALOG_DEFERRED,ATTRIBUTE,DYNAMIC_REFERENCE,Expression contains dynamic tokens,0,,SYS GL Account Hierarchy,,sHierName | ' ID',,,SYS GL Account Hierarchy.sHierName | ' ID',
TI,semantic::ti::dimupdate - company - sap hierarchy::READS_ATTRIBUTE::attribute::sys company hierarchy.shier | ' description',SEMANTIC_KEY,1,1,READS_ATTRIBUTE,ATTRIBUTE_CATALOG_DEFERRED,ATTRIBUTE,DYNAMIC_REFERENCE,Expression contains dynamic tokens,0,,SYS Company Hierarchy,,sHier | ' Description',,,SYS Company Hierarchy.sHier | ' Description',
TI,semantic::ti::dimupdate - company - sap hierarchy::READS_ATTRIBUTE::attribute::sys company hierarchy.shier | ' parent',SEMANTIC_KEY,1,1,READS_ATTRIBUTE,ATTRIBUTE_CATALOG_DEFERRED,ATTRIBUTE,DYNAMIC_REFERENCE,Expression contains dynamic tokens,0,,SYS Company Hierarchy,,sHier | ' Parent',,,SYS Company Hierarchy.sHier | ' Parent',
TI,semantic::ti::dimupdate - company - sap hierarchy::READS_ATTRIBUTE::attribute::sys company hierarchy.shier | ' sequence number',SEMANTIC_KEY,1,1,READS_ATTRIBUTE,ATTRIBUTE_CATALOG_DEFERRED,ATTRIBUTE,DYNAMIC_REFERENCE,Expression contains dynamic tokens,0,,SYS Company Hierarchy,,sHier | ' Sequence Number',,,SYS Company Hierarchy.sHier | ' Sequence Number',
TI,semantic::ti::dimupdate - cost center - sap hierarchy::CREATES_ATTRIBUTE::attribute::cost center.shier | ' parent',SEMANTIC_KEY,1,1,CREATES_ATTRIBUTE,ATTRIBUTE_CATALOG_DEFERRED,ATTRIBUTE,DYNAMIC_REFERENCE,Expression contains dynamic tokens,0,,Cost Center,,sHier | ' Parent',,,Cost Center.sHier | ' Parent',
TI,semantic::ti::dimupdate - functional area - sap hierarchy import::READS_ATTRIBUTE::attribute::sys func area hierarchy.h112/'| phierarchy | ' description,SEMANTIC_KEY,1,1,READS_ATTRIBUTE,ATTRIBUTE_CATALOG_DEFERRED,ATTRIBUTE,DYNAMIC_REFERENCE,Expression contains dynamic tokens,0,,SYS Func Area Hierarchy,,H112/'| pHierarchy | ' Description,,,SYS Func Area Hierarchy.H112/'| pHierarchy | ' Description,
TI,semantic::ti::dimupdate - functional area - sap hierarchy import::READS_ATTRIBUTE::attribute::sys func area hierarchy.h112/'| phierarchy | ' parent,SEMANTIC_KEY,1,1,READS_ATTRIBUTE,ATTRIBUTE_CATALOG_DEFERRED,ATTRIBUTE,DYNAMIC_REFERENCE,Expression contains dynamic tokens,0,,SYS Func Area Hierarchy,,H112/'| pHierarchy | ' Parent,,,SYS Func Area Hierarchy.H112/'| pHierarchy | ' Parent,
TI,semantic::ti::dimupdate - functional area - sap hierarchy import::READS_ATTRIBUTE::attribute::sys func area hierarchy.h112/'| phierarchy | ' sequence number,SEMANTIC_KEY,1,1,READS_ATTRIBUTE,ATTRIBUTE_CATALOG_DEFERRED,ATTRIBUTE,DYNAMIC_REFERENCE,Expression contains dynamic tokens,0,,SYS Func Area Hierarchy,,H112/'| pHierarchy | ' Sequence Number,,,SYS Func Area Hierarchy.H112/'| pHierarchy | ' Sequence Number,
TI,semantic::ti::dimupdate - functional area - sap hierarchy::CREATES_ATTRIBUTE::attribute::functional area.shier | ' parent',SEMANTIC_KEY,1,1,CREATES_ATTRIBUTE,ATTRIBUTE_CATALOG_DEFERRED,ATTRIBUTE,DYNAMIC_REFERENCE,Expression contains dynamic tokens,0,,Functional Area,,sHier | ' Parent',,,Functional Area.sHier | ' Parent',
TI,semantic::ti::dimupdate - glenn springs order::READS_ATTRIBUTE::attribute::order.sattr,SEMANTIC_KEY,1,1,READS_ATTRIBUTE,ATTRIBUTE_CATALOG_DEFERRED,ATTRIBUTE,DYNAMIC_REFERENCE,Expression contains dynamic tokens,0,,Order,,sAttr,,,Order.sAttr,
TI,semantic::ti::dimupdate - plant assessment cost object::READS_ATTRIBUTE::attribute::cost center.shier | ' parent',SEMANTIC_KEY,1,1,READS_ATTRIBUTE,ATTRIBUTE_CATALOG_DEFERRED,ATTRIBUTE,DYNAMIC_REFERENCE,Expression contains dynamic tokens,0,,Cost Center,,sHier | ' Parent',,,Cost Center.sHier | ' Parent',
TI,semantic::ti::dimupdate - production order::READS_ATTRIBUTE::attribute::order.sattr,SEMANTIC_KEY,1,1,READS_ATTRIBUTE,ATTRIBUTE_CATALOG_DEFERRED,ATTRIBUTE,DYNAMIC_REFERENCE,Expression contains dynamic tokens,0,,Order,,sAttr,,,Order.sAttr,
TI,semantic::ti::dimupdate - profit center - sap hierarchy::CREATES_ATTRIBUTE::attribute::profit center.shier | ' parent',SEMANTIC_KEY,1,1,CREATES_ATTRIBUTE,ATTRIBUTE_CATALOG_DEFERRED,ATTRIBUTE,DYNAMIC_REFERENCE,Expression contains dynamic tokens,0,,Profit Center,,sHier | ' Parent',,,Profit Center.sHier | ' Parent',
TI,semantic::ti::dimupdate - sys company hierarchy::CREATES_ATTRIBUTE::attribute::sys company hierarchy.hier_hid | ' description',SEMANTIC_KEY,1,1,CREATES_ATTRIBUTE,ATTRIBUTE_CATALOG_DEFERRED,ATTRIBUTE,DYNAMIC_REFERENCE,Expression contains dynamic tokens,0,,SYS Company Hierarchy,,HIER_HID | ' Description',,,SYS Company Hierarchy.HIER_HID | ' Description',
TI,semantic::ti::dimupdate - sys company hierarchy::CREATES_ATTRIBUTE::attribute::sys company hierarchy.hier_hid | ' id',SEMANTIC_KEY,1,1,CREATES_ATTRIBUTE,ATTRIBUTE_CATALOG_DEFERRED,ATTRIBUTE,DYNAMIC_REFERENCE,Expression contains dynamic tokens,0,,SYS Company Hierarchy,,HIER_HID | ' ID',,,SYS Company Hierarchy.HIER_HID | ' ID',
TI,semantic::ti::dimupdate - sys company hierarchy::CREATES_ATTRIBUTE::attribute::sys company hierarchy.hier_hid | ' parent',SEMANTIC_KEY,1,1,CREATES_ATTRIBUTE,ATTRIBUTE_CATALOG_DEFERRED,ATTRIBUTE,DYNAMIC_REFERENCE,Expression contains dynamic tokens,0,,SYS Company Hierarchy,,HIER_HID | ' Parent',,,SYS Company Hierarchy.HIER_HID | ' Parent',
TI,semantic::ti::dimupdate - sys company hierarchy::CREATES_ATTRIBUTE::attribute::sys company hierarchy.hier_hid | ' sequence number',SEMANTIC_KEY,1,1,CREATES_ATTRIBUTE,ATTRIBUTE_CATALOG_DEFERRED,ATTRIBUTE,DYNAMIC_REFERENCE,Expression contains dynamic tokens,0,,SYS Company Hierarchy,,HIER_HID | ' Sequence Number',,,SYS Company Hierarchy.HIER_HID | ' Sequence Number',
TI,"semantic::ti::dimupdate - sys company hierarchy::READS_ATTRIBUTE::attribute::sys company hierarchy.subst ( shier, 1, long(shier)-3) | ' parent'",SEMANTIC_KEY,1,1,READS_ATTRIBUTE,ATTRIBUTE_CATALOG_DEFERRED,ATTRIBUTE,DYNAMIC_REFERENCE,Expression contains dynamic tokens,0,,SYS Company Hierarchy,,"SUBST ( sHier, 1, long(sHier)-3) | ' Parent'",,,"SYS Company Hierarchy.SUBST ( sHier, 1, long(sHier)-3) | ' Parent'",
TI,semantic::ti::dimupdate - sys company hierarchy::WRITES_ATTRIBUTE::attribute::sys company hierarchy.hier_hid | ' description',SEMANTIC_KEY,1,1,WRITES_ATTRIBUTE,ATTRIBUTE_CATALOG_DEFERRED,ATTRIBUTE,DYNAMIC_REFERENCE,Expression contains dynamic tokens,0,,SYS Company Hierarchy,,HIER_HID | ' Description',,,SYS Company Hierarchy.HIER_HID | ' Description',
TI,semantic::ti::dimupdate - sys company hierarchy::WRITES_ATTRIBUTE::attribute::sys company hierarchy.hier_hid | ' id',SEMANTIC_KEY,1,1,WRITES_ATTRIBUTE,ATTRIBUTE_CATALOG_DEFERRED,ATTRIBUTE,DYNAMIC_REFERENCE,Expression contains dynamic tokens,0,,SYS Company Hierarchy,,HIER_HID | ' ID',,,SYS Company Hierarchy.HIER_HID | ' ID',
TI,semantic::ti::dimupdate - sys company hierarchy::WRITES_ATTRIBUTE::attribute::sys company hierarchy.hier_hid | ' parent',SEMANTIC_KEY,1,1,WRITES_ATTRIBUTE,ATTRIBUTE_CATALOG_DEFERRED,ATTRIBUTE,DYNAMIC_REFERENCE,Expression contains dynamic tokens,0,,SYS Company Hierarchy,,HIER_HID | ' Parent',,,SYS Company Hierarchy.HIER_HID | ' Parent',
TI,semantic::ti::dimupdate - sys company hierarchy::WRITES_ATTRIBUTE::attribute::sys company hierarchy.hier_hid | ' sequence number',SEMANTIC_KEY,1,1,WRITES_ATTRIBUTE,ATTRIBUTE_CATALOG_DEFERRED,ATTRIBUTE,DYNAMIC_REFERENCE,Expression contains dynamic tokens,0,,SYS Company Hierarchy,,HIER_HID | ' Sequence Number',,,SYS Company Hierarchy.HIER_HID | ' Sequence Number',
TI,semantic::ti::dimupdate - sys func area hierarchy::CREATES_ATTRIBUTE::attribute::sys func area hierarchy.functalareahie | ' description',SEMANTIC_KEY,1,1,CREATES_ATTRIBUTE,ATTRIBUTE_CATALOG_DEFERRED,ATTRIBUTE,DYNAMIC_REFERENCE,Expression contains dynamic tokens,0,,SYS Func Area Hierarchy,,FUNCTALAREAHIE | ' Description',,,SYS Func Area Hierarchy.FUNCTALAREAHIE | ' Description',
TI,semantic::ti::dimupdate - sys func area hierarchy::CREATES_ATTRIBUTE::attribute::sys func area hierarchy.functalareahie | ' hierarchy level',SEMANTIC_KEY,1,1,CREATES_ATTRIBUTE,ATTRIBUTE_CATALOG_DEFERRED,ATTRIBUTE,DYNAMIC_REFERENCE,Expression contains dynamic tokens,0,,SYS Func Area Hierarchy,,FUNCTALAREAHIE | ' Hierarchy Level',,,SYS Func Area Hierarchy.FUNCTALAREAHIE | ' Hierarchy Level',
TI,semantic::ti::dimupdate - sys func area hierarchy::CREATES_ATTRIBUTE::attribute::sys func area hierarchy.functalareahie | ' id',SEMANTIC_KEY,1,1,CREATES_ATTRIBUTE,ATTRIBUTE_CATALOG_DEFERRED,ATTRIBUTE,DYNAMIC_REFERENCE,Expression contains dynamic tokens,0,,SYS Func Area Hierarchy,,FUNCTALAREAHIE | ' ID',,,SYS Func Area Hierarchy.FUNCTALAREAHIE | ' ID',
TI,semantic::ti::dimupdate - sys func area hierarchy::CREATES_ATTRIBUTE::attribute::sys func area hierarchy.functalareahie | ' parent',SEMANTIC_KEY,1,1,CREATES_ATTRIBUTE,ATTRIBUTE_CATALOG_DEFERRED,ATTRIBUTE,DYNAMIC_REFERENCE,Expression contains dynamic tokens,0,,SYS Func Area Hierarchy,,FUNCTALAREAHIE | ' Parent',,,SYS Func Area Hierarchy.FUNCTALAREAHIE | ' Parent',
TI,semantic::ti::dimupdate - sys func area hierarchy::CREATES_ATTRIBUTE::attribute::sys func area hierarchy.functalareahie | ' sequence number',SEMANTIC_KEY,1,1,CREATES_ATTRIBUTE,ATTRIBUTE_CATALOG_DEFERRED,ATTRIBUTE,DYNAMIC_REFERENCE,Expression contains dynamic tokens,0,,SYS Func Area Hierarchy,,FUNCTALAREAHIE | ' Sequence Number',,,SYS Func Area Hierarchy.FUNCTALAREAHIE | ' Sequence Number',
TI,semantic::ti::dimupdate - sys func area hierarchy::CREATES_ATTRIBUTE::attribute::sys func area hierarchy.functalareahie | ' sort order',SEMANTIC_KEY,1,1,CREATES_ATTRIBUTE,ATTRIBUTE_CATALOG_DEFERRED,ATTRIBUTE,DYNAMIC_REFERENCE,Expression contains dynamic tokens,0,,SYS Func Area Hierarchy,,FUNCTALAREAHIE | ' Sort Order',,,SYS Func Area Hierarchy.FUNCTALAREAHIE | ' Sort Order',
TI,"semantic::ti::dimupdate - sys func area hierarchy::READS_ATTRIBUTE::attribute::sys func area hierarchy.subst ( shier, 1, long(shier)-3) | ' parent'",SEMANTIC_KEY,1,1,READS_ATTRIBUTE,ATTRIBUTE_CATALOG_DEFERRED,ATTRIBUTE,DYNAMIC_REFERENCE,Expression contains dynamic tokens,0,,SYS Func Area Hierarchy,,"SUBST ( sHier, 1, long(sHier)-3) | ' Parent'",,,"SYS Func Area Hierarchy.SUBST ( sHier, 1, long(sHier)-3) | ' Parent'",
TI,semantic::ti::dimupdate - sys func area hierarchy::WRITES_ATTRIBUTE::attribute::sys func area hierarchy.functalareahie | ' description',SEMANTIC_KEY,1,1,WRITES_ATTRIBUTE,ATTRIBUTE_CATALOG_DEFERRED,ATTRIBUTE,DYNAMIC_REFERENCE,Expression contains dynamic tokens,0,,SYS Func Area Hierarchy,,FUNCTALAREAHIE | ' Description',,,SYS Func Area Hierarchy.FUNCTALAREAHIE | ' Description',
TI,semantic::ti::dimupdate - sys func area hierarchy::WRITES_ATTRIBUTE::attribute::sys func area hierarchy.functalareahie | ' hierarchy level',SEMANTIC_KEY,1,1,WRITES_ATTRIBUTE,ATTRIBUTE_CATALOG_DEFERRED,ATTRIBUTE,DYNAMIC_REFERENCE,Expression contains dynamic tokens,0,,SYS Func Area Hierarchy,,FUNCTALAREAHIE | ' Hierarchy Level',,,SYS Func Area Hierarchy.FUNCTALAREAHIE | ' Hierarchy Level',
TI,semantic::ti::dimupdate - sys func area hierarchy::WRITES_ATTRIBUTE::attribute::sys func area hierarchy.functalareahie | ' id',SEMANTIC_KEY,1,1,WRITES_ATTRIBUTE,ATTRIBUTE_CATALOG_DEFERRED,ATTRIBUTE,DYNAMIC_REFERENCE,Expression contains dynamic tokens,0,,SYS Func Area Hierarchy,,FUNCTALAREAHIE | ' ID',,,SYS Func Area Hierarchy.FUNCTALAREAHIE | ' ID',
TI,semantic::ti::dimupdate - sys func area hierarchy::WRITES_ATTRIBUTE::attribute::sys func area hierarchy.functalareahie | ' parent',SEMANTIC_KEY,1,1,WRITES_ATTRIBUTE,ATTRIBUTE_CATALOG_DEFERRED,ATTRIBUTE,DYNAMIC_REFERENCE,Expression contains dynamic tokens,0,,SYS Func Area Hierarchy,,FUNCTALAREAHIE | ' Parent',,,SYS Func Area Hierarchy.FUNCTALAREAHIE | ' Parent',
TI,semantic::ti::dimupdate - sys func area hierarchy::WRITES_ATTRIBUTE::attribute::sys func area hierarchy.functalareahie | ' sequence number',SEMANTIC_KEY,1,1,WRITES_ATTRIBUTE,ATTRIBUTE_CATALOG_DEFERRED,ATTRIBUTE,DYNAMIC_REFERENCE,Expression contains dynamic tokens,0,,SYS Func Area Hierarchy,,FUNCTALAREAHIE | ' Sequence Number',,,SYS Func Area Hierarchy.FUNCTALAREAHIE | ' Sequence Number',
TI,semantic::ti::dimupdate - sys func area hierarchy::WRITES_ATTRIBUTE::attribute::sys func area hierarchy.functalareahie | ' sort order',SEMANTIC_KEY,1,1,WRITES_ATTRIBUTE,ATTRIBUTE_CATALOG_DEFERRED,ATTRIBUTE,DYNAMIC_REFERENCE,Expression contains dynamic tokens,0,,SYS Func Area Hierarchy,,FUNCTALAREAHIE | ' Sort Order',,,SYS Func Area Hierarchy.FUNCTALAREAHIE | ' Sort Order',
TI,semantic::ti::dimupdate - sys functional area hierarchy::CREATES_ATTRIBUTE::attribute::sys functional area hierarchy.hier_hid | ' description',SEMANTIC_KEY,1,1,CREATES_ATTRIBUTE,ATTRIBUTE_CATALOG_DEFERRED,ATTRIBUTE,DYNAMIC_REFERENCE,Expression contains dynamic tokens,0,,SYS Functional Area Hierarchy,,HIER_HID | ' Description',,,SYS Functional Area Hierarchy.HIER_HID | ' Description',
TI,semantic::ti::dimupdate - sys functional area hierarchy::CREATES_ATTRIBUTE::attribute::sys functional area hierarchy.hier_hid | ' id',SEMANTIC_KEY,1,1,CREATES_ATTRIBUTE,ATTRIBUTE_CATALOG_DEFERRED,ATTRIBUTE,DYNAMIC_REFERENCE,Expression contains dynamic tokens,0,,SYS Functional Area Hierarchy,,HIER_HID | ' ID',,,SYS Functional Area Hierarchy.HIER_HID | ' ID',
TI,semantic::ti::dimupdate - sys functional area hierarchy::CREATES_ATTRIBUTE::attribute::sys functional area hierarchy.hier_hid | ' parent',SEMANTIC_KEY,1,1,CREATES_ATTRIBUTE,ATTRIBUTE_CATALOG_DEFERRED,ATTRIBUTE,DYNAMIC_REFERENCE,Expression contains dynamic tokens,0,,SYS Functional Area Hierarchy,,HIER_HID | ' Parent',,,SYS Functional Area Hierarchy.HIER_HID | ' Parent',
TI,semantic::ti::dimupdate - sys functional area hierarchy::CREATES_ATTRIBUTE::attribute::sys functional area hierarchy.hier_hid | ' sequence number',SEMANTIC_KEY,1,1,CREATES_ATTRIBUTE,ATTRIBUTE_CATALOG_DEFERRED,ATTRIBUTE,DYNAMIC_REFERENCE,Expression contains dynamic tokens,0,,SYS Functional Area Hierarchy,,HIER_HID | ' Sequence Number',,,SYS Functional Area Hierarchy.HIER_HID | ' Sequence Number',
TI,"semantic::ti::dimupdate - sys functional area hierarchy::READS_ATTRIBUTE::attribute::sys functional area hierarchy.subst ( shier, 1, long(shier)-3) | ' parent'",SEMANTIC_KEY,1,1,READS_ATTRIBUTE,ATTRIBUTE_CATALOG_DEFERRED,ATTRIBUTE,DYNAMIC_REFERENCE,Expression contains dynamic tokens,0,,SYS Functional Area Hierarchy,,"SUBST ( sHier, 1, long(sHier)-3) | ' Parent'",,,"SYS Functional Area Hierarchy.SUBST ( sHier, 1, long(sHier)-3) | ' Parent'",
TI,semantic::ti::dimupdate - sys functional area hierarchy::WRITES_ATTRIBUTE::attribute::sys functional area hierarchy.hier_hid | ' description',SEMANTIC_KEY,1,1,WRITES_ATTRIBUTE,ATTRIBUTE_CATALOG_DEFERRED,ATTRIBUTE,DYNAMIC_REFERENCE,Expression contains dynamic tokens,0,,SYS Functional Area Hierarchy,,HIER_HID | ' Description',,,SYS Functional Area Hierarchy.HIER_HID | ' Description',
TI,semantic::ti::dimupdate - sys functional area hierarchy::WRITES_ATTRIBUTE::attribute::sys functional area hierarchy.hier_hid | ' id',SEMANTIC_KEY,1,1,WRITES_ATTRIBUTE,ATTRIBUTE_CATALOG_DEFERRED,ATTRIBUTE,DYNAMIC_REFERENCE,Expression contains dynamic tokens,0,,SYS Functional Area Hierarchy,,HIER_HID | ' ID',,,SYS Functional Area Hierarchy.HIER_HID | ' ID',
TI,semantic::ti::dimupdate - sys functional area hierarchy::WRITES_ATTRIBUTE::attribute::sys functional area hierarchy.hier_hid | ' parent',SEMANTIC_KEY,1,1,WRITES_ATTRIBUTE,ATTRIBUTE_CATALOG_DEFERRED,ATTRIBUTE,DYNAMIC_REFERENCE,Expression contains dynamic tokens,0,,SYS Functional Area Hierarchy,,HIER_HID | ' Parent',,,SYS Functional Area Hierarchy.HIER_HID | ' Parent',
TI,semantic::ti::dimupdate - sys functional area hierarchy::WRITES_ATTRIBUTE::attribute::sys functional area hierarchy.hier_hid | ' sequence number',SEMANTIC_KEY,1,1,WRITES_ATTRIBUTE,ATTRIBUTE_CATALOG_DEFERRED,ATTRIBUTE,DYNAMIC_REFERENCE,Expression contains dynamic tokens,0,,SYS Functional Area Hierarchy,,HIER_HID | ' Sequence Number',,,SYS Functional Area Hierarchy.HIER_HID | ' Sequence Number',
TI,semantic::ti::sys_dim_clone::CREATES_ATTRIBUTE::attribute::ptargetdim.sattrname,SEMANTIC_KEY,1,1,CREATES_ATTRIBUTE,ATTRIBUTE_CATALOG_DEFERRED,ATTRIBUTE,DYNAMIC_REFERENCE,Expression contains dynamic tokens,0,,pTargetDim,,sAttrName,,,pTargetDim.sAttrName,
TI,semantic::ti::sys_dim_clone::READS_ATTRIBUTE::attribute::psourcedim.sattrname,SEMANTIC_KEY,1,1,READS_ATTRIBUTE,ATTRIBUTE_CATALOG_DEFERRED,ATTRIBUTE,DYNAMIC_REFERENCE,Expression contains dynamic tokens,0,,pSourceDim,,sAttrName,,,pSourceDim.sAttrName,
TI,semantic::ti::sys_dim_clone::WRITES_ATTRIBUTE::attribute::ptargetdim.sattrname,SEMANTIC_KEY,1,1,WRITES_ATTRIBUTE,ATTRIBUTE_CATALOG_DEFERRED,ATTRIBUTE,DYNAMIC_REFERENCE,Expression contains dynamic tokens,0,,pTargetDim,,sAttrName,,,pTargetDim.sAttrName,
TI,semantic::ti::sys_dim_copy_attributes::CREATES_ATTRIBUTE::attribute::pdim.sthisattr,SEMANTIC_KEY,1,1,CREATES_ATTRIBUTE,ATTRIBUTE_CATALOG_DEFERRED,ATTRIBUTE,DYNAMIC_REFERENCE,Expression contains dynamic tokens,0,,pDim,,sThisAttr,,,pDim.sThisAttr,
TI,semantic::ti::sys_dim_copy_attributes::READS_ATTRIBUTE::attribute::psrcdim.sthisattr,SEMANTIC_KEY,1,1,READS_ATTRIBUTE,ATTRIBUTE_CATALOG_DEFERRED,ATTRIBUTE,DYNAMIC_REFERENCE,Expression contains dynamic tokens,0,,pSrcDim,,sThisAttr,,,pSrcDim.sThisAttr,
TI,semantic::ti::sys_dim_copy_attributes::WRITES_ATTRIBUTE::attribute::pdim.sthisattr,SEMANTIC_KEY,1,1,WRITES_ATTRIBUTE,ATTRIBUTE_CATALOG_DEFERRED,ATTRIBUTE,DYNAMIC_REFERENCE,Expression contains dynamic tokens,0,,pDim,,sThisAttr,,,pDim.sThisAttr,
TI,semantic::ti::sys_dim_create_derived_dim_fromattribute::READS_ATTRIBUTE::attribute::psrcdim.pattribute,SEMANTIC_KEY,1,1,READS_ATTRIBUTE,ATTRIBUTE_CATALOG_DEFERRED,ATTRIBUTE,DYNAMIC_REFERENCE,Expression contains dynamic tokens,0,,pSrcDim,,pAttribute,,,pSrcDim.pAttribute,
TI,semantic::ti::sys_dim_create_derived_dim_fromattributelist::READS_ATTRIBUTE::attribute::psrcdim.pattribute,SEMANTIC_KEY,1,1,READS_ATTRIBUTE,ATTRIBUTE_CATALOG_DEFERRED,ATTRIBUTE,DYNAMIC_REFERENCE,Expression contains dynamic tokens,0,,pSrcDim,,pAttribute,,,pSrcDim.pAttribute,
TI,semantic::ti::sys_dim_create_standard_alias::CREATES_ATTRIBUTE::attribute::pdim.paliasattr,SEMANTIC_KEY,1,1,CREATES_ATTRIBUTE,ATTRIBUTE_CATALOG_DEFERRED,ATTRIBUTE,DYNAMIC_REFERENCE,Expression contains dynamic tokens,0,,pDim,,pAliasAttr,,,pDim.pAliasAttr,
TI,semantic::ti::sys_dim_create_standard_alias::READS_ATTRIBUTE::attribute::pdim.sthisattr,SEMANTIC_KEY,1,1,READS_ATTRIBUTE,ATTRIBUTE_CATALOG_DEFERRED,ATTRIBUTE,DYNAMIC_REFERENCE,Expression contains dynamic tokens,0,,pDim,,sThisAttr,,,pDim.sThisAttr,
TI,semantic::ti::sys_dim_create_standard_alias::WRITES_ATTRIBUTE::attribute::pdim.paliasattr,SEMANTIC_KEY,1,1,WRITES_ATTRIBUTE,ATTRIBUTE_CATALOG_DEFERRED,ATTRIBUTE,DYNAMIC_REFERENCE,Expression contains dynamic tokens,0,,pDim,,pAliasAttr,,,pDim.pAliasAttr,
TI,semantic::ti::sys_dim_export_to_file::READS_ATTRIBUTE::attribute::sdim.vattrname,SEMANTIC_KEY,1,1,READS_ATTRIBUTE,ATTRIBUTE_CATALOG_DEFERRED,ATTRIBUTE,DYNAMIC_REFERENCE,Expression contains dynamic tokens,0,,sDim,,vAttrName,,,sDim.vAttrName,
TI,semantic::ti::sys_dim_hierarchy_clone::READS_ATTRIBUTE::attribute::pdim.caption,SEMANTIC_KEY,1,1,READS_ATTRIBUTE,ATTRIBUTE_CATALOG_DEFERRED,ATTRIBUTE,DYNAMIC_REFERENCE,Expression contains dynamic tokens,0,,pDim,,CAPTION,,,pDim.CAPTION,
TI,semantic::ti::sys_dim_hierarchy_clone::WRITES_ATTRIBUTE::attribute::pdim.caption,SEMANTIC_KEY,1,1,WRITES_ATTRIBUTE,ATTRIBUTE_CATALOG_DEFERRED,ATTRIBUTE,DYNAMIC_REFERENCE,Expression contains dynamic tokens,0,,pDim,,Caption,,,pDim.Caption,
TI,semantic::ti::sys_dim_hierarchy_clone::WRITES_ATTRIBUTE::attribute::pdim.static hierarchy,SEMANTIC_KEY,1,1,WRITES_ATTRIBUTE,ATTRIBUTE_CATALOG_DEFERRED,ATTRIBUTE,DYNAMIC_REFERENCE,Expression contains dynamic tokens,0,,pDim,,Static Hierarchy,,,pDim.Static Hierarchy,
TI,semantic::ti::sys_dim_hierarchy_create_fromattribute_v2::READS_ATTRIBUTE::attribute::pdimension.pweightattr,SEMANTIC_KEY,1,1,READS_ATTRIBUTE,ATTRIBUTE_CATALOG_DEFERRED,ATTRIBUTE,DYNAMIC_REFERENCE,Expression contains dynamic tokens,0,,pDimension,,pWeightAttr,,,pDimension.pWeightAttr,
TI,semantic::ti::sys_dim_hierarchy_create_frommultiplelevelattributes::READS_ATTRIBUTE::attribute::pdim.sthisattr,SEMANTIC_KEY,1,1,READS_ATTRIBUTE,ATTRIBUTE_CATALOG_DEFERRED,ATTRIBUTE,DYNAMIC_REFERENCE,Expression contains dynamic tokens,0,,pDim,,sThisAttr,,,pDim.sThisAttr,
TI,semantic::ti::sys_dim_hierarchy_unwind_all::READS_ATTRIBUTE::attribute::pdimension.static hierarchy,SEMANTIC_KEY,1,1,READS_ATTRIBUTE,ATTRIBUTE_CATALOG_DEFERRED,ATTRIBUTE,DYNAMIC_REFERENCE,Expression contains dynamic tokens,0,,pDimension,,Static Hierarchy,,,pDimension.Static Hierarchy,
TI,semantic::ti::sys_dim_hierarchy_unwind_consolidation_large::CREATES_ATTRIBUTE::attribute::pdimension.descendant,SEMANTIC_KEY,1,1,CREATES_ATTRIBUTE,ATTRIBUTE_CATALOG_DEFERRED,ATTRIBUTE,DYNAMIC_REFERENCE,Expression contains dynamic tokens,0,,pDimension,,Descendant,,,pDimension.Descendant,
TI,semantic::ti::sys_dim_hierarchy_unwind_consolidation_large::DELETES_ATTRIBUTE::attribute::pdimension.descendant,SEMANTIC_KEY,1,1,DELETES_ATTRIBUTE,ATTRIBUTE_CATALOG_DEFERRED,ATTRIBUTE,DYNAMIC_REFERENCE,Expression contains dynamic tokens,0,,pDimension,,Descendant,,,pDimension.Descendant,
TI,semantic::ti::sys_dim_import_from_file::CREATES_ATTRIBUTE::attribute::pdim.' ; vprevattr = ',SEMANTIC_KEY,1,1,CREATES_ATTRIBUTE,ATTRIBUTE_CATALOG_DEFERRED,ATTRIBUTE,DYNAMIC_REFERENCE,Expression contains dynamic tokens,0,,pDim,,' ; vPrevAttr = ',,,pDim.' ; vPrevAttr = ',
TI,semantic::ti::sys_dim_import_from_file::DELETES_ATTRIBUTE::attribute::pdim.' ; vprevattr = ',SEMANTIC_KEY,1,1,DELETES_ATTRIBUTE,ATTRIBUTE_CATALOG_DEFERRED,ATTRIBUTE,DYNAMIC_REFERENCE,Expression contains dynamic tokens,0,,pDim,,' ; vPrevAttr = ',,,pDim.' ; vPrevAttr = ',
TI,semantic::ti::sys_dim_import_from_file::WRITES_ATTRIBUTE::attribute::pdim.vattrname,SEMANTIC_KEY,1,1,WRITES_ATTRIBUTE,ATTRIBUTE_CATALOG_DEFERRED,ATTRIBUTE,DYNAMIC_REFERENCE,Expression contains dynamic tokens,0,,pDim,,vAttrName,,,pDim.vAttrName,
TI,semantic::ti::sys_dim_sort::DELETES_ATTRIBUTE::attribute::pdimname.order adj,SEMANTIC_KEY,1,1,DELETES_ATTRIBUTE,ATTRIBUTE_CATALOG_DEFERRED,ATTRIBUTE,DYNAMIC_REFERENCE,Expression contains dynamic tokens,0,,pDimName,,Order Adj,,,pDimName.Order Adj,
TI,semantic::ti::sys_dim_sort::DELETES_ATTRIBUTE::attribute::pdimname.order seed,SEMANTIC_KEY,1,1,DELETES_ATTRIBUTE,ATTRIBUTE_CATALOG_DEFERRED,ATTRIBUTE,DYNAMIC_REFERENCE,Expression contains dynamic tokens,0,,pDimName,,Order Seed,,,pDimName.Order Seed,
TI,semantic::ti::sys_dim_sort_export::READS_ATTRIBUTE::attribute::pdimname.order adj,SEMANTIC_KEY,1,1,READS_ATTRIBUTE,ATTRIBUTE_CATALOG_DEFERRED,ATTRIBUTE,DYNAMIC_REFERENCE,Expression contains dynamic tokens,0,,pDimName,,Order Adj,,,pDimName.Order Adj,
TI,semantic::ti::sys_dim_sort_export::READS_ATTRIBUTE::attribute::pdimname.order seed,SEMANTIC_KEY,1,1,READS_ATTRIBUTE,ATTRIBUTE_CATALOG_DEFERRED,ATTRIBUTE,DYNAMIC_REFERENCE,Expression contains dynamic tokens,0,,pDimName,,Order Seed,,,pDimName.Order Seed,
TI,semantic::ti::sys_dim_sort_seed::WRITES_ATTRIBUTE::attribute::pdimname.order seed,SEMANTIC_KEY,1,1,WRITES_ATTRIBUTE,ATTRIBUTE_CATALOG_DEFERRED,ATTRIBUTE,DYNAMIC_REFERENCE,Expression contains dynamic tokens,0,,pDimName,,Order Seed,,,pDimName.Order Seed,
TI,semantic::ti::sys_dim_sort_seed_toplevel::CREATES_ATTRIBUTE::attribute::pdimname.order adj,SEMANTIC_KEY,1,1,CREATES_ATTRIBUTE,ATTRIBUTE_CATALOG_DEFERRED,ATTRIBUTE,DYNAMIC_REFERENCE,Expression contains dynamic tokens,0,,pDimName,,Order Adj,,,pDimName.Order Adj,
TI,semantic::ti::sys_dim_sort_seed_toplevel::CREATES_ATTRIBUTE::attribute::pdimname.order seed,SEMANTIC_KEY,1,1,CREATES_ATTRIBUTE,ATTRIBUTE_CATALOG_DEFERRED,ATTRIBUTE,DYNAMIC_REFERENCE,Expression contains dynamic tokens,0,,pDimName,,Order Seed,,,pDimName.Order Seed,
TI,semantic::ti::sys_dim_sort_seed_toplevel::WRITES_ATTRIBUTE::attribute::pdimname.order seed,SEMANTIC_KEY,1,1,WRITES_ATTRIBUTE,ATTRIBUTE_CATALOG_DEFERRED,ATTRIBUTE,DYNAMIC_REFERENCE,Expression contains dynamic tokens,0,,pDimName,,Order Seed,,,pDimName.Order Seed,
TI,semantic::ti::sys_dim_sub_create::READS_ATTRIBUTE::attribute::pdimension.pattribute,SEMANTIC_KEY,1,1,READS_ATTRIBUTE,ATTRIBUTE_CATALOG_DEFERRED,ATTRIBUTE,DYNAMIC_REFERENCE,Expression contains dynamic tokens,0,,pDimension,,pAttribute,,,pDimension.pAttribute,
TI,semantic::ti::sys_dim_sub_create_bymdx::CREATES_ATTRIBUTE::attribute::pdimension.temp,SEMANTIC_KEY,1,1,CREATES_ATTRIBUTE,ATTRIBUTE_CATALOG_DEFERRED,ATTRIBUTE,DYNAMIC_REFERENCE,Expression contains dynamic tokens,0,,pDimension,,Temp,,,pDimension.Temp,
TI,semantic::ti::sys_dim_sub_create_bymdx::DELETES_ATTRIBUTE::attribute::pdimension.temp,SEMANTIC_KEY,1,1,DELETES_ATTRIBUTE,ATTRIBUTE_CATALOG_DEFERRED,ATTRIBUTE,DYNAMIC_REFERENCE,Expression contains dynamic tokens,0,,pDimension,,Temp,,,pDimension.Temp,
TI,semantic::ti::sys_generic_alternate dimension hierarchies::READS_ATTRIBUTE::attribute::ptgtdim.psrcdim,SEMANTIC_KEY,1,1,READS_ATTRIBUTE,ATTRIBUTE_CATALOG_DEFERRED,ATTRIBUTE,DYNAMIC_REFERENCE,Expression contains dynamic tokens,0,,pTgtDim,,pSrcDim,,,pTgtDim.pSrcDim,
TI,semantic::ti::sys_generic_parent child dimension::WRITES_ATTRIBUTE::attribute::stgtdim.caption,SEMANTIC_KEY,1,1,WRITES_ATTRIBUTE,ATTRIBUTE_CATALOG_DEFERRED,ATTRIBUTE,DYNAMIC_REFERENCE,Expression contains dynamic tokens,0,,sTgtDim,,CAPTION,,,sTgtDim.CAPTION,
TI,semantic::ti::sys_legacy element::CREATES_ATTRIBUTE::attribute::pdimension.legacy,SEMANTIC_KEY,1,1,CREATES_ATTRIBUTE,ATTRIBUTE_CATALOG_DEFERRED,ATTRIBUTE,DYNAMIC_REFERENCE,Expression contains dynamic tokens,0,,pDimension,,Legacy,,,pDimension.Legacy,
TI,semantic::ti::sys_legacy element::CREATES_ATTRIBUTE::attribute::pdimension.order adj,SEMANTIC_KEY,1,1,CREATES_ATTRIBUTE,ATTRIBUTE_CATALOG_DEFERRED,ATTRIBUTE,DYNAMIC_REFERENCE,Expression contains dynamic tokens,0,,pDimension,,Order Adj,,,pDimension.Order Adj,
TI,semantic::ti::sys_legacy element::WRITES_ATTRIBUTE::attribute::pdimension.caption,SEMANTIC_KEY,1,1,WRITES_ATTRIBUTE,ATTRIBUTE_CATALOG_DEFERRED,ATTRIBUTE,DYNAMIC_REFERENCE,Expression contains dynamic tokens,0,,pDimension,,CAPTION,,,pDimension.CAPTION,
TI,semantic::ti::sys_legacy element::WRITES_ATTRIBUTE::attribute::pdimension.description,SEMANTIC_KEY,1,1,WRITES_ATTRIBUTE,ATTRIBUTE_CATALOG_DEFERRED,ATTRIBUTE,DYNAMIC_REFERENCE,Expression contains dynamic tokens,0,,pDimension,,Description,,,pDimension.Description,
TI,semantic::ti::sys_legacy element::WRITES_ATTRIBUTE::attribute::pdimension.legacy,SEMANTIC_KEY,1,1,WRITES_ATTRIBUTE,ATTRIBUTE_CATALOG_DEFERRED,ATTRIBUTE,DYNAMIC_REFERENCE,Expression contains dynamic tokens,0,,pDimension,,Legacy,,,pDimension.Legacy,
TI,semantic::ti::sys_legacy element::WRITES_ATTRIBUTE::attribute::pdimension.order adj,SEMANTIC_KEY,1,1,WRITES_ATTRIBUTE,ATTRIBUTE_CATALOG_DEFERRED,ATTRIBUTE,DYNAMIC_REFERENCE,Expression contains dynamic tokens,0,,pDimension,,Order Adj,,,pDimension.Order Adj,
TI,semantic::ti::dataupdate - material ledger - beginning and ending inventory::CREATES_ATTRIBUTE::attribute::material ledger document.alternative process,SEMANTIC_KEY,1,1,CREATES_ATTRIBUTE,ATTRIBUTE_CATALOG_DEFERRED,ATTRIBUTE,EXISTING_CREATE_TARGET,Dimension and target name were supplied without hierarchy; create target already exists,1,,Material Ledger Document,,Alternative Process,,,Material Ledger Document.Alternative Process,attribute::Material Ledger Document::Material Ledger Document::Alternative Process
TI,semantic::ti::dataupdate - material ledger - beginning and ending inventory::CREATES_ATTRIBUTE::attribute::material ledger document.assignment number,SEMANTIC_KEY,1,1,CREATES_ATTRIBUTE,ATTRIBUTE_CATALOG_DEFERRED,ATTRIBUTE,EXISTING_CREATE_TARGET,Dimension and target name were supplied without hierarchy; create target already exists,1,,Material Ledger Document,,Assignment Number,,,Material Ledger Document.Assignment Number,attribute::Material Ledger Document::Material Ledger Document::Assignment Number
TI,semantic::ti::dataupdate - material ledger - beginning and ending inventory::CREATES_ATTRIBUTE::attribute::material ledger document.base uom,SEMANTIC_KEY,1,1,CREATES_ATTRIBUTE,ATTRIBUTE_CATALOG_DEFERRED,ATTRIBUTE,EXISTING_CREATE_TARGET,Dimension and target name were supplied without hierarchy; create target already exists,1,,Material Ledger Document,,Base UOM,,,Material Ledger Document.Base UOM,attribute::Material Ledger Document::Material Ledger Document::Base UOM
TI,semantic::ti::dataupdate - material ledger - beginning and ending inventory::CREATES_ATTRIBUTE::attribute::material ledger document.customer,SEMANTIC_KEY,1,1,CREATES_ATTRIBUTE,ATTRIBUTE_CATALOG_DEFERRED,ATTRIBUTE,EXISTING_CREATE_TARGET,Dimension and target name were supplied without hierarchy; create target already exists,1,,Material Ledger Document,,Customer,,,Material Ledger Document.Customer,attribute::Material Ledger Document::Material Ledger Document::Customer
TI,semantic::ti::dataupdate - material ledger - beginning and ending inventory::CREATES_ATTRIBUTE::attribute::material ledger document.goods movement type,SEMANTIC_KEY,1,1,CREATES_ATTRIBUTE,ATTRIBUTE_CATALOG_DEFERRED,ATTRIBUTE,EXISTING_CREATE_TARGET,Dimension and target name were supplied without hierarchy; create target already exists,1,,Material Ledger Document,,Goods Movement Type,,,Material Ledger Document.Goods Movement Type,attribute::Material Ledger Document::Material Ledger Document::Goods Movement Type
TI,semantic::ti::dataupdate - material ledger - beginning and ending inventory::CREATES_ATTRIBUTE::attribute::material ledger document.ml document no,SEMANTIC_KEY,1,1,CREATES_ATTRIBUTE,ATTRIBUTE_CATALOG_DEFERRED,ATTRIBUTE,EXISTING_CREATE_TARGET,Dimension and target name were supplied without hierarchy; create target already exists,1,,Material Ledger Document,,ML Document No,,,Material Ledger Document.ML Document No,attribute::Material Ledger Document::Material Ledger Document::ML Document No
TI,semantic::ti::dataupdate - material ledger - beginning and ending inventory::CREATES_ATTRIBUTE::attribute::material ledger document.object number,SEMANTIC_KEY,1,1,CREATES_ATTRIBUTE,ATTRIBUTE_CATALOG_DEFERRED,ATTRIBUTE,EXISTING_CREATE_TARGET,Dimension and target name were supplied without hierarchy; create target already exists,1,,Material Ledger Document,,Object Number,,,Material Ledger Document.Object Number,attribute::Material Ledger Document::Material Ledger Document::Object Number
TI,semantic::ti::dataupdate - material ledger - beginning and ending inventory::CREATES_ATTRIBUTE::attribute::material ledger document.order item number,SEMANTIC_KEY,1,1,CREATES_ATTRIBUTE,ATTRIBUTE_CATALOG_DEFERRED,ATTRIBUTE,EXISTING_CREATE_TARGET,Dimension and target name were supplied without hierarchy; create target already exists,1,,Material Ledger Document,,Order Item Number,,,Material Ledger Document.Order Item Number,attribute::Material Ledger Document::Material Ledger Document::Order Item Number
TI,semantic::ti::dataupdate - material ledger - beginning and ending inventory::CREATES_ATTRIBUTE::attribute::material ledger document.order number,SEMANTIC_KEY,1,1,CREATES_ATTRIBUTE,ATTRIBUTE_CATALOG_DEFERRED,ATTRIBUTE,EXISTING_CREATE_TARGET,Dimension and target name were supplied without hierarchy; create target already exists,1,,Material Ledger Document,,Order Number,,,Material Ledger Document.Order Number,attribute::Material Ledger Document::Material Ledger Document::Order Number
TI,semantic::ti::dataupdate - material ledger - beginning and ending inventory::CREATES_ATTRIBUTE::attribute::material ledger document.po uom,SEMANTIC_KEY,1,1,CREATES_ATTRIBUTE,ATTRIBUTE_CATALOG_DEFERRED,ATTRIBUTE,EXISTING_CREATE_TARGET,Dimension and target name were supplied without hierarchy; create target already exists,1,,Material Ledger Document,,PO UOM,,,Material Ledger Document.PO UOM,attribute::Material Ledger Document::Material Ledger Document::PO UOM
TI,semantic::ti::dataupdate - material ledger - beginning and ending inventory::CREATES_ATTRIBUTE::attribute::material ledger document.process,SEMANTIC_KEY,1,1,CREATES_ATTRIBUTE,ATTRIBUTE_CATALOG_DEFERRED,ATTRIBUTE,EXISTING_CREATE_TARGET,Dimension and target name were supplied without hierarchy; create target already exists,1,,Material Ledger Document,,Process,,,Material Ledger Document.Process,attribute::Material Ledger Document::Material Ledger Document::Process
TI,semantic::ti::dataupdate - material ledger - beginning and ending inventory::CREATES_ATTRIBUTE::attribute::material ledger document.purchasing document no,SEMANTIC_KEY,1,1,CREATES_ATTRIBUTE,ATTRIBUTE_CATALOG_DEFERRED,ATTRIBUTE,EXISTING_CREATE_TARGET,Dimension and target name were supplied without hierarchy; create target already exists,1,,Material Ledger Document,,Purchasing Document No,,,Material Ledger Document.Purchasing Document No,attribute::Material Ledger Document::Material Ledger Document::Purchasing Document No
TI,semantic::ti::dataupdate - material ledger - beginning and ending inventory::CREATES_ATTRIBUTE::attribute::material ledger document.ship-to party,SEMANTIC_KEY,1,1,CREATES_ATTRIBUTE,ATTRIBUTE_CATALOG_DEFERRED,ATTRIBUTE,EXISTING_CREATE_TARGET,Dimension and target name were supplied without hierarchy; create target already exists,1,,Material Ledger Document,,Ship-to Party,,,Material Ledger Document.Ship-to Party,attribute::Material Ledger Document::Material Ledger Document::Ship-to Party
TI,semantic::ti::dataupdate - material ledger - beginning and ending inventory::CREATES_ATTRIBUTE::attribute::material ledger document.text,SEMANTIC_KEY,1,1,CREATES_ATTRIBUTE,ATTRIBUTE_CATALOG_DEFERRED,ATTRIBUTE,EXISTING_CREATE_TARGET,Dimension and target name were supplied without hierarchy; create target already exists,1,,Material Ledger Document,,Text,,,Material Ledger Document.Text,attribute::Material Ledger Document::Material Ledger Document::Text
TI,semantic::ti::dataupdate - material ledger - beginning and ending inventory::CREATES_ATTRIBUTE::attribute::material ledger document.trading partner,SEMANTIC_KEY,1,1,CREATES_ATTRIBUTE,ATTRIBUTE_CATALOG_DEFERRED,ATTRIBUTE,EXISTING_CREATE_TARGET,Dimension and target name were supplied without hierarchy; create target already exists,1,,Material Ledger Document,,Trading Partner,,,Material Ledger Document.Trading Partner,attribute::Material Ledger Document::Material Ledger Document::Trading Partner
TI,semantic::ti::dataupdate - material ledger - beginning and ending inventory::CREATES_ATTRIBUTE::attribute::material ledger document.valuation class,SEMANTIC_KEY,1,1,CREATES_ATTRIBUTE,ATTRIBUTE_CATALOG_DEFERRED,ATTRIBUTE,EXISTING_CREATE_TARGET,Dimension and target name were supplied without hierarchy; create target already exists,1,,Material Ledger Document,,Valuation Class,,,Material Ledger Document.Valuation Class,attribute::Material Ledger Document::Material Ledger Document::Valuation Class
TI,semantic::ti::dataupdate - material ledger - beginning and ending inventory::CREATES_ATTRIBUTE::attribute::material ledger document.valuation type,SEMANTIC_KEY,1,1,CREATES_ATTRIBUTE,ATTRIBUTE_CATALOG_DEFERRED,ATTRIBUTE,EXISTING_CREATE_TARGET,Dimension and target name were supplied without hierarchy; create target already exists,1,,Material Ledger Document,,Valuation Type,,,Material Ledger Document.Valuation Type,attribute::Material Ledger Document::Material Ledger Document::Valuation Type
TI,semantic::ti::dataupdate - material ledger - beginning and ending inventory::CREATES_ATTRIBUTE::attribute::material ledger document.vendor,SEMANTIC_KEY,1,1,CREATES_ATTRIBUTE,ATTRIBUTE_CATALOG_DEFERRED,ATTRIBUTE,EXISTING_CREATE_TARGET,Dimension and target name were supplied without hierarchy; create target already exists,1,,Material Ledger Document,,Vendor,,,Material Ledger Document.Vendor,attribute::Material Ledger Document::Material Ledger Document::Vendor
TI,semantic::ti::dataupdate - material ledger - consumption - all other::CREATES_ATTRIBUTE::attribute::material ledger document.account determination,SEMANTIC_KEY,1,1,CREATES_ATTRIBUTE,ATTRIBUTE_CATALOG_DEFERRED,ATTRIBUTE,EXISTING_CREATE_TARGET,Dimension and target name were supplied without hierarchy; create target already exists,1,,Material Ledger Document,,Account Determination,,,Material Ledger Document.Account Determination,attribute::Material Ledger Document::Material Ledger Document::Account Determination
TI,semantic::ti::dataupdate - material ledger - consumption - all other::CREATES_ATTRIBUTE::attribute::material ledger document.alternative process,SEMANTIC_KEY,1,1,CREATES_ATTRIBUTE,ATTRIBUTE_CATALOG_DEFERRED,ATTRIBUTE,EXISTING_CREATE_TARGET,Dimension and target name were supplied without hierarchy; create target already exists,1,,Material Ledger Document,,Alternative Process,,,Material Ledger Document.Alternative Process,attribute::Material Ledger Document::Material Ledger Document::Alternative Process
TI,semantic::ti::dataupdate - material ledger - consumption - all other::CREATES_ATTRIBUTE::attribute::material ledger document.assignment number,SEMANTIC_KEY,1,1,CREATES_ATTRIBUTE,ATTRIBUTE_CATALOG_DEFERRED,ATTRIBUTE,EXISTING_CREATE_TARGET,Dimension and target name were supplied without hierarchy; create target already exists,1,,Material Ledger Document,,Assignment Number,,,Material Ledger Document.Assignment Number,attribute::Material Ledger Document::Material Ledger Document::Assignment Number
TI,semantic::ti::dataupdate - material ledger - consumption - all other::CREATES_ATTRIBUTE::attribute::material ledger document.base uom,SEMANTIC_KEY,1,1,CREATES_ATTRIBUTE,ATTRIBUTE_CATALOG_DEFERRED,ATTRIBUTE,EXISTING_CREATE_TARGET,Dimension and target name were supplied without hierarchy; create target already exists,1,,Material Ledger Document,,Base UOM,,,Material Ledger Document.Base UOM,attribute::Material Ledger Document::Material Ledger Document::Base UOM
TI,semantic::ti::dataupdate - material ledger - consumption - all other::CREATES_ATTRIBUTE::attribute::material ledger document.customer,SEMANTIC_KEY,1,1,CREATES_ATTRIBUTE,ATTRIBUTE_CATALOG_DEFERRED,ATTRIBUTE,EXISTING_CREATE_TARGET,Dimension and target name were supplied without hierarchy; create target already exists,1,,Material Ledger Document,,Customer,,,Material Ledger Document.Customer,attribute::Material Ledger Document::Material Ledger Document::Customer
TI,semantic::ti::dataupdate - material ledger - consumption - all other::CREATES_ATTRIBUTE::attribute::material ledger document.goods movement type,SEMANTIC_KEY,1,1,CREATES_ATTRIBUTE,ATTRIBUTE_CATALOG_DEFERRED,ATTRIBUTE,EXISTING_CREATE_TARGET,Dimension and target name were supplied without hierarchy; create target already exists,1,,Material Ledger Document,,Goods Movement Type,,,Material Ledger Document.Goods Movement Type,attribute::Material Ledger Document::Material Ledger Document::Goods Movement Type
TI,semantic::ti::dataupdate - material ledger - consumption - all other::CREATES_ATTRIBUTE::attribute::material ledger document.ml document no,SEMANTIC_KEY,1,1,CREATES_ATTRIBUTE,ATTRIBUTE_CATALOG_DEFERRED,ATTRIBUTE,EXISTING_CREATE_TARGET,Dimension and target name were supplied without hierarchy; create target already exists,1,,Material Ledger Document,,ML Document No,,,Material Ledger Document.ML Document No,attribute::Material Ledger Document::Material Ledger Document::ML Document No
TI,semantic::ti::dataupdate - material ledger - consumption - all other::CREATES_ATTRIBUTE::attribute::material ledger document.object number,SEMANTIC_KEY,1,1,CREATES_ATTRIBUTE,ATTRIBUTE_CATALOG_DEFERRED,ATTRIBUTE,EXISTING_CREATE_TARGET,Dimension and target name were supplied without hierarchy; create target already exists,1,,Material Ledger Document,,Object Number,,,Material Ledger Document.Object Number,attribute::Material Ledger Document::Material Ledger Document::Object Number
TI,semantic::ti::dataupdate - material ledger - consumption - all other::CREATES_ATTRIBUTE::attribute::material ledger document.order item number,SEMANTIC_KEY,1,1,CREATES_ATTRIBUTE,ATTRIBUTE_CATALOG_DEFERRED,ATTRIBUTE,EXISTING_CREATE_TARGET,Dimension and target name were supplied without hierarchy; create target already exists,1,,Material Ledger Document,,Order Item Number,,,Material Ledger Document.Order Item Number,attribute::Material Ledger Document::Material Ledger Document::Order Item Number
TI,semantic::ti::dataupdate - material ledger - consumption - all other::CREATES_ATTRIBUTE::attribute::material ledger document.order number,SEMANTIC_KEY,1,1,CREATES_ATTRIBUTE,ATTRIBUTE_CATALOG_DEFERRED,ATTRIBUTE,EXISTING_CREATE_TARGET,Dimension and target name were supplied without hierarchy; create target already exists,1,,Material Ledger Document,,Order Number,,,Material Ledger Document.Order Number,attribute::Material Ledger Document::Material Ledger Document::Order Number
TI,semantic::ti::dataupdate - material ledger - consumption - all other::CREATES_ATTRIBUTE::attribute::material ledger document.po uom,SEMANTIC_KEY,1,1,CREATES_ATTRIBUTE,ATTRIBUTE_CATALOG_DEFERRED,ATTRIBUTE,EXISTING_CREATE_TARGET,Dimension and target name were supplied without hierarchy; create target already exists,1,,Material Ledger Document,,PO UOM,,,Material Ledger Document.PO UOM,attribute::Material Ledger Document::Material Ledger Document::PO UOM
TI,semantic::ti::dataupdate - material ledger - consumption - all other::CREATES_ATTRIBUTE::attribute::material ledger document.process,SEMANTIC_KEY,1,1,CREATES_ATTRIBUTE,ATTRIBUTE_CATALOG_DEFERRED,ATTRIBUTE,EXISTING_CREATE_TARGET,Dimension and target name were supplied without hierarchy; create target already exists,1,,Material Ledger Document,,Process,,,Material Ledger Document.Process,attribute::Material Ledger Document::Material Ledger Document::Process
TI,semantic::ti::dataupdate - material ledger - consumption - all other::CREATES_ATTRIBUTE::attribute::material ledger document.purchasing document no,SEMANTIC_KEY,1,1,CREATES_ATTRIBUTE,ATTRIBUTE_CATALOG_DEFERRED,ATTRIBUTE,EXISTING_CREATE_TARGET,Dimension and target name were supplied without hierarchy; create target already exists,1,,Material Ledger Document,,Purchasing Document No,,,Material Ledger Document.Purchasing Document No,attribute::Material Ledger Document::Material Ledger Document::Purchasing Document No
TI,semantic::ti::dataupdate - material ledger - consumption - all other::CREATES_ATTRIBUTE::attribute::material ledger document.ship-to party,SEMANTIC_KEY,1,1,CREATES_ATTRIBUTE,ATTRIBUTE_CATALOG_DEFERRED,ATTRIBUTE,EXISTING_CREATE_TARGET,Dimension and target name were supplied without hierarchy; create target already exists,1,,Material Ledger Document,,Ship-to Party,,,Material Ledger Document.Ship-to Party,attribute::Material Ledger Document::Material Ledger Document::Ship-to Party
TI,semantic::ti::dataupdate - material ledger - consumption - all other::CREATES_ATTRIBUTE::attribute::material ledger document.text,SEMANTIC_KEY,1,1,CREATES_ATTRIBUTE,ATTRIBUTE_CATALOG_DEFERRED,ATTRIBUTE,EXISTING_CREATE_TARGET,Dimension and target name were supplied without hierarchy; create target already exists,1,,Material Ledger Document,,Text,,,Material Ledger Document.Text,attribute::Material Ledger Document::Material Ledger Document::Text
TI,semantic::ti::dataupdate - material ledger - consumption - all other::CREATES_ATTRIBUTE::attribute::material ledger document.trading partner,SEMANTIC_KEY,1,1,CREATES_ATTRIBUTE,ATTRIBUTE_CATALOG_DEFERRED,ATTRIBUTE,EXISTING_CREATE_TARGET,Dimension and target name were supplied without hierarchy; create target already exists,1,,Material Ledger Document,,Trading Partner,,,Material Ledger Document.Trading Partner,attribute::Material Ledger Document::Material Ledger Document::Trading Partner
TI,semantic::ti::dataupdate - material ledger - consumption - all other::CREATES_ATTRIBUTE::attribute::material ledger document.valuation class,SEMANTIC_KEY,1,1,CREATES_ATTRIBUTE,ATTRIBUTE_CATALOG_DEFERRED,ATTRIBUTE,EXISTING_CREATE_TARGET,Dimension and target name were supplied without hierarchy; create target already exists,1,,Material Ledger Document,,Valuation Class,,,Material Ledger Document.Valuation Class,attribute::Material Ledger Document::Material Ledger Document::Valuation Class
TI,semantic::ti::dataupdate - material ledger - consumption - all other::CREATES_ATTRIBUTE::attribute::material ledger document.valuation type,SEMANTIC_KEY,1,1,CREATES_ATTRIBUTE,ATTRIBUTE_CATALOG_DEFERRED,ATTRIBUTE,EXISTING_CREATE_TARGET,Dimension and target name were supplied without hierarchy; create target already exists,1,,Material Ledger Document,,Valuation Type,,,Material Ledger Document.Valuation Type,attribute::Material Ledger Document::Material Ledger Document::Valuation Type
TI,semantic::ti::dataupdate - material ledger - consumption - all other::CREATES_ATTRIBUTE::attribute::material ledger document.vendor,SEMANTIC_KEY,1,1,CREATES_ATTRIBUTE,ATTRIBUTE_CATALOG_DEFERRED,ATTRIBUTE,EXISTING_CREATE_TARGET,Dimension and target name were supplied without hierarchy; create target already exists,1,,Material Ledger Document,,Vendor,,,Material Ledger Document.Vendor,attribute::Material Ledger Document::Material Ledger Document::Vendor
TI,semantic::ti::dataupdate - material ledger - consumption - production - materials produced - price diff::CREATES_ATTRIBUTE::attribute::material ledger document.material / plant,SEMANTIC_KEY,1,1,CREATES_ATTRIBUTE,ATTRIBUTE_CATALOG_DEFERRED,ATTRIBUTE,EXISTING_CREATE_TARGET,Dimension and target name were supplied without hierarchy; create target already exists,1,,Material Ledger Document,,Material / Plant,,,Material Ledger Document.Material / Plant,attribute::Material Ledger Document::Material Ledger Document::Material / Plant
TI,semantic::ti::dataupdate - material ledger - consumption - production - materials produced - price diff::CREATES_ATTRIBUTE::attribute::sending or receiving material.material,SEMANTIC_KEY,1,1,CREATES_ATTRIBUTE,ATTRIBUTE_CATALOG_DEFERRED,ATTRIBUTE,EXISTING_CREATE_TARGET,Dimension and target name were supplied without hierarchy; create target already exists,1,,Sending or Receiving Material,,Material,,,Sending or Receiving Material.Material,attribute::Sending or Receiving Material::Sending or Receiving Material::Material
TI,semantic::ti::dataupdate - material ledger - consumption - production - materials produced - price diff::CREATES_ATTRIBUTE::attribute::sending or receiving material.plant,SEMANTIC_KEY,1,1,CREATES_ATTRIBUTE,ATTRIBUTE_CATALOG_DEFERRED,ATTRIBUTE,EXISTING_CREATE_TARGET,Dimension and target name were supplied without hierarchy; create target already exists,1,,Sending or Receiving Material,,Plant,,,Sending or Receiving Material.Plant,attribute::Sending or Receiving Material::Sending or Receiving Material::Plant
TI,semantic::ti::dataupdate - material ledger - consumption - production::CREATES_ATTRIBUTE::attribute::material ledger document.account determination,SEMANTIC_KEY,1,1,CREATES_ATTRIBUTE,ATTRIBUTE_CATALOG_DEFERRED,ATTRIBUTE,EXISTING_CREATE_TARGET,Dimension and target name were supplied without hierarchy; create target already exists,1,,Material Ledger Document,,Account Determination,,,Material Ledger Document.Account Determination,attribute::Material Ledger Document::Material Ledger Document::Account Determination
TI,semantic::ti::dataupdate - material ledger - consumption - production::CREATES_ATTRIBUTE::attribute::material ledger document.alternative process,SEMANTIC_KEY,1,1,CREATES_ATTRIBUTE,ATTRIBUTE_CATALOG_DEFERRED,ATTRIBUTE,EXISTING_CREATE_TARGET,Dimension and target name were supplied without hierarchy; create target already exists,1,,Material Ledger Document,,Alternative Process,,,Material Ledger Document.Alternative Process,attribute::Material Ledger Document::Material Ledger Document::Alternative Process
TI,semantic::ti::dataupdate - material ledger - consumption - production::CREATES_ATTRIBUTE::attribute::material ledger document.assignment number,SEMANTIC_KEY,1,1,CREATES_ATTRIBUTE,ATTRIBUTE_CATALOG_DEFERRED,ATTRIBUTE,EXISTING_CREATE_TARGET,Dimension and target name were supplied without hierarchy; create target already exists,1,,Material Ledger Document,,Assignment Number,,,Material Ledger Document.Assignment Number,attribute::Material Ledger Document::Material Ledger Document::Assignment Number
TI,semantic::ti::dataupdate - material ledger - consumption - production::CREATES_ATTRIBUTE::attribute::material ledger document.base uom,SEMANTIC_KEY,1,1,CREATES_ATTRIBUTE,ATTRIBUTE_CATALOG_DEFERRED,ATTRIBUTE,EXISTING_CREATE_TARGET,Dimension and target name were supplied without hierarchy; create target already exists,1,,Material Ledger Document,,Base UOM,,,Material Ledger Document.Base UOM,attribute::Material Ledger Document::Material Ledger Document::Base UOM
TI,semantic::ti::dataupdate - material ledger - consumption - production::CREATES_ATTRIBUTE::attribute::material ledger document.customer,SEMANTIC_KEY,1,1,CREATES_ATTRIBUTE,ATTRIBUTE_CATALOG_DEFERRED,ATTRIBUTE,EXISTING_CREATE_TARGET,Dimension and target name were supplied without hierarchy; create target already exists,1,,Material Ledger Document,,Customer,,,Material Ledger Document.Customer,attribute::Material Ledger Document::Material Ledger Document::Customer
TI,semantic::ti::dataupdate - material ledger - consumption - production::CREATES_ATTRIBUTE::attribute::material ledger document.goods movement type,SEMANTIC_KEY,1,1,CREATES_ATTRIBUTE,ATTRIBUTE_CATALOG_DEFERRED,ATTRIBUTE,EXISTING_CREATE_TARGET,Dimension and target name were supplied without hierarchy; create target already exists,1,,Material Ledger Document,,Goods Movement Type,,,Material Ledger Document.Goods Movement Type,attribute::Material Ledger Document::Material Ledger Document::Goods Movement Type
TI,semantic::ti::dataupdate - material ledger - consumption - production::CREATES_ATTRIBUTE::attribute::material ledger document.ml document no,SEMANTIC_KEY,1,1,CREATES_ATTRIBUTE,ATTRIBUTE_CATALOG_DEFERRED,ATTRIBUTE,EXISTING_CREATE_TARGET,Dimension and target name were supplied without hierarchy; create target already exists,1,,Material Ledger Document,,ML Document No,,,Material Ledger Document.ML Document No,attribute::Material Ledger Document::Material Ledger Document::ML Document No
TI,semantic::ti::dataupdate - material ledger - consumption - production::CREATES_ATTRIBUTE::attribute::material ledger document.object number,SEMANTIC_KEY,1,1,CREATES_ATTRIBUTE,ATTRIBUTE_CATALOG_DEFERRED,ATTRIBUTE,EXISTING_CREATE_TARGET,Dimension and target name were supplied without hierarchy; create target already exists,1,,Material Ledger Document,,Object Number,,,Material Ledger Document.Object Number,attribute::Material Ledger Document::Material Ledger Document::Object Number
TI,semantic::ti::dataupdate - material ledger - consumption - production::CREATES_ATTRIBUTE::attribute::material ledger document.order item number,SEMANTIC_KEY,1,1,CREATES_ATTRIBUTE,ATTRIBUTE_CATALOG_DEFERRED,ATTRIBUTE,EXISTING_CREATE_TARGET,Dimension and target name were supplied without hierarchy; create target already exists,1,,Material Ledger Document,,Order Item Number,,,Material Ledger Document.Order Item Number,attribute::Material Ledger Document::Material Ledger Document::Order Item Number
TI,semantic::ti::dataupdate - material ledger - consumption - production::CREATES_ATTRIBUTE::attribute::material ledger document.order number,SEMANTIC_KEY,1,1,CREATES_ATTRIBUTE,ATTRIBUTE_CATALOG_DEFERRED,ATTRIBUTE,EXISTING_CREATE_TARGET,Dimension and target name were supplied without hierarchy; create target already exists,1,,Material Ledger Document,,Order Number,,,Material Ledger Document.Order Number,attribute::Material Ledger Document::Material Ledger Document::Order Number
TI,semantic::ti::dataupdate - material ledger - consumption - production::CREATES_ATTRIBUTE::attribute::material ledger document.po uom,SEMANTIC_KEY,1,1,CREATES_ATTRIBUTE,ATTRIBUTE_CATALOG_DEFERRED,ATTRIBUTE,EXISTING_CREATE_TARGET,Dimension and target name were supplied without hierarchy; create target already exists,1,,Material Ledger Document,,PO UOM,,,Material Ledger Document.PO UOM,attribute::Material Ledger Document::Material Ledger Document::PO UOM
TI,semantic::ti::dataupdate - material ledger - consumption - production::CREATES_ATTRIBUTE::attribute::material ledger document.process,SEMANTIC_KEY,1,1,CREATES_ATTRIBUTE,ATTRIBUTE_CATALOG_DEFERRED,ATTRIBUTE,EXISTING_CREATE_TARGET,Dimension and target name were supplied without hierarchy; create target already exists,1,,Material Ledger Document,,Process,,,Material Ledger Document.Process,attribute::Material Ledger Document::Material Ledger Document::Process
TI,semantic::ti::dataupdate - material ledger - consumption - production::CREATES_ATTRIBUTE::attribute::material ledger document.purchasing document no,SEMANTIC_KEY,1,1,CREATES_ATTRIBUTE,ATTRIBUTE_CATALOG_DEFERRED,ATTRIBUTE,EXISTING_CREATE_TARGET,Dimension and target name were supplied without hierarchy; create target already exists,1,,Material Ledger Document,,Purchasing Document No,,,Material Ledger Document.Purchasing Document No,attribute::Material Ledger Document::Material Ledger Document::Purchasing Document No
TI,semantic::ti::dataupdate - material ledger - consumption - production::CREATES_ATTRIBUTE::attribute::material ledger document.ship-to party,SEMANTIC_KEY,1,1,CREATES_ATTRIBUTE,ATTRIBUTE_CATALOG_DEFERRED,ATTRIBUTE,EXISTING_CREATE_TARGET,Dimension and target name were supplied without hierarchy; create target already exists,1,,Material Ledger Document,,Ship-to Party,,,Material Ledger Document.Ship-to Party,attribute::Material Ledger Document::Material Ledger Document::Ship-to Party
TI,semantic::ti::dataupdate - material ledger - consumption - production::CREATES_ATTRIBUTE::attribute::material ledger document.text,SEMANTIC_KEY,1,1,CREATES_ATTRIBUTE,ATTRIBUTE_CATALOG_DEFERRED,ATTRIBUTE,EXISTING_CREATE_TARGET,Dimension and target name were supplied without hierarchy; create target already exists,1,,Material Ledger Document,,Text,,,Material Ledger Document.Text,attribute::Material Ledger Document::Material Ledger Document::Text
TI,semantic::ti::dataupdate - material ledger - consumption - production::CREATES_ATTRIBUTE::attribute::material ledger document.trading partner,SEMANTIC_KEY,1,1,CREATES_ATTRIBUTE,ATTRIBUTE_CATALOG_DEFERRED,ATTRIBUTE,EXISTING_CREATE_TARGET,Dimension and target name were supplied without hierarchy; create target already exists,1,,Material Ledger Document,,Trading Partner,,,Material Ledger Document.Trading Partner,attribute::Material Ledger Document::Material Ledger Document::Trading Partner
TI,semantic::ti::dataupdate - material ledger - consumption - production::CREATES_ATTRIBUTE::attribute::material ledger document.valuation class,SEMANTIC_KEY,1,1,CREATES_ATTRIBUTE,ATTRIBUTE_CATALOG_DEFERRED,ATTRIBUTE,EXISTING_CREATE_TARGET,Dimension and target name were supplied without hierarchy; create target already exists,1,,Material Ledger Document,,Valuation Class,,,Material Ledger Document.Valuation Class,attribute::Material Ledger Document::Material Ledger Document::Valuation Class
TI,semantic::ti::dataupdate - material ledger - consumption - production::CREATES_ATTRIBUTE::attribute::material ledger document.valuation type,SEMANTIC_KEY,1,1,CREATES_ATTRIBUTE,ATTRIBUTE_CATALOG_DEFERRED,ATTRIBUTE,EXISTING_CREATE_TARGET,Dimension and target name were supplied without hierarchy; create target already exists,1,,Material Ledger Document,,Valuation Type,,,Material Ledger Document.Valuation Type,attribute::Material Ledger Document::Material Ledger Document::Valuation Type
TI,semantic::ti::dataupdate - material ledger - consumption - production::CREATES_ATTRIBUTE::attribute::material ledger document.vendor,SEMANTIC_KEY,1,1,CREATES_ATTRIBUTE,ATTRIBUTE_CATALOG_DEFERRED,ATTRIBUTE,EXISTING_CREATE_TARGET,Dimension and target name were supplied without hierarchy; create target already exists,1,,Material Ledger Document,,Vendor,,,Material Ledger Document.Vendor,attribute::Material Ledger Document::Material Ledger Document::Vendor
TI,semantic::ti::dataupdate - material ledger - consumption - sales::CREATES_ATTRIBUTE::attribute::material ledger document.account determination,SEMANTIC_KEY,1,1,CREATES_ATTRIBUTE,ATTRIBUTE_CATALOG_DEFERRED,ATTRIBUTE,EXISTING_CREATE_TARGET,Dimension and target name were supplied without hierarchy; create target already exists,1,,Material Ledger Document,,Account Determination,,,Material Ledger Document.Account Determination,attribute::Material Ledger Document::Material Ledger Document::Account Determination
TI,semantic::ti::dataupdate - material ledger - consumption - sales::CREATES_ATTRIBUTE::attribute::material ledger document.alternative process,SEMANTIC_KEY,1,1,CREATES_ATTRIBUTE,ATTRIBUTE_CATALOG_DEFERRED,ATTRIBUTE,EXISTING_CREATE_TARGET,Dimension and target name were supplied without hierarchy; create target already exists,1,,Material Ledger Document,,Alternative Process,,,Material Ledger Document.Alternative Process,attribute::Material Ledger Document::Material Ledger Document::Alternative Process
TI,semantic::ti::dataupdate - material ledger - consumption - sales::CREATES_ATTRIBUTE::attribute::material ledger document.assignment number,SEMANTIC_KEY,1,1,CREATES_ATTRIBUTE,ATTRIBUTE_CATALOG_DEFERRED,ATTRIBUTE,EXISTING_CREATE_TARGET,Dimension and target name were supplied without hierarchy; create target already exists,1,,Material Ledger Document,,Assignment Number,,,Material Ledger Document.Assignment Number,attribute::Material Ledger Document::Material Ledger Document::Assignment Number
TI,semantic::ti::dataupdate - material ledger - consumption - sales::CREATES_ATTRIBUTE::attribute::material ledger document.base uom,SEMANTIC_KEY,1,1,CREATES_ATTRIBUTE,ATTRIBUTE_CATALOG_DEFERRED,ATTRIBUTE,EXISTING_CREATE_TARGET,Dimension and target name were supplied without hierarchy; create target already exists,1,,Material Ledger Document,,Base UOM,,,Material Ledger Document.Base UOM,attribute::Material Ledger Document::Material Ledger Document::Base UOM
TI,semantic::ti::dataupdate - material ledger - consumption - sales::CREATES_ATTRIBUTE::attribute::material ledger document.customer,SEMANTIC_KEY,1,1,CREATES_ATTRIBUTE,ATTRIBUTE_CATALOG_DEFERRED,ATTRIBUTE,EXISTING_CREATE_TARGET,Dimension and target name were supplied without hierarchy; create target already exists,1,,Material Ledger Document,,Customer,,,Material Ledger Document.Customer,attribute::Material Ledger Document::Material Ledger Document::Customer
TI,semantic::ti::dataupdate - material ledger - consumption - sales::CREATES_ATTRIBUTE::attribute::material ledger document.goods movement type,SEMANTIC_KEY,1,1,CREATES_ATTRIBUTE,ATTRIBUTE_CATALOG_DEFERRED,ATTRIBUTE,EXISTING_CREATE_TARGET,Dimension and target name were supplied without hierarchy; create target already exists,1,,Material Ledger Document,,Goods Movement Type,,,Material Ledger Document.Goods Movement Type,attribute::Material Ledger Document::Material Ledger Document::Goods Movement Type
TI,semantic::ti::dataupdate - material ledger - consumption - sales::CREATES_ATTRIBUTE::attribute::material ledger document.ml document no,SEMANTIC_KEY,1,1,CREATES_ATTRIBUTE,ATTRIBUTE_CATALOG_DEFERRED,ATTRIBUTE,EXISTING_CREATE_TARGET,Dimension and target name were supplied without hierarchy; create target already exists,1,,Material Ledger Document,,ML Document No,,,Material Ledger Document.ML Document No,attribute::Material Ledger Document::Material Ledger Document::ML Document No
TI,semantic::ti::dataupdate - material ledger - consumption - sales::CREATES_ATTRIBUTE::attribute::material ledger document.object number,SEMANTIC_KEY,1,1,CREATES_ATTRIBUTE,ATTRIBUTE_CATALOG_DEFERRED,ATTRIBUTE,EXISTING_CREATE_TARGET,Dimension and target name were supplied without hierarchy; create target already exists,1,,Material Ledger Document,,Object Number,,,Material Ledger Document.Object Number,attribute::Material Ledger Document::Material Ledger Document::Object Number
TI,semantic::ti::dataupdate - material ledger - consumption - sales::CREATES_ATTRIBUTE::attribute::material ledger document.order item number,SEMANTIC_KEY,1,1,CREATES_ATTRIBUTE,ATTRIBUTE_CATALOG_DEFERRED,ATTRIBUTE,EXISTING_CREATE_TARGET,Dimension and target name were supplied without hierarchy; create target already exists,1,,Material Ledger Document,,Order Item Number,,,Material Ledger Document.Order Item Number,attribute::Material Ledger Document::Material Ledger Document::Order Item Number
TI,semantic::ti::dataupdate - material ledger - consumption - sales::CREATES_ATTRIBUTE::attribute::material ledger document.order number,SEMANTIC_KEY,1,1,CREATES_ATTRIBUTE,ATTRIBUTE_CATALOG_DEFERRED,ATTRIBUTE,EXISTING_CREATE_TARGET,Dimension and target name were supplied without hierarchy; create target already exists,1,,Material Ledger Document,,Order Number,,,Material Ledger Document.Order Number,attribute::Material Ledger Document::Material Ledger Document::Order Number
TI,semantic::ti::dataupdate - material ledger - consumption - sales::CREATES_ATTRIBUTE::attribute::material ledger document.po uom,SEMANTIC_KEY,1,1,CREATES_ATTRIBUTE,ATTRIBUTE_CATALOG_DEFERRED,ATTRIBUTE,EXISTING_CREATE_TARGET,Dimension and target name were supplied without hierarchy; create target already exists,1,,Material Ledger Document,,PO UOM,,,Material Ledger Document.PO UOM,attribute::Material Ledger Document::Material Ledger Document::PO UOM
TI,semantic::ti::dataupdate - material ledger - consumption - sales::CREATES_ATTRIBUTE::attribute::material ledger document.process,SEMANTIC_KEY,1,1,CREATES_ATTRIBUTE,ATTRIBUTE_CATALOG_DEFERRED,ATTRIBUTE,EXISTING_CREATE_TARGET,Dimension and target name were supplied without hierarchy; create target already exists,1,,Material Ledger Document,,Process,,,Material Ledger Document.Process,attribute::Material Ledger Document::Material Ledger Document::Process
TI,semantic::ti::dataupdate - material ledger - consumption - sales::CREATES_ATTRIBUTE::attribute::material ledger document.purchasing document no,SEMANTIC_KEY,1,1,CREATES_ATTRIBUTE,ATTRIBUTE_CATALOG_DEFERRED,ATTRIBUTE,EXISTING_CREATE_TARGET,Dimension and target name were supplied without hierarchy; create target already exists,1,,Material Ledger Document,,Purchasing Document No,,,Material Ledger Document.Purchasing Document No,attribute::Material Ledger Document::Material Ledger Document::Purchasing Document No
TI,semantic::ti::dataupdate - material ledger - consumption - sales::CREATES_ATTRIBUTE::attribute::material ledger document.ship-to party,SEMANTIC_KEY,1,1,CREATES_ATTRIBUTE,ATTRIBUTE_CATALOG_DEFERRED,ATTRIBUTE,EXISTING_CREATE_TARGET,Dimension and target name were supplied without hierarchy; create target already exists,1,,Material Ledger Document,,Ship-to Party,,,Material Ledger Document.Ship-to Party,attribute::Material Ledger Document::Material Ledger Document::Ship-to Party
TI,semantic::ti::dataupdate - material ledger - consumption - sales::CREATES_ATTRIBUTE::attribute::material ledger document.text,SEMANTIC_KEY,1,1,CREATES_ATTRIBUTE,ATTRIBUTE_CATALOG_DEFERRED,ATTRIBUTE,EXISTING_CREATE_TARGET,Dimension and target name were supplied without hierarchy; create target already exists,1,,Material Ledger Document,,Text,,,Material Ledger Document.Text,attribute::Material Ledger Document::Material Ledger Document::Text
TI,semantic::ti::dataupdate - material ledger - consumption - sales::CREATES_ATTRIBUTE::attribute::material ledger document.trading partner,SEMANTIC_KEY,1,1,CREATES_ATTRIBUTE,ATTRIBUTE_CATALOG_DEFERRED,ATTRIBUTE,EXISTING_CREATE_TARGET,Dimension and target name were supplied without hierarchy; create target already exists,1,,Material Ledger Document,,Trading Partner,,,Material Ledger Document.Trading Partner,attribute::Material Ledger Document::Material Ledger Document::Trading Partner
TI,semantic::ti::dataupdate - material ledger - consumption - sales::CREATES_ATTRIBUTE::attribute::material ledger document.valuation class,SEMANTIC_KEY,1,1,CREATES_ATTRIBUTE,ATTRIBUTE_CATALOG_DEFERRED,ATTRIBUTE,EXISTING_CREATE_TARGET,Dimension and target name were supplied without hierarchy; create target already exists,1,,Material Ledger Document,,Valuation Class,,,Material Ledger Document.Valuation Class,attribute::Material Ledger Document::Material Ledger Document::Valuation Class
TI,semantic::ti::dataupdate - material ledger - consumption - sales::CREATES_ATTRIBUTE::attribute::material ledger document.valuation type,SEMANTIC_KEY,1,1,CREATES_ATTRIBUTE,ATTRIBUTE_CATALOG_DEFERRED,ATTRIBUTE,EXISTING_CREATE_TARGET,Dimension and target name were supplied without hierarchy; create target already exists,1,,Material Ledger Document,,Valuation Type,,,Material Ledger Document.Valuation Type,attribute::Material Ledger Document::Material Ledger Document::Valuation Type
TI,semantic::ti::dataupdate - material ledger - consumption - sales::CREATES_ATTRIBUTE::attribute::material ledger document.vendor,SEMANTIC_KEY,1,1,CREATES_ATTRIBUTE,ATTRIBUTE_CATALOG_DEFERRED,ATTRIBUTE,EXISTING_CREATE_TARGET,Dimension and target name were supplied without hierarchy; create target already exists,1,,Material Ledger Document,,Vendor,,,Material Ledger Document.Vendor,attribute::Material Ledger Document::Material Ledger Document::Vendor
TI,semantic::ti::dataupdate - material ledger - consumption - transfers::CREATES_ATTRIBUTE::attribute::material ledger document.account determination,SEMANTIC_KEY,1,1,CREATES_ATTRIBUTE,ATTRIBUTE_CATALOG_DEFERRED,ATTRIBUTE,EXISTING_CREATE_TARGET,Dimension and target name were supplied without hierarchy; create target already exists,1,,Material Ledger Document,,Account Determination,,,Material Ledger Document.Account Determination,attribute::Material Ledger Document::Material Ledger Document::Account Determination
TI,semantic::ti::dataupdate - material ledger - consumption - transfers::CREATES_ATTRIBUTE::attribute::material ledger document.alternative process,SEMANTIC_KEY,1,1,CREATES_ATTRIBUTE,ATTRIBUTE_CATALOG_DEFERRED,ATTRIBUTE,EXISTING_CREATE_TARGET,Dimension and target name were supplied without hierarchy; create target already exists,1,,Material Ledger Document,,Alternative Process,,,Material Ledger Document.Alternative Process,attribute::Material Ledger Document::Material Ledger Document::Alternative Process
TI,semantic::ti::dataupdate - material ledger - consumption - transfers::CREATES_ATTRIBUTE::attribute::material ledger document.assignment number,SEMANTIC_KEY,1,1,CREATES_ATTRIBUTE,ATTRIBUTE_CATALOG_DEFERRED,ATTRIBUTE,EXISTING_CREATE_TARGET,Dimension and target name were supplied without hierarchy; create target already exists,1,,Material Ledger Document,,Assignment Number,,,Material Ledger Document.Assignment Number,attribute::Material Ledger Document::Material Ledger Document::Assignment Number
TI,semantic::ti::dataupdate - material ledger - consumption - transfers::CREATES_ATTRIBUTE::attribute::material ledger document.base uom,SEMANTIC_KEY,1,1,CREATES_ATTRIBUTE,ATTRIBUTE_CATALOG_DEFERRED,ATTRIBUTE,EXISTING_CREATE_TARGET,Dimension and target name were supplied without hierarchy; create target already exists,1,,Material Ledger Document,,Base UOM,,,Material Ledger Document.Base UOM,attribute::Material Ledger Document::Material Ledger Document::Base UOM
TI,semantic::ti::dataupdate - material ledger - consumption - transfers::CREATES_ATTRIBUTE::attribute::material ledger document.customer,SEMANTIC_KEY,1,1,CREATES_ATTRIBUTE,ATTRIBUTE_CATALOG_DEFERRED,ATTRIBUTE,EXISTING_CREATE_TARGET,Dimension and target name were supplied without hierarchy; create target already exists,1,,Material Ledger Document,,Customer,,,Material Ledger Document.Customer,attribute::Material Ledger Document::Material Ledger Document::Customer
TI,semantic::ti::dataupdate - material ledger - consumption - transfers::CREATES_ATTRIBUTE::attribute::material ledger document.goods movement type,SEMANTIC_KEY,1,1,CREATES_ATTRIBUTE,ATTRIBUTE_CATALOG_DEFERRED,ATTRIBUTE,EXISTING_CREATE_TARGET,Dimension and target name were supplied without hierarchy; create target already exists,1,,Material Ledger Document,,Goods Movement Type,,,Material Ledger Document.Goods Movement Type,attribute::Material Ledger Document::Material Ledger Document::Goods Movement Type
TI,semantic::ti::dataupdate - material ledger - consumption - transfers::CREATES_ATTRIBUTE::attribute::material ledger document.ml document no,SEMANTIC_KEY,1,1,CREATES_ATTRIBUTE,ATTRIBUTE_CATALOG_DEFERRED,ATTRIBUTE,EXISTING_CREATE_TARGET,Dimension and target name were supplied without hierarchy; create target already exists,1,,Material Ledger Document,,ML Document No,,,Material Ledger Document.ML Document No,attribute::Material Ledger Document::Material Ledger Document::ML Document No
TI,semantic::ti::dataupdate - material ledger - consumption - transfers::CREATES_ATTRIBUTE::attribute::material ledger document.object number,SEMANTIC_KEY,1,1,CREATES_ATTRIBUTE,ATTRIBUTE_CATALOG_DEFERRED,ATTRIBUTE,EXISTING_CREATE_TARGET,Dimension and target name were supplied without hierarchy; create target already exists,1,,Material Ledger Document,,Object Number,,,Material Ledger Document.Object Number,attribute::Material Ledger Document::Material Ledger Document::Object Number
TI,semantic::ti::dataupdate - material ledger - consumption - transfers::CREATES_ATTRIBUTE::attribute::material ledger document.order item number,SEMANTIC_KEY,1,1,CREATES_ATTRIBUTE,ATTRIBUTE_CATALOG_DEFERRED,ATTRIBUTE,EXISTING_CREATE_TARGET,Dimension and target name were supplied without hierarchy; create target already exists,1,,Material Ledger Document,,Order Item Number,,,Material Ledger Document.Order Item Number,attribute::Material Ledger Document::Material Ledger Document::Order Item Number
TI,semantic::ti::dataupdate - material ledger - consumption - transfers::CREATES_ATTRIBUTE::attribute::material ledger document.order number,SEMANTIC_KEY,1,1,CREATES_ATTRIBUTE,ATTRIBUTE_CATALOG_DEFERRED,ATTRIBUTE,EXISTING_CREATE_TARGET,Dimension and target name were supplied without hierarchy; create target already exists,1,,Material Ledger Document,,Order Number,,,Material Ledger Document.Order Number,attribute::Material Ledger Document::Material Ledger Document::Order Number
TI,semantic::ti::dataupdate - material ledger - consumption - transfers::CREATES_ATTRIBUTE::attribute::material ledger document.po uom,SEMANTIC_KEY,1,1,CREATES_ATTRIBUTE,ATTRIBUTE_CATALOG_DEFERRED,ATTRIBUTE,EXISTING_CREATE_TARGET,Dimension and target name were supplied without hierarchy; create target already exists,1,,Material Ledger Document,,PO UOM,,,Material Ledger Document.PO UOM,attribute::Material Ledger Document::Material Ledger Document::PO UOM
TI,semantic::ti::dataupdate - material ledger - consumption - transfers::CREATES_ATTRIBUTE::attribute::material ledger document.process,SEMANTIC_KEY,1,1,CREATES_ATTRIBUTE,ATTRIBUTE_CATALOG_DEFERRED,ATTRIBUTE,EXISTING_CREATE_TARGET,Dimension and target name were supplied without hierarchy; create target already exists,1,,Material Ledger Document,,Process,,,Material Ledger Document.Process,attribute::Material Ledger Document::Material Ledger Document::Process
TI,semantic::ti::dataupdate - material ledger - consumption - transfers::CREATES_ATTRIBUTE::attribute::material ledger document.purchasing document no,SEMANTIC_KEY,1,1,CREATES_ATTRIBUTE,ATTRIBUTE_CATALOG_DEFERRED,ATTRIBUTE,EXISTING_CREATE_TARGET,Dimension and target name were supplied without hierarchy; create target already exists,1,,Material Ledger Document,,Purchasing Document No,,,Material Ledger Document.Purchasing Document No,attribute::Material Ledger Document::Material Ledger Document::Purchasing Document No
TI,semantic::ti::dataupdate - material ledger - consumption - transfers::CREATES_ATTRIBUTE::attribute::material ledger document.ship-to party,SEMANTIC_KEY,1,1,CREATES_ATTRIBUTE,ATTRIBUTE_CATALOG_DEFERRED,ATTRIBUTE,EXISTING_CREATE_TARGET,Dimension and target name were supplied without hierarchy; create target already exists,1,,Material Ledger Document,,Ship-to Party,,,Material Ledger Document.Ship-to Party,attribute::Material Ledger Document::Material Ledger Document::Ship-to Party
TI,semantic::ti::dataupdate - material ledger - consumption - transfers::CREATES_ATTRIBUTE::attribute::material ledger document.text,SEMANTIC_KEY,1,1,CREATES_ATTRIBUTE,ATTRIBUTE_CATALOG_DEFERRED,ATTRIBUTE,EXISTING_CREATE_TARGET,Dimension and target name were supplied without hierarchy; create target already exists,1,,Material Ledger Document,,Text,,,Material Ledger Document.Text,attribute::Material Ledger Document::Material Ledger Document::Text
TI,semantic::ti::dataupdate - material ledger - consumption - transfers::CREATES_ATTRIBUTE::attribute::material ledger document.trading partner,SEMANTIC_KEY,1,1,CREATES_ATTRIBUTE,ATTRIBUTE_CATALOG_DEFERRED,ATTRIBUTE,EXISTING_CREATE_TARGET,Dimension and target name were supplied without hierarchy; create target already exists,1,,Material Ledger Document,,Trading Partner,,,Material Ledger Document.Trading Partner,attribute::Material Ledger Document::Material Ledger Document::Trading Partner
TI,semantic::ti::dataupdate - material ledger - consumption - transfers::CREATES_ATTRIBUTE::attribute::material ledger document.valuation class,SEMANTIC_KEY,1,1,CREATES_ATTRIBUTE,ATTRIBUTE_CATALOG_DEFERRED,ATTRIBUTE,EXISTING_CREATE_TARGET,Dimension and target name were supplied without hierarchy; create target already exists,1,,Material Ledger Document,,Valuation Class,,,Material Ledger Document.Valuation Class,attribute::Material Ledger Document::Material Ledger Document::Valuation Class
TI,semantic::ti::dataupdate - material ledger - consumption - transfers::CREATES_ATTRIBUTE::attribute::material ledger document.valuation type,SEMANTIC_KEY,1,1,CREATES_ATTRIBUTE,ATTRIBUTE_CATALOG_DEFERRED,ATTRIBUTE,EXISTING_CREATE_TARGET,Dimension and target name were supplied without hierarchy; create target already exists,1,,Material Ledger Document,,Valuation Type,,,Material Ledger Document.Valuation Type,attribute::Material Ledger Document::Material Ledger Document::Valuation Type
TI,semantic::ti::dataupdate - material ledger - consumption - transfers::CREATES_ATTRIBUTE::attribute::material ledger document.vendor,SEMANTIC_KEY,1,1,CREATES_ATTRIBUTE,ATTRIBUTE_CATALOG_DEFERRED,ATTRIBUTE,EXISTING_CREATE_TARGET,Dimension and target name were supplied without hierarchy; create target already exists,1,,Material Ledger Document,,Vendor,,,Material Ledger Document.Vendor,attribute::Material Ledger Document::Material Ledger Document::Vendor
TI,semantic::ti::dataupdate - material ledger - receipts - all other::CREATES_ATTRIBUTE::attribute::material ledger document.account determination,SEMANTIC_KEY,1,1,CREATES_ATTRIBUTE,ATTRIBUTE_CATALOG_DEFERRED,ATTRIBUTE,EXISTING_CREATE_TARGET,Dimension and target name were supplied without hierarchy; create target already exists,1,,Material Ledger Document,,Account Determination,,,Material Ledger Document.Account Determination,attribute::Material Ledger Document::Material Ledger Document::Account Determination
TI,semantic::ti::dataupdate - material ledger - receipts - all other::CREATES_ATTRIBUTE::attribute::material ledger document.alternative process,SEMANTIC_KEY,1,1,CREATES_ATTRIBUTE,ATTRIBUTE_CATALOG_DEFERRED,ATTRIBUTE,EXISTING_CREATE_TARGET,Dimension and target name were supplied without hierarchy; create target already exists,1,,Material Ledger Document,,Alternative Process,,,Material Ledger Document.Alternative Process,attribute::Material Ledger Document::Material Ledger Document::Alternative Process
TI,semantic::ti::dataupdate - material ledger - receipts - all other::CREATES_ATTRIBUTE::attribute::material ledger document.assignment number,SEMANTIC_KEY,1,1,CREATES_ATTRIBUTE,ATTRIBUTE_CATALOG_DEFERRED,ATTRIBUTE,EXISTING_CREATE_TARGET,Dimension and target name were supplied without hierarchy; create target already exists,1,,Material Ledger Document,,Assignment Number,,,Material Ledger Document.Assignment Number,attribute::Material Ledger Document::Material Ledger Document::Assignment Number
TI,semantic::ti::dataupdate - material ledger - receipts - all other::CREATES_ATTRIBUTE::attribute::material ledger document.base uom,SEMANTIC_KEY,1,1,CREATES_ATTRIBUTE,ATTRIBUTE_CATALOG_DEFERRED,ATTRIBUTE,EXISTING_CREATE_TARGET,Dimension and target name were supplied without hierarchy; create target already exists,1,,Material Ledger Document,,Base UOM,,,Material Ledger Document.Base UOM,attribute::Material Ledger Document::Material Ledger Document::Base UOM
TI,semantic::ti::dataupdate - material ledger - receipts - all other::CREATES_ATTRIBUTE::attribute::material ledger document.customer,SEMANTIC_KEY,1,1,CREATES_ATTRIBUTE,ATTRIBUTE_CATALOG_DEFERRED,ATTRIBUTE,EXISTING_CREATE_TARGET,Dimension and target name were supplied without hierarchy; create target already exists,1,,Material Ledger Document,,Customer,,,Material Ledger Document.Customer,attribute::Material Ledger Document::Material Ledger Document::Customer
TI,semantic::ti::dataupdate - material ledger - receipts - all other::CREATES_ATTRIBUTE::attribute::material ledger document.goods movement type,SEMANTIC_KEY,1,1,CREATES_ATTRIBUTE,ATTRIBUTE_CATALOG_DEFERRED,ATTRIBUTE,EXISTING_CREATE_TARGET,Dimension and target name were supplied without hierarchy; create target already exists,1,,Material Ledger Document,,Goods Movement Type,,,Material Ledger Document.Goods Movement Type,attribute::Material Ledger Document::Material Ledger Document::Goods Movement Type
TI,semantic::ti::dataupdate - material ledger - receipts - all other::CREATES_ATTRIBUTE::attribute::material ledger document.ml document no,SEMANTIC_KEY,1,1,CREATES_ATTRIBUTE,ATTRIBUTE_CATALOG_DEFERRED,ATTRIBUTE,EXISTING_CREATE_TARGET,Dimension and target name were supplied without hierarchy; create target already exists,1,,Material Ledger Document,,ML Document No,,,Material Ledger Document.ML Document No,attribute::Material Ledger Document::Material Ledger Document::ML Document No
TI,semantic::ti::dataupdate - material ledger - receipts - all other::CREATES_ATTRIBUTE::attribute::material ledger document.object number,SEMANTIC_KEY,1,1,CREATES_ATTRIBUTE,ATTRIBUTE_CATALOG_DEFERRED,ATTRIBUTE,EXISTING_CREATE_TARGET,Dimension and target name were supplied without hierarchy; create target already exists,1,,Material Ledger Document,,Object Number,,,Material Ledger Document.Object Number,attribute::Material Ledger Document::Material Ledger Document::Object Number
TI,semantic::ti::dataupdate - material ledger - receipts - all other::CREATES_ATTRIBUTE::attribute::material ledger document.order item number,SEMANTIC_KEY,1,1,CREATES_ATTRIBUTE,ATTRIBUTE_CATALOG_DEFERRED,ATTRIBUTE,EXISTING_CREATE_TARGET,Dimension and target name were supplied without hierarchy; create target already exists,1,,Material Ledger Document,,Order Item Number,,,Material Ledger Document.Order Item Number,attribute::Material Ledger Document::Material Ledger Document::Order Item Number
TI,semantic::ti::dataupdate - material ledger - receipts - all other::CREATES_ATTRIBUTE::attribute::material ledger document.order number,SEMANTIC_KEY,1,1,CREATES_ATTRIBUTE,ATTRIBUTE_CATALOG_DEFERRED,ATTRIBUTE,EXISTING_CREATE_TARGET,Dimension and target name were supplied without hierarchy; create target already exists,1,,Material Ledger Document,,Order Number,,,Material Ledger Document.Order Number,attribute::Material Ledger Document::Material Ledger Document::Order Number
TI,semantic::ti::dataupdate - material ledger - receipts - all other::CREATES_ATTRIBUTE::attribute::material ledger document.po uom,SEMANTIC_KEY,1,1,CREATES_ATTRIBUTE,ATTRIBUTE_CATALOG_DEFERRED,ATTRIBUTE,EXISTING_CREATE_TARGET,Dimension and target name were supplied without hierarchy; create target already exists,1,,Material Ledger Document,,PO UOM,,,Material Ledger Document.PO UOM,attribute::Material Ledger Document::Material Ledger Document::PO UOM
TI,semantic::ti::dataupdate - material ledger - receipts - all other::CREATES_ATTRIBUTE::attribute::material ledger document.process,SEMANTIC_KEY,1,1,CREATES_ATTRIBUTE,ATTRIBUTE_CATALOG_DEFERRED,ATTRIBUTE,EXISTING_CREATE_TARGET,Dimension and target name were supplied without hierarchy; create target already exists,1,,Material Ledger Document,,Process,,,Material Ledger Document.Process,attribute::Material Ledger Document::Material Ledger Document::Process
TI,semantic::ti::dataupdate - material ledger - receipts - all other::CREATES_ATTRIBUTE::attribute::material ledger document.purchasing document no,SEMANTIC_KEY,1,1,CREATES_ATTRIBUTE,ATTRIBUTE_CATALOG_DEFERRED,ATTRIBUTE,EXISTING_CREATE_TARGET,Dimension and target name were supplied without hierarchy; create target already exists,1,,Material Ledger Document,,Purchasing Document No,,,Material Ledger Document.Purchasing Document No,attribute::Material Ledger Document::Material Ledger Document::Purchasing Document No
TI,semantic::ti::dataupdate - material ledger - receipts - all other::CREATES_ATTRIBUTE::attribute::material ledger document.ship-to party,SEMANTIC_KEY,1,1,CREATES_ATTRIBUTE,ATTRIBUTE_CATALOG_DEFERRED,ATTRIBUTE,EXISTING_CREATE_TARGET,Dimension and target name were supplied without hierarchy; create target already exists,1,,Material Ledger Document,,Ship-to Party,,,Material Ledger Document.Ship-to Party,attribute::Material Ledger Document::Material Ledger Document::Ship-to Party
TI,semantic::ti::dataupdate - material ledger - receipts - all other::CREATES_ATTRIBUTE::attribute::material ledger document.text,SEMANTIC_KEY,1,1,CREATES_ATTRIBUTE,ATTRIBUTE_CATALOG_DEFERRED,ATTRIBUTE,EXISTING_CREATE_TARGET,Dimension and target name were supplied without hierarchy; create target already exists,1,,Material Ledger Document,,Text,,,Material Ledger Document.Text,attribute::Material Ledger Document::Material Ledger Document::Text
TI,semantic::ti::dataupdate - material ledger - receipts - all other::CREATES_ATTRIBUTE::attribute::material ledger document.trading partner,SEMANTIC_KEY,1,1,CREATES_ATTRIBUTE,ATTRIBUTE_CATALOG_DEFERRED,ATTRIBUTE,EXISTING_CREATE_TARGET,Dimension and target name were supplied without hierarchy; create target already exists,1,,Material Ledger Document,,Trading Partner,,,Material Ledger Document.Trading Partner,attribute::Material Ledger Document::Material Ledger Document::Trading Partner
TI,semantic::ti::dataupdate - material ledger - receipts - all other::CREATES_ATTRIBUTE::attribute::material ledger document.valuation class,SEMANTIC_KEY,1,1,CREATES_ATTRIBUTE,ATTRIBUTE_CATALOG_DEFERRED,ATTRIBUTE,EXISTING_CREATE_TARGET,Dimension and target name were supplied without hierarchy; create target already exists,1,,Material Ledger Document,,Valuation Class,,,Material Ledger Document.Valuation Class,attribute::Material Ledger Document::Material Ledger Document::Valuation Class
TI,semantic::ti::dataupdate - material ledger - receipts - all other::CREATES_ATTRIBUTE::attribute::material ledger document.valuation type,SEMANTIC_KEY,1,1,CREATES_ATTRIBUTE,ATTRIBUTE_CATALOG_DEFERRED,ATTRIBUTE,EXISTING_CREATE_TARGET,Dimension and target name were supplied without hierarchy; create target already exists,1,,Material Ledger Document,,Valuation Type,,,Material Ledger Document.Valuation Type,attribute::Material Ledger Document::Material Ledger Document::Valuation Type
TI,semantic::ti::dataupdate - material ledger - receipts - all other::CREATES_ATTRIBUTE::attribute::material ledger document.vendor,SEMANTIC_KEY,1,1,CREATES_ATTRIBUTE,ATTRIBUTE_CATALOG_DEFERRED,ATTRIBUTE,EXISTING_CREATE_TARGET,Dimension and target name were supplied without hierarchy; create target already exists,1,,Material Ledger Document,,Vendor,,,Material Ledger Document.Vendor,attribute::Material Ledger Document::Material Ledger Document::Vendor
TI,semantic::ti::dataupdate - material ledger - receipts - external procured receipts::CREATES_ATTRIBUTE::attribute::material ledger document.account determination,SEMANTIC_KEY,1,1,CREATES_ATTRIBUTE,ATTRIBUTE_CATALOG_DEFERRED,ATTRIBUTE,EXISTING_CREATE_TARGET,Dimension and target name were supplied without hierarchy; create target already exists,1,,Material Ledger Document,,Account Determination,,,Material Ledger Document.Account Determination,attribute::Material Ledger Document::Material Ledger Document::Account Determination
TI,semantic::ti::dataupdate - material ledger - receipts - external procured receipts::CREATES_ATTRIBUTE::attribute::material ledger document.alternative process,SEMANTIC_KEY,1,1,CREATES_ATTRIBUTE,ATTRIBUTE_CATALOG_DEFERRED,ATTRIBUTE,EXISTING_CREATE_TARGET,Dimension and target name were supplied without hierarchy; create target already exists,1,,Material Ledger Document,,Alternative Process,,,Material Ledger Document.Alternative Process,attribute::Material Ledger Document::Material Ledger Document::Alternative Process
TI,semantic::ti::dataupdate - material ledger - receipts - external procured receipts::CREATES_ATTRIBUTE::attribute::material ledger document.assignment number,SEMANTIC_KEY,1,1,CREATES_ATTRIBUTE,ATTRIBUTE_CATALOG_DEFERRED,ATTRIBUTE,EXISTING_CREATE_TARGET,Dimension and target name were supplied without hierarchy; create target already exists,1,,Material Ledger Document,,Assignment Number,,,Material Ledger Document.Assignment Number,attribute::Material Ledger Document::Material Ledger Document::Assignment Number
TI,semantic::ti::dataupdate - material ledger - receipts - external procured receipts::CREATES_ATTRIBUTE::attribute::material ledger document.base uom,SEMANTIC_KEY,1,1,CREATES_ATTRIBUTE,ATTRIBUTE_CATALOG_DEFERRED,ATTRIBUTE,EXISTING_CREATE_TARGET,Dimension and target name were supplied without hierarchy; create target already exists,1,,Material Ledger Document,,Base UOM,,,Material Ledger Document.Base UOM,attribute::Material Ledger Document::Material Ledger Document::Base UOM
TI,semantic::ti::dataupdate - material ledger - receipts - external procured receipts::CREATES_ATTRIBUTE::attribute::material ledger document.customer,SEMANTIC_KEY,1,1,CREATES_ATTRIBUTE,ATTRIBUTE_CATALOG_DEFERRED,ATTRIBUTE,EXISTING_CREATE_TARGET,Dimension and target name were supplied without hierarchy; create target already exists,1,,Material Ledger Document,,Customer,,,Material Ledger Document.Customer,attribute::Material Ledger Document::Material Ledger Document::Customer
TI,semantic::ti::dataupdate - material ledger - receipts - external procured receipts::CREATES_ATTRIBUTE::attribute::material ledger document.goods movement type,SEMANTIC_KEY,1,1,CREATES_ATTRIBUTE,ATTRIBUTE_CATALOG_DEFERRED,ATTRIBUTE,EXISTING_CREATE_TARGET,Dimension and target name were supplied without hierarchy; create target already exists,1,,Material Ledger Document,,Goods Movement Type,,,Material Ledger Document.Goods Movement Type,attribute::Material Ledger Document::Material Ledger Document::Goods Movement Type
TI,semantic::ti::dataupdate - material ledger - receipts - external procured receipts::CREATES_ATTRIBUTE::attribute::material ledger document.ml document no,SEMANTIC_KEY,1,1,CREATES_ATTRIBUTE,ATTRIBUTE_CATALOG_DEFERRED,ATTRIBUTE,EXISTING_CREATE_TARGET,Dimension and target name were supplied without hierarchy; create target already exists,1,,Material Ledger Document,,ML Document No,,,Material Ledger Document.ML Document No,attribute::Material Ledger Document::Material Ledger Document::ML Document No
TI,semantic::ti::dataupdate - material ledger - receipts - external procured receipts::CREATES_ATTRIBUTE::attribute::material ledger document.object number,SEMANTIC_KEY,1,1,CREATES_ATTRIBUTE,ATTRIBUTE_CATALOG_DEFERRED,ATTRIBUTE,EXISTING_CREATE_TARGET,Dimension and target name were supplied without hierarchy; create target already exists,1,,Material Ledger Document,,Object Number,,,Material Ledger Document.Object Number,attribute::Material Ledger Document::Material Ledger Document::Object Number
TI,semantic::ti::dataupdate - material ledger - receipts - external procured receipts::CREATES_ATTRIBUTE::attribute::material ledger document.order item number,SEMANTIC_KEY,1,1,CREATES_ATTRIBUTE,ATTRIBUTE_CATALOG_DEFERRED,ATTRIBUTE,EXISTING_CREATE_TARGET,Dimension and target name were supplied without hierarchy; create target already exists,1,,Material Ledger Document,,Order Item Number,,,Material Ledger Document.Order Item Number,attribute::Material Ledger Document::Material Ledger Document::Order Item Number
TI,semantic::ti::dataupdate - material ledger - receipts - external procured receipts::CREATES_ATTRIBUTE::attribute::material ledger document.order number,SEMANTIC_KEY,1,1,CREATES_ATTRIBUTE,ATTRIBUTE_CATALOG_DEFERRED,ATTRIBUTE,EXISTING_CREATE_TARGET,Dimension and target name were supplied without hierarchy; create target already exists,1,,Material Ledger Document,,Order Number,,,Material Ledger Document.Order Number,attribute::Material Ledger Document::Material Ledger Document::Order Number
TI,semantic::ti::dataupdate - material ledger - receipts - external procured receipts::CREATES_ATTRIBUTE::attribute::material ledger document.po uom,SEMANTIC_KEY,1,1,CREATES_ATTRIBUTE,ATTRIBUTE_CATALOG_DEFERRED,ATTRIBUTE,EXISTING_CREATE_TARGET,Dimension and target name were supplied without hierarchy; create target already exists,1,,Material Ledger Document,,PO UOM,,,Material Ledger Document.PO UOM,attribute::Material Ledger Document::Material Ledger Document::PO UOM
TI,semantic::ti::dataupdate - material ledger - receipts - external procured receipts::CREATES_ATTRIBUTE::attribute::material ledger document.process,SEMANTIC_KEY,1,1,CREATES_ATTRIBUTE,ATTRIBUTE_CATALOG_DEFERRED,ATTRIBUTE,EXISTING_CREATE_TARGET,Dimension and target name were supplied without hierarchy; create target already exists,1,,Material Ledger Document,,Process,,,Material Ledger Document.Process,attribute::Material Ledger Document::Material Ledger Document::Process
TI,semantic::ti::dataupdate - material ledger - receipts - external procured receipts::CREATES_ATTRIBUTE::attribute::material ledger document.purchasing document no,SEMANTIC_KEY,1,1,CREATES_ATTRIBUTE,ATTRIBUTE_CATALOG_DEFERRED,ATTRIBUTE,EXISTING_CREATE_TARGET,Dimension and target name were supplied without hierarchy; create target already exists,1,,Material Ledger Document,,Purchasing Document No,,,Material Ledger Document.Purchasing Document No,attribute::Material Ledger Document::Material Ledger Document::Purchasing Document No
TI,semantic::ti::dataupdate - material ledger - receipts - external procured receipts::CREATES_ATTRIBUTE::attribute::material ledger document.ship-to party,SEMANTIC_KEY,1,1,CREATES_ATTRIBUTE,ATTRIBUTE_CATALOG_DEFERRED,ATTRIBUTE,EXISTING_CREATE_TARGET,Dimension and target name were supplied without hierarchy; create target already exists,1,,Material Ledger Document,,Ship-to Party,,,Material Ledger Document.Ship-to Party,attribute::Material Ledger Document::Material Ledger Document::Ship-to Party
TI,semantic::ti::dataupdate - material ledger - receipts - external procured receipts::CREATES_ATTRIBUTE::attribute::material ledger document.text,SEMANTIC_KEY,1,1,CREATES_ATTRIBUTE,ATTRIBUTE_CATALOG_DEFERRED,ATTRIBUTE,EXISTING_CREATE_TARGET,Dimension and target name were supplied without hierarchy; create target already exists,1,,Material Ledger Document,,Text,,,Material Ledger Document.Text,attribute::Material Ledger Document::Material Ledger Document::Text
TI,semantic::ti::dataupdate - material ledger - receipts - external procured receipts::CREATES_ATTRIBUTE::attribute::material ledger document.trading partner,SEMANTIC_KEY,1,1,CREATES_ATTRIBUTE,ATTRIBUTE_CATALOG_DEFERRED,ATTRIBUTE,EXISTING_CREATE_TARGET,Dimension and target name were supplied without hierarchy; create target already exists,1,,Material Ledger Document,,Trading Partner,,,Material Ledger Document.Trading Partner,attribute::Material Ledger Document::Material Ledger Document::Trading Partner
TI,semantic::ti::dataupdate - material ledger - receipts - external procured receipts::CREATES_ATTRIBUTE::attribute::material ledger document.valuation class,SEMANTIC_KEY,1,1,CREATES_ATTRIBUTE,ATTRIBUTE_CATALOG_DEFERRED,ATTRIBUTE,EXISTING_CREATE_TARGET,Dimension and target name were supplied without hierarchy; create target already exists,1,,Material Ledger Document,,Valuation Class,,,Material Ledger Document.Valuation Class,attribute::Material Ledger Document::Material Ledger Document::Valuation Class
TI,semantic::ti::dataupdate - material ledger - receipts - external procured receipts::CREATES_ATTRIBUTE::attribute::material ledger document.valuation type,SEMANTIC_KEY,1,1,CREATES_ATTRIBUTE,ATTRIBUTE_CATALOG_DEFERRED,ATTRIBUTE,EXISTING_CREATE_TARGET,Dimension and target name were supplied without hierarchy; create target already exists,1,,Material Ledger Document,,Valuation Type,,,Material Ledger Document.Valuation Type,attribute::Material Ledger Document::Material Ledger Document::Valuation Type
TI,semantic::ti::dataupdate - material ledger - receipts - external procured receipts::CREATES_ATTRIBUTE::attribute::material ledger document.vendor,SEMANTIC_KEY,1,1,CREATES_ATTRIBUTE,ATTRIBUTE_CATALOG_DEFERRED,ATTRIBUTE,EXISTING_CREATE_TARGET,Dimension and target name were supplied without hierarchy; create target already exists,1,,Material Ledger Document,,Vendor,,,Material Ledger Document.Vendor,attribute::Material Ledger Document::Material Ledger Document::Vendor
TI,semantic::ti::dataupdate - material ledger - receipts - production - components consumed::CREATES_ATTRIBUTE::attribute::sending or receiving material.material,SEMANTIC_KEY,1,1,CREATES_ATTRIBUTE,ATTRIBUTE_CATALOG_DEFERRED,ATTRIBUTE,EXISTING_CREATE_TARGET,Dimension and target name were supplied without hierarchy; create target already exists,1,,Sending or Receiving Material,,Material,,,Sending or Receiving Material.Material,attribute::Sending or Receiving Material::Sending or Receiving Material::Material
TI,semantic::ti::dataupdate - material ledger - receipts - production - components consumed::CREATES_ATTRIBUTE::attribute::sending or receiving material.plant,SEMANTIC_KEY,1,1,CREATES_ATTRIBUTE,ATTRIBUTE_CATALOG_DEFERRED,ATTRIBUTE,EXISTING_CREATE_TARGET,Dimension and target name were supplied without hierarchy; create target already exists,1,,Sending or Receiving Material,,Plant,,,Sending or Receiving Material.Plant,attribute::Sending or Receiving Material::Sending or Receiving Material::Plant
TI,semantic::ti::dataupdate - material ledger - receipts - production::CREATES_ATTRIBUTE::attribute::material ledger document.account determination,SEMANTIC_KEY,1,1,CREATES_ATTRIBUTE,ATTRIBUTE_CATALOG_DEFERRED,ATTRIBUTE,EXISTING_CREATE_TARGET,Dimension and target name were supplied without hierarchy; create target already exists,1,,Material Ledger Document,,Account Determination,,,Material Ledger Document.Account Determination,attribute::Material Ledger Document::Material Ledger Document::Account Determination
TI,semantic::ti::dataupdate - material ledger - receipts - production::CREATES_ATTRIBUTE::attribute::material ledger document.alternative process,SEMANTIC_KEY,1,1,CREATES_ATTRIBUTE,ATTRIBUTE_CATALOG_DEFERRED,ATTRIBUTE,EXISTING_CREATE_TARGET,Dimension and target name were supplied without hierarchy; create target already exists,1,,Material Ledger Document,,Alternative Process,,,Material Ledger Document.Alternative Process,attribute::Material Ledger Document::Material Ledger Document::Alternative Process
TI,semantic::ti::dataupdate - material ledger - receipts - production::CREATES_ATTRIBUTE::attribute::material ledger document.assignment number,SEMANTIC_KEY,1,1,CREATES_ATTRIBUTE,ATTRIBUTE_CATALOG_DEFERRED,ATTRIBUTE,EXISTING_CREATE_TARGET,Dimension and target name were supplied without hierarchy; create target already exists,1,,Material Ledger Document,,Assignment Number,,,Material Ledger Document.Assignment Number,attribute::Material Ledger Document::Material Ledger Document::Assignment Number
TI,semantic::ti::dataupdate - material ledger - receipts - production::CREATES_ATTRIBUTE::attribute::material ledger document.base uom,SEMANTIC_KEY,1,1,CREATES_ATTRIBUTE,ATTRIBUTE_CATALOG_DEFERRED,ATTRIBUTE,EXISTING_CREATE_TARGET,Dimension and target name were supplied without hierarchy; create target already exists,1,,Material Ledger Document,,Base UOM,,,Material Ledger Document.Base UOM,attribute::Material Ledger Document::Material Ledger Document::Base UOM
TI,semantic::ti::dataupdate - material ledger - receipts - production::CREATES_ATTRIBUTE::attribute::material ledger document.customer,SEMANTIC_KEY,1,1,CREATES_ATTRIBUTE,ATTRIBUTE_CATALOG_DEFERRED,ATTRIBUTE,EXISTING_CREATE_TARGET,Dimension and target name were supplied without hierarchy; create target already exists,1,,Material Ledger Document,,Customer,,,Material Ledger Document.Customer,attribute::Material Ledger Document::Material Ledger Document::Customer
TI,semantic::ti::dataupdate - material ledger - receipts - production::CREATES_ATTRIBUTE::attribute::material ledger document.goods movement type,SEMANTIC_KEY,1,1,CREATES_ATTRIBUTE,ATTRIBUTE_CATALOG_DEFERRED,ATTRIBUTE,EXISTING_CREATE_TARGET,Dimension and target name were supplied without hierarchy; create target already exists,1,,Material Ledger Document,,Goods Movement Type,,,Material Ledger Document.Goods Movement Type,attribute::Material Ledger Document::Material Ledger Document::Goods Movement Type
TI,semantic::ti::dataupdate - material ledger - receipts - production::CREATES_ATTRIBUTE::attribute::material ledger document.ml document no,SEMANTIC_KEY,1,1,CREATES_ATTRIBUTE,ATTRIBUTE_CATALOG_DEFERRED,ATTRIBUTE,EXISTING_CREATE_TARGET,Dimension and target name were supplied without hierarchy; create target already exists,1,,Material Ledger Document,,ML Document No,,,Material Ledger Document.ML Document No,attribute::Material Ledger Document::Material Ledger Document::ML Document No
TI,semantic::ti::dataupdate - material ledger - receipts - production::CREATES_ATTRIBUTE::attribute::material ledger document.object number,SEMANTIC_KEY,1,1,CREATES_ATTRIBUTE,ATTRIBUTE_CATALOG_DEFERRED,ATTRIBUTE,EXISTING_CREATE_TARGET,Dimension and target name were supplied without hierarchy; create target already exists,1,,Material Ledger Document,,Object Number,,,Material Ledger Document.Object Number,attribute::Material Ledger Document::Material Ledger Document::Object Number
TI,semantic::ti::dataupdate - material ledger - receipts - production::CREATES_ATTRIBUTE::attribute::material ledger document.order item number,SEMANTIC_KEY,1,1,CREATES_ATTRIBUTE,ATTRIBUTE_CATALOG_DEFERRED,ATTRIBUTE,EXISTING_CREATE_TARGET,Dimension and target name were supplied without hierarchy; create target already exists,1,,Material Ledger Document,,Order Item Number,,,Material Ledger Document.Order Item Number,attribute::Material Ledger Document::Material Ledger Document::Order Item Number
TI,semantic::ti::dataupdate - material ledger - receipts - production::CREATES_ATTRIBUTE::attribute::material ledger document.order number,SEMANTIC_KEY,1,1,CREATES_ATTRIBUTE,ATTRIBUTE_CATALOG_DEFERRED,ATTRIBUTE,EXISTING_CREATE_TARGET,Dimension and target name were supplied without hierarchy; create target already exists,1,,Material Ledger Document,,Order Number,,,Material Ledger Document.Order Number,attribute::Material Ledger Document::Material Ledger Document::Order Number
TI,semantic::ti::dataupdate - material ledger - receipts - production::CREATES_ATTRIBUTE::attribute::material ledger document.po uom,SEMANTIC_KEY,1,1,CREATES_ATTRIBUTE,ATTRIBUTE_CATALOG_DEFERRED,ATTRIBUTE,EXISTING_CREATE_TARGET,Dimension and target name were supplied without hierarchy; create target already exists,1,,Material Ledger Document,,PO UOM,,,Material Ledger Document.PO UOM,attribute::Material Ledger Document::Material Ledger Document::PO UOM
TI,semantic::ti::dataupdate - material ledger - receipts - production::CREATES_ATTRIBUTE::attribute::material ledger document.process,SEMANTIC_KEY,1,1,CREATES_ATTRIBUTE,ATTRIBUTE_CATALOG_DEFERRED,ATTRIBUTE,EXISTING_CREATE_TARGET,Dimension and target name were supplied without hierarchy; create target already exists,1,,Material Ledger Document,,Process,,,Material Ledger Document.Process,attribute::Material Ledger Document::Material Ledger Document::Process
TI,semantic::ti::dataupdate - material ledger - receipts - production::CREATES_ATTRIBUTE::attribute::material ledger document.purchasing document no,SEMANTIC_KEY,1,1,CREATES_ATTRIBUTE,ATTRIBUTE_CATALOG_DEFERRED,ATTRIBUTE,EXISTING_CREATE_TARGET,Dimension and target name were supplied without hierarchy; create target already exists,1,,Material Ledger Document,,Purchasing Document No,,,Material Ledger Document.Purchasing Document No,attribute::Material Ledger Document::Material Ledger Document::Purchasing Document No
TI,semantic::ti::dataupdate - material ledger - receipts - production::CREATES_ATTRIBUTE::attribute::material ledger document.ship-to party,SEMANTIC_KEY,1,1,CREATES_ATTRIBUTE,ATTRIBUTE_CATALOG_DEFERRED,ATTRIBUTE,EXISTING_CREATE_TARGET,Dimension and target name were supplied without hierarchy; create target already exists,1,,Material Ledger Document,,Ship-to Party,,,Material Ledger Document.Ship-to Party,attribute::Material Ledger Document::Material Ledger Document::Ship-to Party
TI,semantic::ti::dataupdate - material ledger - receipts - production::CREATES_ATTRIBUTE::attribute::material ledger document.text,SEMANTIC_KEY,1,1,CREATES_ATTRIBUTE,ATTRIBUTE_CATALOG_DEFERRED,ATTRIBUTE,EXISTING_CREATE_TARGET,Dimension and target name were supplied without hierarchy; create target already exists,1,,Material Ledger Document,,Text,,,Material Ledger Document.Text,attribute::Material Ledger Document::Material Ledger Document::Text
TI,semantic::ti::dataupdate - material ledger - receipts - production::CREATES_ATTRIBUTE::attribute::material ledger document.trading partner,SEMANTIC_KEY,1,1,CREATES_ATTRIBUTE,ATTRIBUTE_CATALOG_DEFERRED,ATTRIBUTE,EXISTING_CREATE_TARGET,Dimension and target name were supplied without hierarchy; create target already exists,1,,Material Ledger Document,,Trading Partner,,,Material Ledger Document.Trading Partner,attribute::Material Ledger Document::Material Ledger Document::Trading Partner
TI,semantic::ti::dataupdate - material ledger - receipts - production::CREATES_ATTRIBUTE::attribute::material ledger document.valuation class,SEMANTIC_KEY,1,1,CREATES_ATTRIBUTE,ATTRIBUTE_CATALOG_DEFERRED,ATTRIBUTE,EXISTING_CREATE_TARGET,Dimension and target name were supplied without hierarchy; create target already exists,1,,Material Ledger Document,,Valuation Class,,,Material Ledger Document.Valuation Class,attribute::Material Ledger Document::Material Ledger Document::Valuation Class
TI,semantic::ti::dataupdate - material ledger - receipts - production::CREATES_ATTRIBUTE::attribute::material ledger document.valuation type,SEMANTIC_KEY,1,1,CREATES_ATTRIBUTE,ATTRIBUTE_CATALOG_DEFERRED,ATTRIBUTE,EXISTING_CREATE_TARGET,Dimension and target name were supplied without hierarchy; create target already exists,1,,Material Ledger Document,,Valuation Type,,,Material Ledger Document.Valuation Type,attribute::Material Ledger Document::Material Ledger Document::Valuation Type
TI,semantic::ti::dataupdate - material ledger - receipts - production::CREATES_ATTRIBUTE::attribute::material ledger document.vendor,SEMANTIC_KEY,1,1,CREATES_ATTRIBUTE,ATTRIBUTE_CATALOG_DEFERRED,ATTRIBUTE,EXISTING_CREATE_TARGET,Dimension and target name were supplied without hierarchy; create target already exists,1,,Material Ledger Document,,Vendor,,,Material Ledger Document.Vendor,attribute::Material Ledger Document::Material Ledger Document::Vendor
TI,semantic::ti::dataupdate - material ledger - receipts - transfer posting - components consumed::CREATES_ATTRIBUTE::attribute::sending or receiving material.material,SEMANTIC_KEY,1,1,CREATES_ATTRIBUTE,ATTRIBUTE_CATALOG_DEFERRED,ATTRIBUTE,EXISTING_CREATE_TARGET,Dimension and target name were supplied without hierarchy; create target already exists,1,,Sending or Receiving Material,,Material,,,Sending or Receiving Material.Material,attribute::Sending or Receiving Material::Sending or Receiving Material::Material
TI,semantic::ti::dataupdate - material ledger - receipts - transfer posting - components consumed::CREATES_ATTRIBUTE::attribute::sending or receiving material.plant,SEMANTIC_KEY,1,1,CREATES_ATTRIBUTE,ATTRIBUTE_CATALOG_DEFERRED,ATTRIBUTE,EXISTING_CREATE_TARGET,Dimension and target name were supplied without hierarchy; create target already exists,1,,Sending or Receiving Material,,Plant,,,Sending or Receiving Material.Plant,attribute::Sending or Receiving Material::Sending or Receiving Material::Plant
TI,semantic::ti::dataupdate - material ledger - receipts - transfer posting::CREATES_ATTRIBUTE::attribute::material ledger document.account determination,SEMANTIC_KEY,1,1,CREATES_ATTRIBUTE,ATTRIBUTE_CATALOG_DEFERRED,ATTRIBUTE,EXISTING_CREATE_TARGET,Dimension and target name were supplied without hierarchy; create target already exists,1,,Material Ledger Document,,Account Determination,,,Material Ledger Document.Account Determination,attribute::Material Ledger Document::Material Ledger Document::Account Determination
TI,semantic::ti::dataupdate - material ledger - receipts - transfer posting::CREATES_ATTRIBUTE::attribute::material ledger document.alternative process,SEMANTIC_KEY,1,1,CREATES_ATTRIBUTE,ATTRIBUTE_CATALOG_DEFERRED,ATTRIBUTE,EXISTING_CREATE_TARGET,Dimension and target name were supplied without hierarchy; create target already exists,1,,Material Ledger Document,,Alternative Process,,,Material Ledger Document.Alternative Process,attribute::Material Ledger Document::Material Ledger Document::Alternative Process
TI,semantic::ti::dataupdate - material ledger - receipts - transfer posting::CREATES_ATTRIBUTE::attribute::material ledger document.assignment number,SEMANTIC_KEY,1,1,CREATES_ATTRIBUTE,ATTRIBUTE_CATALOG_DEFERRED,ATTRIBUTE,EXISTING_CREATE_TARGET,Dimension and target name were supplied without hierarchy; create target already exists,1,,Material Ledger Document,,Assignment Number,,,Material Ledger Document.Assignment Number,attribute::Material Ledger Document::Material Ledger Document::Assignment Number
TI,semantic::ti::dataupdate - material ledger - receipts - transfer posting::CREATES_ATTRIBUTE::attribute::material ledger document.base uom,SEMANTIC_KEY,1,1,CREATES_ATTRIBUTE,ATTRIBUTE_CATALOG_DEFERRED,ATTRIBUTE,EXISTING_CREATE_TARGET,Dimension and target name were supplied without hierarchy; create target already exists,1,,Material Ledger Document,,Base UOM,,,Material Ledger Document.Base UOM,attribute::Material Ledger Document::Material Ledger Document::Base UOM
TI,semantic::ti::dataupdate - material ledger - receipts - transfer posting::CREATES_ATTRIBUTE::attribute::material ledger document.customer,SEMANTIC_KEY,1,1,CREATES_ATTRIBUTE,ATTRIBUTE_CATALOG_DEFERRED,ATTRIBUTE,EXISTING_CREATE_TARGET,Dimension and target name were supplied without hierarchy; create target already exists,1,,Material Ledger Document,,Customer,,,Material Ledger Document.Customer,attribute::Material Ledger Document::Material Ledger Document::Customer
TI,semantic::ti::dataupdate - material ledger - receipts - transfer posting::CREATES_ATTRIBUTE::attribute::material ledger document.goods movement type,SEMANTIC_KEY,1,1,CREATES_ATTRIBUTE,ATTRIBUTE_CATALOG_DEFERRED,ATTRIBUTE,EXISTING_CREATE_TARGET,Dimension and target name were supplied without hierarchy; create target already exists,1,,Material Ledger Document,,Goods Movement Type,,,Material Ledger Document.Goods Movement Type,attribute::Material Ledger Document::Material Ledger Document::Goods Movement Type
TI,semantic::ti::dataupdate - material ledger - receipts - transfer posting::CREATES_ATTRIBUTE::attribute::material ledger document.ml document no,SEMANTIC_KEY,1,1,CREATES_ATTRIBUTE,ATTRIBUTE_CATALOG_DEFERRED,ATTRIBUTE,EXISTING_CREATE_TARGET,Dimension and target name were supplied without hierarchy; create target already exists,1,,Material Ledger Document,,ML Document No,,,Material Ledger Document.ML Document No,attribute::Material Ledger Document::Material Ledger Document::ML Document No
TI,semantic::ti::dataupdate - material ledger - receipts - transfer posting::CREATES_ATTRIBUTE::attribute::material ledger document.object number,SEMANTIC_KEY,1,1,CREATES_ATTRIBUTE,ATTRIBUTE_CATALOG_DEFERRED,ATTRIBUTE,EXISTING_CREATE_TARGET,Dimension and target name were supplied without hierarchy; create target already exists,1,,Material Ledger Document,,Object Number,,,Material Ledger Document.Object Number,attribute::Material Ledger Document::Material Ledger Document::Object Number
TI,semantic::ti::dataupdate - material ledger - receipts - transfer posting::CREATES_ATTRIBUTE::attribute::material ledger document.order item number,SEMANTIC_KEY,1,1,CREATES_ATTRIBUTE,ATTRIBUTE_CATALOG_DEFERRED,ATTRIBUTE,EXISTING_CREATE_TARGET,Dimension and target name were supplied without hierarchy; create target already exists,1,,Material Ledger Document,,Order Item Number,,,Material Ledger Document.Order Item Number,attribute::Material Ledger Document::Material Ledger Document::Order Item Number
TI,semantic::ti::dataupdate - material ledger - receipts - transfer posting::CREATES_ATTRIBUTE::attribute::material ledger document.order number,SEMANTIC_KEY,1,1,CREATES_ATTRIBUTE,ATTRIBUTE_CATALOG_DEFERRED,ATTRIBUTE,EXISTING_CREATE_TARGET,Dimension and target name were supplied without hierarchy; create target already exists,1,,Material Ledger Document,,Order Number,,,Material Ledger Document.Order Number,attribute::Material Ledger Document::Material Ledger Document::Order Number
TI,semantic::ti::dataupdate - material ledger - receipts - transfer posting::CREATES_ATTRIBUTE::attribute::material ledger document.po uom,SEMANTIC_KEY,1,1,CREATES_ATTRIBUTE,ATTRIBUTE_CATALOG_DEFERRED,ATTRIBUTE,EXISTING_CREATE_TARGET,Dimension and target name were supplied without hierarchy; create target already exists,1,,Material Ledger Document,,PO UOM,,,Material Ledger Document.PO UOM,attribute::Material Ledger Document::Material Ledger Document::PO UOM
TI,semantic::ti::dataupdate - material ledger - receipts - transfer posting::CREATES_ATTRIBUTE::attribute::material ledger document.process,SEMANTIC_KEY,1,1,CREATES_ATTRIBUTE,ATTRIBUTE_CATALOG_DEFERRED,ATTRIBUTE,EXISTING_CREATE_TARGET,Dimension and target name were supplied without hierarchy; create target already exists,1,,Material Ledger Document,,Process,,,Material Ledger Document.Process,attribute::Material Ledger Document::Material Ledger Document::Process
TI,semantic::ti::dataupdate - material ledger - receipts - transfer posting::CREATES_ATTRIBUTE::attribute::material ledger document.purchasing document no,SEMANTIC_KEY,1,1,CREATES_ATTRIBUTE,ATTRIBUTE_CATALOG_DEFERRED,ATTRIBUTE,EXISTING_CREATE_TARGET,Dimension and target name were supplied without hierarchy; create target already exists,1,,Material Ledger Document,,Purchasing Document No,,,Material Ledger Document.Purchasing Document No,attribute::Material Ledger Document::Material Ledger Document::Purchasing Document No
TI,semantic::ti::dataupdate - material ledger - receipts - transfer posting::CREATES_ATTRIBUTE::attribute::material ledger document.ship-to party,SEMANTIC_KEY,1,1,CREATES_ATTRIBUTE,ATTRIBUTE_CATALOG_DEFERRED,ATTRIBUTE,EXISTING_CREATE_TARGET,Dimension and target name were supplied without hierarchy; create target already exists,1,,Material Ledger Document,,Ship-to Party,,,Material Ledger Document.Ship-to Party,attribute::Material Ledger Document::Material Ledger Document::Ship-to Party
TI,semantic::ti::dataupdate - material ledger - receipts - transfer posting::CREATES_ATTRIBUTE::attribute::material ledger document.text,SEMANTIC_KEY,1,1,CREATES_ATTRIBUTE,ATTRIBUTE_CATALOG_DEFERRED,ATTRIBUTE,EXISTING_CREATE_TARGET,Dimension and target name were supplied without hierarchy; create target already exists,1,,Material Ledger Document,,Text,,,Material Ledger Document.Text,attribute::Material Ledger Document::Material Ledger Document::Text
TI,semantic::ti::dataupdate - material ledger - receipts - transfer posting::CREATES_ATTRIBUTE::attribute::material ledger document.trading partner,SEMANTIC_KEY,1,1,CREATES_ATTRIBUTE,ATTRIBUTE_CATALOG_DEFERRED,ATTRIBUTE,EXISTING_CREATE_TARGET,Dimension and target name were supplied without hierarchy; create target already exists,1,,Material Ledger Document,,Trading Partner,,,Material Ledger Document.Trading Partner,attribute::Material Ledger Document::Material Ledger Document::Trading Partner
TI,semantic::ti::dataupdate - material ledger - receipts - transfer posting::CREATES_ATTRIBUTE::attribute::material ledger document.valuation class,SEMANTIC_KEY,1,1,CREATES_ATTRIBUTE,ATTRIBUTE_CATALOG_DEFERRED,ATTRIBUTE,EXISTING_CREATE_TARGET,Dimension and target name were supplied without hierarchy; create target already exists,1,,Material Ledger Document,,Valuation Class,,,Material Ledger Document.Valuation Class,attribute::Material Ledger Document::Material Ledger Document::Valuation Class
TI,semantic::ti::dataupdate - material ledger - receipts - transfer posting::CREATES_ATTRIBUTE::attribute::material ledger document.valuation type,SEMANTIC_KEY,1,1,CREATES_ATTRIBUTE,ATTRIBUTE_CATALOG_DEFERRED,ATTRIBUTE,EXISTING_CREATE_TARGET,Dimension and target name were supplied without hierarchy; create target already exists,1,,Material Ledger Document,,Valuation Type,,,Material Ledger Document.Valuation Type,attribute::Material Ledger Document::Material Ledger Document::Valuation Type
TI,semantic::ti::dataupdate - material ledger - receipts - transfer posting::CREATES_ATTRIBUTE::attribute::material ledger document.vendor,SEMANTIC_KEY,1,1,CREATES_ATTRIBUTE,ATTRIBUTE_CATALOG_DEFERRED,ATTRIBUTE,EXISTING_CREATE_TARGET,Dimension and target name were supplied without hierarchy; create target already exists,1,,Material Ledger Document,,Vendor,,,Material Ledger Document.Vendor,attribute::Material Ledger Document::Material Ledger Document::Vendor
TI,semantic::ti::dataupdate - material ledger - revaluation - all other::CREATES_ATTRIBUTE::attribute::material ledger document.account determination,SEMANTIC_KEY,1,1,CREATES_ATTRIBUTE,ATTRIBUTE_CATALOG_DEFERRED,ATTRIBUTE,EXISTING_CREATE_TARGET,Dimension and target name were supplied without hierarchy; create target already exists,1,,Material Ledger Document,,Account Determination,,,Material Ledger Document.Account Determination,attribute::Material Ledger Document::Material Ledger Document::Account Determination
TI,semantic::ti::dataupdate - material ledger - revaluation - all other::CREATES_ATTRIBUTE::attribute::material ledger document.alternative process,SEMANTIC_KEY,1,1,CREATES_ATTRIBUTE,ATTRIBUTE_CATALOG_DEFERRED,ATTRIBUTE,EXISTING_CREATE_TARGET,Dimension and target name were supplied without hierarchy; create target already exists,1,,Material Ledger Document,,Alternative Process,,,Material Ledger Document.Alternative Process,attribute::Material Ledger Document::Material Ledger Document::Alternative Process
TI,semantic::ti::dataupdate - material ledger - revaluation - all other::CREATES_ATTRIBUTE::attribute::material ledger document.assignment number,SEMANTIC_KEY,1,1,CREATES_ATTRIBUTE,ATTRIBUTE_CATALOG_DEFERRED,ATTRIBUTE,EXISTING_CREATE_TARGET,Dimension and target name were supplied without hierarchy; create target already exists,1,,Material Ledger Document,,Assignment Number,,,Material Ledger Document.Assignment Number,attribute::Material Ledger Document::Material Ledger Document::Assignment Number
TI,semantic::ti::dataupdate - material ledger - revaluation - all other::CREATES_ATTRIBUTE::attribute::material ledger document.base uom,SEMANTIC_KEY,1,1,CREATES_ATTRIBUTE,ATTRIBUTE_CATALOG_DEFERRED,ATTRIBUTE,EXISTING_CREATE_TARGET,Dimension and target name were supplied without hierarchy; create target already exists,1,,Material Ledger Document,,Base UOM,,,Material Ledger Document.Base UOM,attribute::Material Ledger Document::Material Ledger Document::Base UOM
TI,semantic::ti::dataupdate - material ledger - revaluation - all other::CREATES_ATTRIBUTE::attribute::material ledger document.customer,SEMANTIC_KEY,1,1,CREATES_ATTRIBUTE,ATTRIBUTE_CATALOG_DEFERRED,ATTRIBUTE,EXISTING_CREATE_TARGET,Dimension and target name were supplied without hierarchy; create target already exists,1,,Material Ledger Document,,Customer,,,Material Ledger Document.Customer,attribute::Material Ledger Document::Material Ledger Document::Customer
TI,semantic::ti::dataupdate - material ledger - revaluation - all other::CREATES_ATTRIBUTE::attribute::material ledger document.goods movement type,SEMANTIC_KEY,1,1,CREATES_ATTRIBUTE,ATTRIBUTE_CATALOG_DEFERRED,ATTRIBUTE,EXISTING_CREATE_TARGET,Dimension and target name were supplied without hierarchy; create target already exists,1,,Material Ledger Document,,Goods Movement Type,,,Material Ledger Document.Goods Movement Type,attribute::Material Ledger Document::Material Ledger Document::Goods Movement Type
TI,semantic::ti::dataupdate - material ledger - revaluation - all other::CREATES_ATTRIBUTE::attribute::material ledger document.ml document no,SEMANTIC_KEY,1,1,CREATES_ATTRIBUTE,ATTRIBUTE_CATALOG_DEFERRED,ATTRIBUTE,EXISTING_CREATE_TARGET,Dimension and target name were supplied without hierarchy; create target already exists,1,,Material Ledger Document,,ML Document No,,,Material Ledger Document.ML Document No,attribute::Material Ledger Document::Material Ledger Document::ML Document No
TI,semantic::ti::dataupdate - material ledger - revaluation - all other::CREATES_ATTRIBUTE::attribute::material ledger document.object number,SEMANTIC_KEY,1,1,CREATES_ATTRIBUTE,ATTRIBUTE_CATALOG_DEFERRED,ATTRIBUTE,EXISTING_CREATE_TARGET,Dimension and target name were supplied without hierarchy; create target already exists,1,,Material Ledger Document,,Object Number,,,Material Ledger Document.Object Number,attribute::Material Ledger Document::Material Ledger Document::Object Number
TI,semantic::ti::dataupdate - material ledger - revaluation - all other::CREATES_ATTRIBUTE::attribute::material ledger document.order item number,SEMANTIC_KEY,1,1,CREATES_ATTRIBUTE,ATTRIBUTE_CATALOG_DEFERRED,ATTRIBUTE,EXISTING_CREATE_TARGET,Dimension and target name were supplied without hierarchy; create target already exists,1,,Material Ledger Document,,Order Item Number,,,Material Ledger Document.Order Item Number,attribute::Material Ledger Document::Material Ledger Document::Order Item Number
TI,semantic::ti::dataupdate - material ledger - revaluation - all other::CREATES_ATTRIBUTE::attribute::material ledger document.order number,SEMANTIC_KEY,1,1,CREATES_ATTRIBUTE,ATTRIBUTE_CATALOG_DEFERRED,ATTRIBUTE,EXISTING_CREATE_TARGET,Dimension and target name were supplied without hierarchy; create target already exists,1,,Material Ledger Document,,Order Number,,,Material Ledger Document.Order Number,attribute::Material Ledger Document::Material Ledger Document::Order Number
TI,semantic::ti::dataupdate - material ledger - revaluation - all other::CREATES_ATTRIBUTE::attribute::material ledger document.po uom,SEMANTIC_KEY,1,1,CREATES_ATTRIBUTE,ATTRIBUTE_CATALOG_DEFERRED,ATTRIBUTE,EXISTING_CREATE_TARGET,Dimension and target name were supplied without hierarchy; create target already exists,1,,Material Ledger Document,,PO UOM,,,Material Ledger Document.PO UOM,attribute::Material Ledger Document::Material Ledger Document::PO UOM
TI,semantic::ti::dataupdate - material ledger - revaluation - all other::CREATES_ATTRIBUTE::attribute::material ledger document.process,SEMANTIC_KEY,1,1,CREATES_ATTRIBUTE,ATTRIBUTE_CATALOG_DEFERRED,ATTRIBUTE,EXISTING_CREATE_TARGET,Dimension and target name were supplied without hierarchy; create target already exists,1,,Material Ledger Document,,Process,,,Material Ledger Document.Process,attribute::Material Ledger Document::Material Ledger Document::Process
TI,semantic::ti::dataupdate - material ledger - revaluation - all other::CREATES_ATTRIBUTE::attribute::material ledger document.purchasing document no,SEMANTIC_KEY,1,1,CREATES_ATTRIBUTE,ATTRIBUTE_CATALOG_DEFERRED,ATTRIBUTE,EXISTING_CREATE_TARGET,Dimension and target name were supplied without hierarchy; create target already exists,1,,Material Ledger Document,,Purchasing Document No,,,Material Ledger Document.Purchasing Document No,attribute::Material Ledger Document::Material Ledger Document::Purchasing Document No
TI,semantic::ti::dataupdate - material ledger - revaluation - all other::CREATES_ATTRIBUTE::attribute::material ledger document.ship-to party,SEMANTIC_KEY,1,1,CREATES_ATTRIBUTE,ATTRIBUTE_CATALOG_DEFERRED,ATTRIBUTE,EXISTING_CREATE_TARGET,Dimension and target name were supplied without hierarchy; create target already exists,1,,Material Ledger Document,,Ship-to Party,,,Material Ledger Document.Ship-to Party,attribute::Material Ledger Document::Material Ledger Document::Ship-to Party
TI,semantic::ti::dataupdate - material ledger - revaluation - all other::CREATES_ATTRIBUTE::attribute::material ledger document.text,SEMANTIC_KEY,1,1,CREATES_ATTRIBUTE,ATTRIBUTE_CATALOG_DEFERRED,ATTRIBUTE,EXISTING_CREATE_TARGET,Dimension and target name were supplied without hierarchy; create target already exists,1,,Material Ledger Document,,Text,,,Material Ledger Document.Text,attribute::Material Ledger Document::Material Ledger Document::Text
TI,semantic::ti::dataupdate - material ledger - revaluation - all other::CREATES_ATTRIBUTE::attribute::material ledger document.trading partner,SEMANTIC_KEY,1,1,CREATES_ATTRIBUTE,ATTRIBUTE_CATALOG_DEFERRED,ATTRIBUTE,EXISTING_CREATE_TARGET,Dimension and target name were supplied without hierarchy; create target already exists,1,,Material Ledger Document,,Trading Partner,,,Material Ledger Document.Trading Partner,attribute::Material Ledger Document::Material Ledger Document::Trading Partner
TI,semantic::ti::dataupdate - material ledger - revaluation - all other::CREATES_ATTRIBUTE::attribute::material ledger document.valuation class,SEMANTIC_KEY,1,1,CREATES_ATTRIBUTE,ATTRIBUTE_CATALOG_DEFERRED,ATTRIBUTE,EXISTING_CREATE_TARGET,Dimension and target name were supplied without hierarchy; create target already exists,1,,Material Ledger Document,,Valuation Class,,,Material Ledger Document.Valuation Class,attribute::Material Ledger Document::Material Ledger Document::Valuation Class
TI,semantic::ti::dataupdate - material ledger - revaluation - all other::CREATES_ATTRIBUTE::attribute::material ledger document.valuation type,SEMANTIC_KEY,1,1,CREATES_ATTRIBUTE,ATTRIBUTE_CATALOG_DEFERRED,ATTRIBUTE,EXISTING_CREATE_TARGET,Dimension and target name were supplied without hierarchy; create target already exists,1,,Material Ledger Document,,Valuation Type,,,Material Ledger Document.Valuation Type,attribute::Material Ledger Document::Material Ledger Document::Valuation Type
TI,semantic::ti::dataupdate - material ledger - revaluation - all other::CREATES_ATTRIBUTE::attribute::material ledger document.vendor,SEMANTIC_KEY,1,1,CREATES_ATTRIBUTE,ATTRIBUTE_CATALOG_DEFERRED,ATTRIBUTE,EXISTING_CREATE_TARGET,Dimension and target name were supplied without hierarchy; create target already exists,1,,Material Ledger Document,,Vendor,,,Material Ledger Document.Vendor,attribute::Material Ledger Document::Material Ledger Document::Vendor
TI,semantic::ti::dataupdate - material ledger - revaluation - change in material price::CREATES_ATTRIBUTE::attribute::material ledger document.account determination,SEMANTIC_KEY,1,1,CREATES_ATTRIBUTE,ATTRIBUTE_CATALOG_DEFERRED,ATTRIBUTE,EXISTING_CREATE_TARGET,Dimension and target name were supplied without hierarchy; create target already exists,1,,Material Ledger Document,,Account Determination,,,Material Ledger Document.Account Determination,attribute::Material Ledger Document::Material Ledger Document::Account Determination
TI,semantic::ti::dataupdate - material ledger - revaluation - change in material price::CREATES_ATTRIBUTE::attribute::material ledger document.alternative process,SEMANTIC_KEY,1,1,CREATES_ATTRIBUTE,ATTRIBUTE_CATALOG_DEFERRED,ATTRIBUTE,EXISTING_CREATE_TARGET,Dimension and target name were supplied without hierarchy; create target already exists,1,,Material Ledger Document,,Alternative Process,,,Material Ledger Document.Alternative Process,attribute::Material Ledger Document::Material Ledger Document::Alternative Process
TI,semantic::ti::dataupdate - material ledger - revaluation - change in material price::CREATES_ATTRIBUTE::attribute::material ledger document.assignment number,SEMANTIC_KEY,1,1,CREATES_ATTRIBUTE,ATTRIBUTE_CATALOG_DEFERRED,ATTRIBUTE,EXISTING_CREATE_TARGET,Dimension and target name were supplied without hierarchy; create target already exists,1,,Material Ledger Document,,Assignment Number,,,Material Ledger Document.Assignment Number,attribute::Material Ledger Document::Material Ledger Document::Assignment Number
TI,semantic::ti::dataupdate - material ledger - revaluation - change in material price::CREATES_ATTRIBUTE::attribute::material ledger document.base uom,SEMANTIC_KEY,1,1,CREATES_ATTRIBUTE,ATTRIBUTE_CATALOG_DEFERRED,ATTRIBUTE,EXISTING_CREATE_TARGET,Dimension and target name were supplied without hierarchy; create target already exists,1,,Material Ledger Document,,Base UOM,,,Material Ledger Document.Base UOM,attribute::Material Ledger Document::Material Ledger Document::Base UOM
TI,semantic::ti::dataupdate - material ledger - revaluation - change in material price::CREATES_ATTRIBUTE::attribute::material ledger document.customer,SEMANTIC_KEY,1,1,CREATES_ATTRIBUTE,ATTRIBUTE_CATALOG_DEFERRED,ATTRIBUTE,EXISTING_CREATE_TARGET,Dimension and target name were supplied without hierarchy; create target already exists,1,,Material Ledger Document,,Customer,,,Material Ledger Document.Customer,attribute::Material Ledger Document::Material Ledger Document::Customer
TI,semantic::ti::dataupdate - material ledger - revaluation - change in material price::CREATES_ATTRIBUTE::attribute::material ledger document.goods movement type,SEMANTIC_KEY,1,1,CREATES_ATTRIBUTE,ATTRIBUTE_CATALOG_DEFERRED,ATTRIBUTE,EXISTING_CREATE_TARGET,Dimension and target name were supplied without hierarchy; create target already exists,1,,Material Ledger Document,,Goods Movement Type,,,Material Ledger Document.Goods Movement Type,attribute::Material Ledger Document::Material Ledger Document::Goods Movement Type
TI,semantic::ti::dataupdate - material ledger - revaluation - change in material price::CREATES_ATTRIBUTE::attribute::material ledger document.ml document no,SEMANTIC_KEY,1,1,CREATES_ATTRIBUTE,ATTRIBUTE_CATALOG_DEFERRED,ATTRIBUTE,EXISTING_CREATE_TARGET,Dimension and target name were supplied without hierarchy; create target already exists,1,,Material Ledger Document,,ML Document No,,,Material Ledger Document.ML Document No,attribute::Material Ledger Document::Material Ledger Document::ML Document No
TI,semantic::ti::dataupdate - material ledger - revaluation - change in material price::CREATES_ATTRIBUTE::attribute::material ledger document.object number,SEMANTIC_KEY,1,1,CREATES_ATTRIBUTE,ATTRIBUTE_CATALOG_DEFERRED,ATTRIBUTE,EXISTING_CREATE_TARGET,Dimension and target name were supplied without hierarchy; create target already exists,1,,Material Ledger Document,,Object Number,,,Material Ledger Document.Object Number,attribute::Material Ledger Document::Material Ledger Document::Object Number
TI,semantic::ti::dataupdate - material ledger - revaluation - change in material price::CREATES_ATTRIBUTE::attribute::material ledger document.order item number,SEMANTIC_KEY,1,1,CREATES_ATTRIBUTE,ATTRIBUTE_CATALOG_DEFERRED,ATTRIBUTE,EXISTING_CREATE_TARGET,Dimension and target name were supplied without hierarchy; create target already exists,1,,Material Ledger Document,,Order Item Number,,,Material Ledger Document.Order Item Number,attribute::Material Ledger Document::Material Ledger Document::Order Item Number
TI,semantic::ti::dataupdate - material ledger - revaluation - change in material price::CREATES_ATTRIBUTE::attribute::material ledger document.order number,SEMANTIC_KEY,1,1,CREATES_ATTRIBUTE,ATTRIBUTE_CATALOG_DEFERRED,ATTRIBUTE,EXISTING_CREATE_TARGET,Dimension and target name were supplied without hierarchy; create target already exists,1,,Material Ledger Document,,Order Number,,,Material Ledger Document.Order Number,attribute::Material Ledger Document::Material Ledger Document::Order Number
TI,semantic::ti::dataupdate - material ledger - revaluation - change in material price::CREATES_ATTRIBUTE::attribute::material ledger document.po uom,SEMANTIC_KEY,1,1,CREATES_ATTRIBUTE,ATTRIBUTE_CATALOG_DEFERRED,ATTRIBUTE,EXISTING_CREATE_TARGET,Dimension and target name were supplied without hierarchy; create target already exists,1,,Material Ledger Document,,PO UOM,,,Material Ledger Document.PO UOM,attribute::Material Ledger Document::Material Ledger Document::PO UOM
TI,semantic::ti::dataupdate - material ledger - revaluation - change in material price::CREATES_ATTRIBUTE::attribute::material ledger document.process,SEMANTIC_KEY,1,1,CREATES_ATTRIBUTE,ATTRIBUTE_CATALOG_DEFERRED,ATTRIBUTE,EXISTING_CREATE_TARGET,Dimension and target name were supplied without hierarchy; create target already exists,1,,Material Ledger Document,,Process,,,Material Ledger Document.Process,attribute::Material Ledger Document::Material Ledger Document::Process
TI,semantic::ti::dataupdate - material ledger - revaluation - change in material price::CREATES_ATTRIBUTE::attribute::material ledger document.purchasing document no,SEMANTIC_KEY,1,1,CREATES_ATTRIBUTE,ATTRIBUTE_CATALOG_DEFERRED,ATTRIBUTE,EXISTING_CREATE_TARGET,Dimension and target name were supplied without hierarchy; create target already exists,1,,Material Ledger Document,,Purchasing Document No,,,Material Ledger Document.Purchasing Document No,attribute::Material Ledger Document::Material Ledger Document::Purchasing Document No
TI,semantic::ti::dataupdate - material ledger - revaluation - change in material price::CREATES_ATTRIBUTE::attribute::material ledger document.ship-to party,SEMANTIC_KEY,1,1,CREATES_ATTRIBUTE,ATTRIBUTE_CATALOG_DEFERRED,ATTRIBUTE,EXISTING_CREATE_TARGET,Dimension and target name were supplied without hierarchy; create target already exists,1,,Material Ledger Document,,Ship-to Party,,,Material Ledger Document.Ship-to Party,attribute::Material Ledger Document::Material Ledger Document::Ship-to Party
TI,semantic::ti::dataupdate - material ledger - revaluation - change in material price::CREATES_ATTRIBUTE::attribute::material ledger document.text,SEMANTIC_KEY,1,1,CREATES_ATTRIBUTE,ATTRIBUTE_CATALOG_DEFERRED,ATTRIBUTE,EXISTING_CREATE_TARGET,Dimension and target name were supplied without hierarchy; create target already exists,1,,Material Ledger Document,,Text,,,Material Ledger Document.Text,attribute::Material Ledger Document::Material Ledger Document::Text
TI,semantic::ti::dataupdate - material ledger - revaluation - change in material price::CREATES_ATTRIBUTE::attribute::material ledger document.trading partner,SEMANTIC_KEY,1,1,CREATES_ATTRIBUTE,ATTRIBUTE_CATALOG_DEFERRED,ATTRIBUTE,EXISTING_CREATE_TARGET,Dimension and target name were supplied without hierarchy; create target already exists,1,,Material Ledger Document,,Trading Partner,,,Material Ledger Document.Trading Partner,attribute::Material Ledger Document::Material Ledger Document::Trading Partner
TI,semantic::ti::dataupdate - material ledger - revaluation - change in material price::CREATES_ATTRIBUTE::attribute::material ledger document.valuation class,SEMANTIC_KEY,1,1,CREATES_ATTRIBUTE,ATTRIBUTE_CATALOG_DEFERRED,ATTRIBUTE,EXISTING_CREATE_TARGET,Dimension and target name were supplied without hierarchy; create target already exists,1,,Material Ledger Document,,Valuation Class,,,Material Ledger Document.Valuation Class,attribute::Material Ledger Document::Material Ledger Document::Valuation Class
TI,semantic::ti::dataupdate - material ledger - revaluation - change in material price::CREATES_ATTRIBUTE::attribute::material ledger document.valuation type,SEMANTIC_KEY,1,1,CREATES_ATTRIBUTE,ATTRIBUTE_CATALOG_DEFERRED,ATTRIBUTE,EXISTING_CREATE_TARGET,Dimension and target name were supplied without hierarchy; create target already exists,1,,Material Ledger Document,,Valuation Type,,,Material Ledger Document.Valuation Type,attribute::Material Ledger Document::Material Ledger Document::Valuation Type
TI,semantic::ti::dataupdate - material ledger - revaluation - change in material price::CREATES_ATTRIBUTE::attribute::material ledger document.vendor,SEMANTIC_KEY,1,1,CREATES_ATTRIBUTE,ATTRIBUTE_CATALOG_DEFERRED,ATTRIBUTE,EXISTING_CREATE_TARGET,Dimension and target name were supplied without hierarchy; create target already exists,1,,Material Ledger Document,,Vendor,,,Material Ledger Document.Vendor,attribute::Material Ledger Document::Material Ledger Document::Vendor
TI,semantic::ti::dataupdate - material ledger - revaluation - external procured receipts::CREATES_ATTRIBUTE::attribute::material ledger document.account determination,SEMANTIC_KEY,1,1,CREATES_ATTRIBUTE,ATTRIBUTE_CATALOG_DEFERRED,ATTRIBUTE,EXISTING_CREATE_TARGET,Dimension and target name were supplied without hierarchy; create target already exists,1,,Material Ledger Document,,Account Determination,,,Material Ledger Document.Account Determination,attribute::Material Ledger Document::Material Ledger Document::Account Determination
TI,semantic::ti::dataupdate - material ledger - revaluation - external procured receipts::CREATES_ATTRIBUTE::attribute::material ledger document.alternative process,SEMANTIC_KEY,1,1,CREATES_ATTRIBUTE,ATTRIBUTE_CATALOG_DEFERRED,ATTRIBUTE,EXISTING_CREATE_TARGET,Dimension and target name were supplied without hierarchy; create target already exists,1,,Material Ledger Document,,Alternative Process,,,Material Ledger Document.Alternative Process,attribute::Material Ledger Document::Material Ledger Document::Alternative Process
TI,semantic::ti::dataupdate - material ledger - revaluation - external procured receipts::CREATES_ATTRIBUTE::attribute::material ledger document.assignment number,SEMANTIC_KEY,1,1,CREATES_ATTRIBUTE,ATTRIBUTE_CATALOG_DEFERRED,ATTRIBUTE,EXISTING_CREATE_TARGET,Dimension and target name were supplied without hierarchy; create target already exists,1,,Material Ledger Document,,Assignment Number,,,Material Ledger Document.Assignment Number,attribute::Material Ledger Document::Material Ledger Document::Assignment Number
TI,semantic::ti::dataupdate - material ledger - revaluation - external procured receipts::CREATES_ATTRIBUTE::attribute::material ledger document.base uom,SEMANTIC_KEY,1,1,CREATES_ATTRIBUTE,ATTRIBUTE_CATALOG_DEFERRED,ATTRIBUTE,EXISTING_CREATE_TARGET,Dimension and target name were supplied without hierarchy; create target already exists,1,,Material Ledger Document,,Base UOM,,,Material Ledger Document.Base UOM,attribute::Material Ledger Document::Material Ledger Document::Base UOM
TI,semantic::ti::dataupdate - material ledger - revaluation - external procured receipts::CREATES_ATTRIBUTE::attribute::material ledger document.customer,SEMANTIC_KEY,1,1,CREATES_ATTRIBUTE,ATTRIBUTE_CATALOG_DEFERRED,ATTRIBUTE,EXISTING_CREATE_TARGET,Dimension and target name were supplied without hierarchy; create target already exists,1,,Material Ledger Document,,Customer,,,Material Ledger Document.Customer,attribute::Material Ledger Document::Material Ledger Document::Customer
TI,semantic::ti::dataupdate - material ledger - revaluation - external procured receipts::CREATES_ATTRIBUTE::attribute::material ledger document.goods movement type,SEMANTIC_KEY,1,1,CREATES_ATTRIBUTE,ATTRIBUTE_CATALOG_DEFERRED,ATTRIBUTE,EXISTING_CREATE_TARGET,Dimension and target name were supplied without hierarchy; create target already exists,1,,Material Ledger Document,,Goods Movement Type,,,Material Ledger Document.Goods Movement Type,attribute::Material Ledger Document::Material Ledger Document::Goods Movement Type
TI,semantic::ti::dataupdate - material ledger - revaluation - external procured receipts::CREATES_ATTRIBUTE::attribute::material ledger document.ml document no,SEMANTIC_KEY,1,1,CREATES_ATTRIBUTE,ATTRIBUTE_CATALOG_DEFERRED,ATTRIBUTE,EXISTING_CREATE_TARGET,Dimension and target name were supplied without hierarchy; create target already exists,1,,Material Ledger Document,,ML Document No,,,Material Ledger Document.ML Document No,attribute::Material Ledger Document::Material Ledger Document::ML Document No
TI,semantic::ti::dataupdate - material ledger - revaluation - external procured receipts::CREATES_ATTRIBUTE::attribute::material ledger document.object number,SEMANTIC_KEY,1,1,CREATES_ATTRIBUTE,ATTRIBUTE_CATALOG_DEFERRED,ATTRIBUTE,EXISTING_CREATE_TARGET,Dimension and target name were supplied without hierarchy; create target already exists,1,,Material Ledger Document,,Object Number,,,Material Ledger Document.Object Number,attribute::Material Ledger Document::Material Ledger Document::Object Number
TI,semantic::ti::dataupdate - material ledger - revaluation - external procured receipts::CREATES_ATTRIBUTE::attribute::material ledger document.order item number,SEMANTIC_KEY,1,1,CREATES_ATTRIBUTE,ATTRIBUTE_CATALOG_DEFERRED,ATTRIBUTE,EXISTING_CREATE_TARGET,Dimension and target name were supplied without hierarchy; create target already exists,1,,Material Ledger Document,,Order Item Number,,,Material Ledger Document.Order Item Number,attribute::Material Ledger Document::Material Ledger Document::Order Item Number
TI,semantic::ti::dataupdate - material ledger - revaluation - external procured receipts::CREATES_ATTRIBUTE::attribute::material ledger document.order number,SEMANTIC_KEY,1,1,CREATES_ATTRIBUTE,ATTRIBUTE_CATALOG_DEFERRED,ATTRIBUTE,EXISTING_CREATE_TARGET,Dimension and target name were supplied without hierarchy; create target already exists,1,,Material Ledger Document,,Order Number,,,Material Ledger Document.Order Number,attribute::Material Ledger Document::Material Ledger Document::Order Number
TI,semantic::ti::dataupdate - material ledger - revaluation - external procured receipts::CREATES_ATTRIBUTE::attribute::material ledger document.po uom,SEMANTIC_KEY,1,1,CREATES_ATTRIBUTE,ATTRIBUTE_CATALOG_DEFERRED,ATTRIBUTE,EXISTING_CREATE_TARGET,Dimension and target name were supplied without hierarchy; create target already exists,1,,Material Ledger Document,,PO UOM,,,Material Ledger Document.PO UOM,attribute::Material Ledger Document::Material Ledger Document::PO UOM
TI,semantic::ti::dataupdate - material ledger - revaluation - external procured receipts::CREATES_ATTRIBUTE::attribute::material ledger document.process,SEMANTIC_KEY,1,1,CREATES_ATTRIBUTE,ATTRIBUTE_CATALOG_DEFERRED,ATTRIBUTE,EXISTING_CREATE_TARGET,Dimension and target name were supplied without hierarchy; create target already exists,1,,Material Ledger Document,,Process,,,Material Ledger Document.Process,attribute::Material Ledger Document::Material Ledger Document::Process
TI,semantic::ti::dataupdate - material ledger - revaluation - external procured receipts::CREATES_ATTRIBUTE::attribute::material ledger document.purchasing document no,SEMANTIC_KEY,1,1,CREATES_ATTRIBUTE,ATTRIBUTE_CATALOG_DEFERRED,ATTRIBUTE,EXISTING_CREATE_TARGET,Dimension and target name were supplied without hierarchy; create target already exists,1,,Material Ledger Document,,Purchasing Document No,,,Material Ledger Document.Purchasing Document No,attribute::Material Ledger Document::Material Ledger Document::Purchasing Document No
TI,semantic::ti::dataupdate - material ledger - revaluation - external procured receipts::CREATES_ATTRIBUTE::attribute::material ledger document.ship-to party,SEMANTIC_KEY,1,1,CREATES_ATTRIBUTE,ATTRIBUTE_CATALOG_DEFERRED,ATTRIBUTE,EXISTING_CREATE_TARGET,Dimension and target name were supplied without hierarchy; create target already exists,1,,Material Ledger Document,,Ship-to Party,,,Material Ledger Document.Ship-to Party,attribute::Material Ledger Document::Material Ledger Document::Ship-to Party
TI,semantic::ti::dataupdate - material ledger - revaluation - external procured receipts::CREATES_ATTRIBUTE::attribute::material ledger document.text,SEMANTIC_KEY,1,1,CREATES_ATTRIBUTE,ATTRIBUTE_CATALOG_DEFERRED,ATTRIBUTE,EXISTING_CREATE_TARGET,Dimension and target name were supplied without hierarchy; create target already exists,1,,Material Ledger Document,,Text,,,Material Ledger Document.Text,attribute::Material Ledger Document::Material Ledger Document::Text
TI,semantic::ti::dataupdate - material ledger - revaluation - external procured receipts::CREATES_ATTRIBUTE::attribute::material ledger document.trading partner,SEMANTIC_KEY,1,1,CREATES_ATTRIBUTE,ATTRIBUTE_CATALOG_DEFERRED,ATTRIBUTE,EXISTING_CREATE_TARGET,Dimension and target name were supplied without hierarchy; create target already exists,1,,Material Ledger Document,,Trading Partner,,,Material Ledger Document.Trading Partner,attribute::Material Ledger Document::Material Ledger Document::Trading Partner
TI,semantic::ti::dataupdate - material ledger - revaluation - external procured receipts::CREATES_ATTRIBUTE::attribute::material ledger document.valuation class,SEMANTIC_KEY,1,1,CREATES_ATTRIBUTE,ATTRIBUTE_CATALOG_DEFERRED,ATTRIBUTE,EXISTING_CREATE_TARGET,Dimension and target name were supplied without hierarchy; create target already exists,1,,Material Ledger Document,,Valuation Class,,,Material Ledger Document.Valuation Class,attribute::Material Ledger Document::Material Ledger Document::Valuation Class
TI,semantic::ti::dataupdate - material ledger - revaluation - external procured receipts::CREATES_ATTRIBUTE::attribute::material ledger document.valuation type,SEMANTIC_KEY,1,1,CREATES_ATTRIBUTE,ATTRIBUTE_CATALOG_DEFERRED,ATTRIBUTE,EXISTING_CREATE_TARGET,Dimension and target name were supplied without hierarchy; create target already exists,1,,Material Ledger Document,,Valuation Type,,,Material Ledger Document.Valuation Type,attribute::Material Ledger Document::Material Ledger Document::Valuation Type
TI,semantic::ti::dataupdate - material ledger - revaluation - external procured receipts::CREATES_ATTRIBUTE::attribute::material ledger document.vendor,SEMANTIC_KEY,1,1,CREATES_ATTRIBUTE,ATTRIBUTE_CATALOG_DEFERRED,ATTRIBUTE,EXISTING_CREATE_TARGET,Dimension and target name were supplied without hierarchy; create target already exists,1,,Material Ledger Document,,Vendor,,,Material Ledger Document.Vendor,attribute::Material Ledger Document::Material Ledger Document::Vendor
TI,semantic::ti::dataupdate - material ledger - revaluation - production consumption::CREATES_ATTRIBUTE::attribute::material ledger document.account determination,SEMANTIC_KEY,1,1,CREATES_ATTRIBUTE,ATTRIBUTE_CATALOG_DEFERRED,ATTRIBUTE,EXISTING_CREATE_TARGET,Dimension and target name were supplied without hierarchy; create target already exists,1,,Material Ledger Document,,Account Determination,,,Material Ledger Document.Account Determination,attribute::Material Ledger Document::Material Ledger Document::Account Determination
TI,semantic::ti::dataupdate - material ledger - revaluation - production consumption::CREATES_ATTRIBUTE::attribute::material ledger document.alternative process,SEMANTIC_KEY,1,1,CREATES_ATTRIBUTE,ATTRIBUTE_CATALOG_DEFERRED,ATTRIBUTE,EXISTING_CREATE_TARGET,Dimension and target name were supplied without hierarchy; create target already exists,1,,Material Ledger Document,,Alternative Process,,,Material Ledger Document.Alternative Process,attribute::Material Ledger Document::Material Ledger Document::Alternative Process
TI,semantic::ti::dataupdate - material ledger - revaluation - production consumption::CREATES_ATTRIBUTE::attribute::material ledger document.assignment number,SEMANTIC_KEY,1,1,CREATES_ATTRIBUTE,ATTRIBUTE_CATALOG_DEFERRED,ATTRIBUTE,EXISTING_CREATE_TARGET,Dimension and target name were supplied without hierarchy; create target already exists,1,,Material Ledger Document,,Assignment Number,,,Material Ledger Document.Assignment Number,attribute::Material Ledger Document::Material Ledger Document::Assignment Number
TI,semantic::ti::dataupdate - material ledger - revaluation - production consumption::CREATES_ATTRIBUTE::attribute::material ledger document.base uom,SEMANTIC_KEY,1,1,CREATES_ATTRIBUTE,ATTRIBUTE_CATALOG_DEFERRED,ATTRIBUTE,EXISTING_CREATE_TARGET,Dimension and target name were supplied without hierarchy; create target already exists,1,,Material Ledger Document,,Base UOM,,,Material Ledger Document.Base UOM,attribute::Material Ledger Document::Material Ledger Document::Base UOM
TI,semantic::ti::dataupdate - material ledger - revaluation - production consumption::CREATES_ATTRIBUTE::attribute::material ledger document.customer,SEMANTIC_KEY,1,1,CREATES_ATTRIBUTE,ATTRIBUTE_CATALOG_DEFERRED,ATTRIBUTE,EXISTING_CREATE_TARGET,Dimension and target name were supplied without hierarchy; create target already exists,1,,Material Ledger Document,,Customer,,,Material Ledger Document.Customer,attribute::Material Ledger Document::Material Ledger Document::Customer
TI,semantic::ti::dataupdate - material ledger - revaluation - production consumption::CREATES_ATTRIBUTE::attribute::material ledger document.goods movement type,SEMANTIC_KEY,1,1,CREATES_ATTRIBUTE,ATTRIBUTE_CATALOG_DEFERRED,ATTRIBUTE,EXISTING_CREATE_TARGET,Dimension and target name were supplied without hierarchy; create target already exists,1,,Material Ledger Document,,Goods Movement Type,,,Material Ledger Document.Goods Movement Type,attribute::Material Ledger Document::Material Ledger Document::Goods Movement Type
TI,semantic::ti::dataupdate - material ledger - revaluation - production consumption::CREATES_ATTRIBUTE::attribute::material ledger document.ml document no,SEMANTIC_KEY,1,1,CREATES_ATTRIBUTE,ATTRIBUTE_CATALOG_DEFERRED,ATTRIBUTE,EXISTING_CREATE_TARGET,Dimension and target name were supplied without hierarchy; create target already exists,1,,Material Ledger Document,,ML Document No,,,Material Ledger Document.ML Document No,attribute::Material Ledger Document::Material Ledger Document::ML Document No
TI,semantic::ti::dataupdate - material ledger - revaluation - production consumption::CREATES_ATTRIBUTE::attribute::material ledger document.object number,SEMANTIC_KEY,1,1,CREATES_ATTRIBUTE,ATTRIBUTE_CATALOG_DEFERRED,ATTRIBUTE,EXISTING_CREATE_TARGET,Dimension and target name were supplied without hierarchy; create target already exists,1,,Material Ledger Document,,Object Number,,,Material Ledger Document.Object Number,attribute::Material Ledger Document::Material Ledger Document::Object Number
TI,semantic::ti::dataupdate - material ledger - revaluation - production consumption::CREATES_ATTRIBUTE::attribute::material ledger document.order item number,SEMANTIC_KEY,1,1,CREATES_ATTRIBUTE,ATTRIBUTE_CATALOG_DEFERRED,ATTRIBUTE,EXISTING_CREATE_TARGET,Dimension and target name were supplied without hierarchy; create target already exists,1,,Material Ledger Document,,Order Item Number,,,Material Ledger Document.Order Item Number,attribute::Material Ledger Document::Material Ledger Document::Order Item Number
TI,semantic::ti::dataupdate - material ledger - revaluation - production consumption::CREATES_ATTRIBUTE::attribute::material ledger document.order number,SEMANTIC_KEY,1,1,CREATES_ATTRIBUTE,ATTRIBUTE_CATALOG_DEFERRED,ATTRIBUTE,EXISTING_CREATE_TARGET,Dimension and target name were supplied without hierarchy; create target already exists,1,,Material Ledger Document,,Order Number,,,Material Ledger Document.Order Number,attribute::Material Ledger Document::Material Ledger Document::Order Number
TI,semantic::ti::dataupdate - material ledger - revaluation - production consumption::CREATES_ATTRIBUTE::attribute::material ledger document.po uom,SEMANTIC_KEY,1,1,CREATES_ATTRIBUTE,ATTRIBUTE_CATALOG_DEFERRED,ATTRIBUTE,EXISTING_CREATE_TARGET,Dimension and target name were supplied without hierarchy; create target already exists,1,,Material Ledger Document,,PO UOM,,,Material Ledger Document.PO UOM,attribute::Material Ledger Document::Material Ledger Document::PO UOM
TI,semantic::ti::dataupdate - material ledger - revaluation - production consumption::CREATES_ATTRIBUTE::attribute::material ledger document.process,SEMANTIC_KEY,1,1,CREATES_ATTRIBUTE,ATTRIBUTE_CATALOG_DEFERRED,ATTRIBUTE,EXISTING_CREATE_TARGET,Dimension and target name were supplied without hierarchy; create target already exists,1,,Material Ledger Document,,Process,,,Material Ledger Document.Process,attribute::Material Ledger Document::Material Ledger Document::Process
TI,semantic::ti::dataupdate - material ledger - revaluation - production consumption::CREATES_ATTRIBUTE::attribute::material ledger document.purchasing document no,SEMANTIC_KEY,1,1,CREATES_ATTRIBUTE,ATTRIBUTE_CATALOG_DEFERRED,ATTRIBUTE,EXISTING_CREATE_TARGET,Dimension and target name were supplied without hierarchy; create target already exists,1,,Material Ledger Document,,Purchasing Document No,,,Material Ledger Document.Purchasing Document No,attribute::Material Ledger Document::Material Ledger Document::Purchasing Document No
TI,semantic::ti::dataupdate - material ledger - revaluation - production consumption::CREATES_ATTRIBUTE::attribute::material ledger document.ship-to party,SEMANTIC_KEY,1,1,CREATES_ATTRIBUTE,ATTRIBUTE_CATALOG_DEFERRED,ATTRIBUTE,EXISTING_CREATE_TARGET,Dimension and target name were supplied without hierarchy; create target already exists,1,,Material Ledger Document,,Ship-to Party,,,Material Ledger Document.Ship-to Party,attribute::Material Ledger Document::Material Ledger Document::Ship-to Party
TI,semantic::ti::dataupdate - material ledger - revaluation - production consumption::CREATES_ATTRIBUTE::attribute::material ledger document.text,SEMANTIC_KEY,1,1,CREATES_ATTRIBUTE,ATTRIBUTE_CATALOG_DEFERRED,ATTRIBUTE,EXISTING_CREATE_TARGET,Dimension and target name were supplied without hierarchy; create target already exists,1,,Material Ledger Document,,Text,,,Material Ledger Document.Text,attribute::Material Ledger Document::Material Ledger Document::Text
TI,semantic::ti::dataupdate - material ledger - revaluation - production consumption::CREATES_ATTRIBUTE::attribute::material ledger document.trading partner,SEMANTIC_KEY,1,1,CREATES_ATTRIBUTE,ATTRIBUTE_CATALOG_DEFERRED,ATTRIBUTE,EXISTING_CREATE_TARGET,Dimension and target name were supplied without hierarchy; create target already exists,1,,Material Ledger Document,,Trading Partner,,,Material Ledger Document.Trading Partner,attribute::Material Ledger Document::Material Ledger Document::Trading Partner
TI,semantic::ti::dataupdate - material ledger - revaluation - production consumption::CREATES_ATTRIBUTE::attribute::material ledger document.valuation class,SEMANTIC_KEY,1,1,CREATES_ATTRIBUTE,ATTRIBUTE_CATALOG_DEFERRED,ATTRIBUTE,EXISTING_CREATE_TARGET,Dimension and target name were supplied without hierarchy; create target already exists,1,,Material Ledger Document,,Valuation Class,,,Material Ledger Document.Valuation Class,attribute::Material Ledger Document::Material Ledger Document::Valuation Class
TI,semantic::ti::dataupdate - material ledger - revaluation - production consumption::CREATES_ATTRIBUTE::attribute::material ledger document.valuation type,SEMANTIC_KEY,1,1,CREATES_ATTRIBUTE,ATTRIBUTE_CATALOG_DEFERRED,ATTRIBUTE,EXISTING_CREATE_TARGET,Dimension and target name were supplied without hierarchy; create target already exists,1,,Material Ledger Document,,Valuation Type,,,Material Ledger Document.Valuation Type,attribute::Material Ledger Document::Material Ledger Document::Valuation Type
TI,semantic::ti::dataupdate - material ledger - revaluation - production consumption::CREATES_ATTRIBUTE::attribute::material ledger document.vendor,SEMANTIC_KEY,1,1,CREATES_ATTRIBUTE,ATTRIBUTE_CATALOG_DEFERRED,ATTRIBUTE,EXISTING_CREATE_TARGET,Dimension and target name were supplied without hierarchy; create target already exists,1,,Material Ledger Document,,Vendor,,,Material Ledger Document.Vendor,attribute::Material Ledger Document::Material Ledger Document::Vendor
TI,semantic::ti::dataupdate - material ledger - revaluation - production::CREATES_ATTRIBUTE::attribute::material ledger document.account determination,SEMANTIC_KEY,1,1,CREATES_ATTRIBUTE,ATTRIBUTE_CATALOG_DEFERRED,ATTRIBUTE,EXISTING_CREATE_TARGET,Dimension and target name were supplied without hierarchy; create target already exists,1,,Material Ledger Document,,Account Determination,,,Material Ledger Document.Account Determination,attribute::Material Ledger Document::Material Ledger Document::Account Determination
TI,semantic::ti::dataupdate - material ledger - revaluation - production::CREATES_ATTRIBUTE::attribute::material ledger document.alternative process,SEMANTIC_KEY,1,1,CREATES_ATTRIBUTE,ATTRIBUTE_CATALOG_DEFERRED,ATTRIBUTE,EXISTING_CREATE_TARGET,Dimension and target name were supplied without hierarchy; create target already exists,1,,Material Ledger Document,,Alternative Process,,,Material Ledger Document.Alternative Process,attribute::Material Ledger Document::Material Ledger Document::Alternative Process
TI,semantic::ti::dataupdate - material ledger - revaluation - production::CREATES_ATTRIBUTE::attribute::material ledger document.assignment number,SEMANTIC_KEY,1,1,CREATES_ATTRIBUTE,ATTRIBUTE_CATALOG_DEFERRED,ATTRIBUTE,EXISTING_CREATE_TARGET,Dimension and target name were supplied without hierarchy; create target already exists,1,,Material Ledger Document,,Assignment Number,,,Material Ledger Document.Assignment Number,attribute::Material Ledger Document::Material Ledger Document::Assignment Number
TI,semantic::ti::dataupdate - material ledger - revaluation - production::CREATES_ATTRIBUTE::attribute::material ledger document.base uom,SEMANTIC_KEY,1,1,CREATES_ATTRIBUTE,ATTRIBUTE_CATALOG_DEFERRED,ATTRIBUTE,EXISTING_CREATE_TARGET,Dimension and target name were supplied without hierarchy; create target already exists,1,,Material Ledger Document,,Base UOM,,,Material Ledger Document.Base UOM,attribute::Material Ledger Document::Material Ledger Document::Base UOM
TI,semantic::ti::dataupdate - material ledger - revaluation - production::CREATES_ATTRIBUTE::attribute::material ledger document.customer,SEMANTIC_KEY,1,1,CREATES_ATTRIBUTE,ATTRIBUTE_CATALOG_DEFERRED,ATTRIBUTE,EXISTING_CREATE_TARGET,Dimension and target name were supplied without hierarchy; create target already exists,1,,Material Ledger Document,,Customer,,,Material Ledger Document.Customer,attribute::Material Ledger Document::Material Ledger Document::Customer
TI,semantic::ti::dataupdate - material ledger - revaluation - production::CREATES_ATTRIBUTE::attribute::material ledger document.goods movement type,SEMANTIC_KEY,1,1,CREATES_ATTRIBUTE,ATTRIBUTE_CATALOG_DEFERRED,ATTRIBUTE,EXISTING_CREATE_TARGET,Dimension and target name were supplied without hierarchy; create target already exists,1,,Material Ledger Document,,Goods Movement Type,,,Material Ledger Document.Goods Movement Type,attribute::Material Ledger Document::Material Ledger Document::Goods Movement Type
TI,semantic::ti::dataupdate - material ledger - revaluation - production::CREATES_ATTRIBUTE::attribute::material ledger document.ml document no,SEMANTIC_KEY,1,1,CREATES_ATTRIBUTE,ATTRIBUTE_CATALOG_DEFERRED,ATTRIBUTE,EXISTING_CREATE_TARGET,Dimension and target name were supplied without hierarchy; create target already exists,1,,Material Ledger Document,,ML Document No,,,Material Ledger Document.ML Document No,attribute::Material Ledger Document::Material Ledger Document::ML Document No
TI,semantic::ti::dataupdate - material ledger - revaluation - production::CREATES_ATTRIBUTE::attribute::material ledger document.object number,SEMANTIC_KEY,1,1,CREATES_ATTRIBUTE,ATTRIBUTE_CATALOG_DEFERRED,ATTRIBUTE,EXISTING_CREATE_TARGET,Dimension and target name were supplied without hierarchy; create target already exists,1,,Material Ledger Document,,Object Number,,,Material Ledger Document.Object Number,attribute::Material Ledger Document::Material Ledger Document::Object Number
TI,semantic::ti::dataupdate - material ledger - revaluation - production::CREATES_ATTRIBUTE::attribute::material ledger document.order item number,SEMANTIC_KEY,1,1,CREATES_ATTRIBUTE,ATTRIBUTE_CATALOG_DEFERRED,ATTRIBUTE,EXISTING_CREATE_TARGET,Dimension and target name were supplied without hierarchy; create target already exists,1,,Material Ledger Document,,Order Item Number,,,Material Ledger Document.Order Item Number,attribute::Material Ledger Document::Material Ledger Document::Order Item Number
TI,semantic::ti::dataupdate - material ledger - revaluation - production::CREATES_ATTRIBUTE::attribute::material ledger document.order number,SEMANTIC_KEY,1,1,CREATES_ATTRIBUTE,ATTRIBUTE_CATALOG_DEFERRED,ATTRIBUTE,EXISTING_CREATE_TARGET,Dimension and target name were supplied without hierarchy; create target already exists,1,,Material Ledger Document,,Order Number,,,Material Ledger Document.Order Number,attribute::Material Ledger Document::Material Ledger Document::Order Number
TI,semantic::ti::dataupdate - material ledger - revaluation - production::CREATES_ATTRIBUTE::attribute::material ledger document.po uom,SEMANTIC_KEY,1,1,CREATES_ATTRIBUTE,ATTRIBUTE_CATALOG_DEFERRED,ATTRIBUTE,EXISTING_CREATE_TARGET,Dimension and target name were supplied without hierarchy; create target already exists,1,,Material Ledger Document,,PO UOM,,,Material Ledger Document.PO UOM,attribute::Material Ledger Document::Material Ledger Document::PO UOM
TI,semantic::ti::dataupdate - material ledger - revaluation - production::CREATES_ATTRIBUTE::attribute::material ledger document.process,SEMANTIC_KEY,1,1,CREATES_ATTRIBUTE,ATTRIBUTE_CATALOG_DEFERRED,ATTRIBUTE,EXISTING_CREATE_TARGET,Dimension and target name were supplied without hierarchy; create target already exists,1,,Material Ledger Document,,Process,,,Material Ledger Document.Process,attribute::Material Ledger Document::Material Ledger Document::Process
TI,semantic::ti::dataupdate - material ledger - revaluation - production::CREATES_ATTRIBUTE::attribute::material ledger document.purchasing document no,SEMANTIC_KEY,1,1,CREATES_ATTRIBUTE,ATTRIBUTE_CATALOG_DEFERRED,ATTRIBUTE,EXISTING_CREATE_TARGET,Dimension and target name were supplied without hierarchy; create target already exists,1,,Material Ledger Document,,Purchasing Document No,,,Material Ledger Document.Purchasing Document No,attribute::Material Ledger Document::Material Ledger Document::Purchasing Document No
TI,semantic::ti::dataupdate - material ledger - revaluation - production::CREATES_ATTRIBUTE::attribute::material ledger document.ship-to party,SEMANTIC_KEY,1,1,CREATES_ATTRIBUTE,ATTRIBUTE_CATALOG_DEFERRED,ATTRIBUTE,EXISTING_CREATE_TARGET,Dimension and target name were supplied without hierarchy; create target already exists,1,,Material Ledger Document,,Ship-to Party,,,Material Ledger Document.Ship-to Party,attribute::Material Ledger Document::Material Ledger Document::Ship-to Party
TI,semantic::ti::dataupdate - material ledger - revaluation - production::CREATES_ATTRIBUTE::attribute::material ledger document.text,SEMANTIC_KEY,1,1,CREATES_ATTRIBUTE,ATTRIBUTE_CATALOG_DEFERRED,ATTRIBUTE,EXISTING_CREATE_TARGET,Dimension and target name were supplied without hierarchy; create target already exists,1,,Material Ledger Document,,Text,,,Material Ledger Document.Text,attribute::Material Ledger Document::Material Ledger Document::Text
TI,semantic::ti::dataupdate - material ledger - revaluation - production::CREATES_ATTRIBUTE::attribute::material ledger document.trading partner,SEMANTIC_KEY,1,1,CREATES_ATTRIBUTE,ATTRIBUTE_CATALOG_DEFERRED,ATTRIBUTE,EXISTING_CREATE_TARGET,Dimension and target name were supplied without hierarchy; create target already exists,1,,Material Ledger Document,,Trading Partner,,,Material Ledger Document.Trading Partner,attribute::Material Ledger Document::Material Ledger Document::Trading Partner
TI,semantic::ti::dataupdate - material ledger - revaluation - production::CREATES_ATTRIBUTE::attribute::material ledger document.valuation class,SEMANTIC_KEY,1,1,CREATES_ATTRIBUTE,ATTRIBUTE_CATALOG_DEFERRED,ATTRIBUTE,EXISTING_CREATE_TARGET,Dimension and target name were supplied without hierarchy; create target already exists,1,,Material Ledger Document,,Valuation Class,,,Material Ledger Document.Valuation Class,attribute::Material Ledger Document::Material Ledger Document::Valuation Class
TI,semantic::ti::dataupdate - material ledger - revaluation - production::CREATES_ATTRIBUTE::attribute::material ledger document.valuation type,SEMANTIC_KEY,1,1,CREATES_ATTRIBUTE,ATTRIBUTE_CATALOG_DEFERRED,ATTRIBUTE,EXISTING_CREATE_TARGET,Dimension and target name were supplied without hierarchy; create target already exists,1,,Material Ledger Document,,Valuation Type,,,Material Ledger Document.Valuation Type,attribute::Material Ledger Document::Material Ledger Document::Valuation Type
TI,semantic::ti::dataupdate - material ledger - revaluation - production::CREATES_ATTRIBUTE::attribute::material ledger document.vendor,SEMANTIC_KEY,1,1,CREATES_ATTRIBUTE,ATTRIBUTE_CATALOG_DEFERRED,ATTRIBUTE,EXISTING_CREATE_TARGET,Dimension and target name were supplied without hierarchy; create target already exists,1,,Material Ledger Document,,Vendor,,,Material Ledger Document.Vendor,attribute::Material Ledger Document::Material Ledger Document::Vendor
TI,semantic::ti::dataupdate - material ledger - revaluation - sales::CREATES_ATTRIBUTE::attribute::material ledger document.account determination,SEMANTIC_KEY,1,1,CREATES_ATTRIBUTE,ATTRIBUTE_CATALOG_DEFERRED,ATTRIBUTE,EXISTING_CREATE_TARGET,Dimension and target name were supplied without hierarchy; create target already exists,1,,Material Ledger Document,,Account Determination,,,Material Ledger Document.Account Determination,attribute::Material Ledger Document::Material Ledger Document::Account Determination
TI,semantic::ti::dataupdate - material ledger - revaluation - sales::CREATES_ATTRIBUTE::attribute::material ledger document.alternative process,SEMANTIC_KEY,1,1,CREATES_ATTRIBUTE,ATTRIBUTE_CATALOG_DEFERRED,ATTRIBUTE,EXISTING_CREATE_TARGET,Dimension and target name were supplied without hierarchy; create target already exists,1,,Material Ledger Document,,Alternative Process,,,Material Ledger Document.Alternative Process,attribute::Material Ledger Document::Material Ledger Document::Alternative Process
TI,semantic::ti::dataupdate - material ledger - revaluation - sales::CREATES_ATTRIBUTE::attribute::material ledger document.assignment number,SEMANTIC_KEY,1,1,CREATES_ATTRIBUTE,ATTRIBUTE_CATALOG_DEFERRED,ATTRIBUTE,EXISTING_CREATE_TARGET,Dimension and target name were supplied without hierarchy; create target already exists,1,,Material Ledger Document,,Assignment Number,,,Material Ledger Document.Assignment Number,attribute::Material Ledger Document::Material Ledger Document::Assignment Number
TI,semantic::ti::dataupdate - material ledger - revaluation - sales::CREATES_ATTRIBUTE::attribute::material ledger document.base uom,SEMANTIC_KEY,1,1,CREATES_ATTRIBUTE,ATTRIBUTE_CATALOG_DEFERRED,ATTRIBUTE,EXISTING_CREATE_TARGET,Dimension and target name were supplied without hierarchy; create target already exists,1,,Material Ledger Document,,Base UOM,,,Material Ledger Document.Base UOM,attribute::Material Ledger Document::Material Ledger Document::Base UOM
TI,semantic::ti::dataupdate - material ledger - revaluation - sales::CREATES_ATTRIBUTE::attribute::material ledger document.customer,SEMANTIC_KEY,1,1,CREATES_ATTRIBUTE,ATTRIBUTE_CATALOG_DEFERRED,ATTRIBUTE,EXISTING_CREATE_TARGET,Dimension and target name were supplied without hierarchy; create target already exists,1,,Material Ledger Document,,Customer,,,Material Ledger Document.Customer,attribute::Material Ledger Document::Material Ledger Document::Customer
TI,semantic::ti::dataupdate - material ledger - revaluation - sales::CREATES_ATTRIBUTE::attribute::material ledger document.goods movement type,SEMANTIC_KEY,1,1,CREATES_ATTRIBUTE,ATTRIBUTE_CATALOG_DEFERRED,ATTRIBUTE,EXISTING_CREATE_TARGET,Dimension and target name were supplied without hierarchy; create target already exists,1,,Material Ledger Document,,Goods Movement Type,,,Material Ledger Document.Goods Movement Type,attribute::Material Ledger Document::Material Ledger Document::Goods Movement Type
TI,semantic::ti::dataupdate - material ledger - revaluation - sales::CREATES_ATTRIBUTE::attribute::material ledger document.ml document no,SEMANTIC_KEY,1,1,CREATES_ATTRIBUTE,ATTRIBUTE_CATALOG_DEFERRED,ATTRIBUTE,EXISTING_CREATE_TARGET,Dimension and target name were supplied without hierarchy; create target already exists,1,,Material Ledger Document,,ML Document No,,,Material Ledger Document.ML Document No,attribute::Material Ledger Document::Material Ledger Document::ML Document No
TI,semantic::ti::dataupdate - material ledger - revaluation - sales::CREATES_ATTRIBUTE::attribute::material ledger document.object number,SEMANTIC_KEY,1,1,CREATES_ATTRIBUTE,ATTRIBUTE_CATALOG_DEFERRED,ATTRIBUTE,EXISTING_CREATE_TARGET,Dimension and target name were supplied without hierarchy; create target already exists,1,,Material Ledger Document,,Object Number,,,Material Ledger Document.Object Number,attribute::Material Ledger Document::Material Ledger Document::Object Number
TI,semantic::ti::dataupdate - material ledger - revaluation - sales::CREATES_ATTRIBUTE::attribute::material ledger document.order item number,SEMANTIC_KEY,1,1,CREATES_ATTRIBUTE,ATTRIBUTE_CATALOG_DEFERRED,ATTRIBUTE,EXISTING_CREATE_TARGET,Dimension and target name were supplied without hierarchy; create target already exists,1,,Material Ledger Document,,Order Item Number,,,Material Ledger Document.Order Item Number,attribute::Material Ledger Document::Material Ledger Document::Order Item Number
TI,semantic::ti::dataupdate - material ledger - revaluation - sales::CREATES_ATTRIBUTE::attribute::material ledger document.order number,SEMANTIC_KEY,1,1,CREATES_ATTRIBUTE,ATTRIBUTE_CATALOG_DEFERRED,ATTRIBUTE,EXISTING_CREATE_TARGET,Dimension and target name were supplied without hierarchy; create target already exists,1,,Material Ledger Document,,Order Number,,,Material Ledger Document.Order Number,attribute::Material Ledger Document::Material Ledger Document::Order Number
TI,semantic::ti::dataupdate - material ledger - revaluation - sales::CREATES_ATTRIBUTE::attribute::material ledger document.po uom,SEMANTIC_KEY,1,1,CREATES_ATTRIBUTE,ATTRIBUTE_CATALOG_DEFERRED,ATTRIBUTE,EXISTING_CREATE_TARGET,Dimension and target name were supplied without hierarchy; create target already exists,1,,Material Ledger Document,,PO UOM,,,Material Ledger Document.PO UOM,attribute::Material Ledger Document::Material Ledger Document::PO UOM
TI,semantic::ti::dataupdate - material ledger - revaluation - sales::CREATES_ATTRIBUTE::attribute::material ledger document.process,SEMANTIC_KEY,1,1,CREATES_ATTRIBUTE,ATTRIBUTE_CATALOG_DEFERRED,ATTRIBUTE,EXISTING_CREATE_TARGET,Dimension and target name were supplied without hierarchy; create target already exists,1,,Material Ledger Document,,Process,,,Material Ledger Document.Process,attribute::Material Ledger Document::Material Ledger Document::Process
TI,semantic::ti::dataupdate - material ledger - revaluation - sales::CREATES_ATTRIBUTE::attribute::material ledger document.purchasing document no,SEMANTIC_KEY,1,1,CREATES_ATTRIBUTE,ATTRIBUTE_CATALOG_DEFERRED,ATTRIBUTE,EXISTING_CREATE_TARGET,Dimension and target name were supplied without hierarchy; create target already exists,1,,Material Ledger Document,,Purchasing Document No,,,Material Ledger Document.Purchasing Document No,attribute::Material Ledger Document::Material Ledger Document::Purchasing Document No
TI,semantic::ti::dataupdate - material ledger - revaluation - sales::CREATES_ATTRIBUTE::attribute::material ledger document.ship-to party,SEMANTIC_KEY,1,1,CREATES_ATTRIBUTE,ATTRIBUTE_CATALOG_DEFERRED,ATTRIBUTE,EXISTING_CREATE_TARGET,Dimension and target name were supplied without hierarchy; create target already exists,1,,Material Ledger Document,,Ship-to Party,,,Material Ledger Document.Ship-to Party,attribute::Material Ledger Document::Material Ledger Document::Ship-to Party
TI,semantic::ti::dataupdate - material ledger - revaluation - sales::CREATES_ATTRIBUTE::attribute::material ledger document.text,SEMANTIC_KEY,1,1,CREATES_ATTRIBUTE,ATTRIBUTE_CATALOG_DEFERRED,ATTRIBUTE,EXISTING_CREATE_TARGET,Dimension and target name were supplied without hierarchy; create target already exists,1,,Material Ledger Document,,Text,,,Material Ledger Document.Text,attribute::Material Ledger Document::Material Ledger Document::Text
TI,semantic::ti::dataupdate - material ledger - revaluation - sales::CREATES_ATTRIBUTE::attribute::material ledger document.trading partner,SEMANTIC_KEY,1,1,CREATES_ATTRIBUTE,ATTRIBUTE_CATALOG_DEFERRED,ATTRIBUTE,EXISTING_CREATE_TARGET,Dimension and target name were supplied without hierarchy; create target already exists,1,,Material Ledger Document,,Trading Partner,,,Material Ledger Document.Trading Partner,attribute::Material Ledger Document::Material Ledger Document::Trading Partner
TI,semantic::ti::dataupdate - material ledger - revaluation - sales::CREATES_ATTRIBUTE::attribute::material ledger document.valuation class,SEMANTIC_KEY,1,1,CREATES_ATTRIBUTE,ATTRIBUTE_CATALOG_DEFERRED,ATTRIBUTE,EXISTING_CREATE_TARGET,Dimension and target name were supplied without hierarchy; create target already exists,1,,Material Ledger Document,,Valuation Class,,,Material Ledger Document.Valuation Class,attribute::Material Ledger Document::Material Ledger Document::Valuation Class
TI,semantic::ti::dataupdate - material ledger - revaluation - sales::CREATES_ATTRIBUTE::attribute::material ledger document.valuation type,SEMANTIC_KEY,1,1,CREATES_ATTRIBUTE,ATTRIBUTE_CATALOG_DEFERRED,ATTRIBUTE,EXISTING_CREATE_TARGET,Dimension and target name were supplied without hierarchy; create target already exists,1,,Material Ledger Document,,Valuation Type,,,Material Ledger Document.Valuation Type,attribute::Material Ledger Document::Material Ledger Document::Valuation Type
TI,semantic::ti::dataupdate - material ledger - revaluation - sales::CREATES_ATTRIBUTE::attribute::material ledger document.vendor,SEMANTIC_KEY,1,1,CREATES_ATTRIBUTE,ATTRIBUTE_CATALOG_DEFERRED,ATTRIBUTE,EXISTING_CREATE_TARGET,Dimension and target name were supplied without hierarchy; create target already exists,1,,Material Ledger Document,,Vendor,,,Material Ledger Document.Vendor,attribute::Material Ledger Document::Material Ledger Document::Vendor
TI,semantic::ti::dataupdate - material ledger - revaluation - transfer posting::CREATES_ATTRIBUTE::attribute::material ledger document.account determination,SEMANTIC_KEY,1,1,CREATES_ATTRIBUTE,ATTRIBUTE_CATALOG_DEFERRED,ATTRIBUTE,EXISTING_CREATE_TARGET,Dimension and target name were supplied without hierarchy; create target already exists,1,,Material Ledger Document,,Account Determination,,,Material Ledger Document.Account Determination,attribute::Material Ledger Document::Material Ledger Document::Account Determination
TI,semantic::ti::dataupdate - material ledger - revaluation - transfer posting::CREATES_ATTRIBUTE::attribute::material ledger document.alternative process,SEMANTIC_KEY,1,1,CREATES_ATTRIBUTE,ATTRIBUTE_CATALOG_DEFERRED,ATTRIBUTE,EXISTING_CREATE_TARGET,Dimension and target name were supplied without hierarchy; create target already exists,1,,Material Ledger Document,,Alternative Process,,,Material Ledger Document.Alternative Process,attribute::Material Ledger Document::Material Ledger Document::Alternative Process
TI,semantic::ti::dataupdate - material ledger - revaluation - transfer posting::CREATES_ATTRIBUTE::attribute::material ledger document.assignment number,SEMANTIC_KEY,1,1,CREATES_ATTRIBUTE,ATTRIBUTE_CATALOG_DEFERRED,ATTRIBUTE,EXISTING_CREATE_TARGET,Dimension and target name were supplied without hierarchy; create target already exists,1,,Material Ledger Document,,Assignment Number,,,Material Ledger Document.Assignment Number,attribute::Material Ledger Document::Material Ledger Document::Assignment Number
TI,semantic::ti::dataupdate - material ledger - revaluation - transfer posting::CREATES_ATTRIBUTE::attribute::material ledger document.base uom,SEMANTIC_KEY,1,1,CREATES_ATTRIBUTE,ATTRIBUTE_CATALOG_DEFERRED,ATTRIBUTE,EXISTING_CREATE_TARGET,Dimension and target name were supplied without hierarchy; create target already exists,1,,Material Ledger Document,,Base UOM,,,Material Ledger Document.Base UOM,attribute::Material Ledger Document::Material Ledger Document::Base UOM
TI,semantic::ti::dataupdate - material ledger - revaluation - transfer posting::CREATES_ATTRIBUTE::attribute::material ledger document.customer,SEMANTIC_KEY,1,1,CREATES_ATTRIBUTE,ATTRIBUTE_CATALOG_DEFERRED,ATTRIBUTE,EXISTING_CREATE_TARGET,Dimension and target name were supplied without hierarchy; create target already exists,1,,Material Ledger Document,,Customer,,,Material Ledger Document.Customer,attribute::Material Ledger Document::Material Ledger Document::Customer
TI,semantic::ti::dataupdate - material ledger - revaluation - transfer posting::CREATES_ATTRIBUTE::attribute::material ledger document.goods movement type,SEMANTIC_KEY,1,1,CREATES_ATTRIBUTE,ATTRIBUTE_CATALOG_DEFERRED,ATTRIBUTE,EXISTING_CREATE_TARGET,Dimension and target name were supplied without hierarchy; create target already exists,1,,Material Ledger Document,,Goods Movement Type,,,Material Ledger Document.Goods Movement Type,attribute::Material Ledger Document::Material Ledger Document::Goods Movement Type
TI,semantic::ti::dataupdate - material ledger - revaluation - transfer posting::CREATES_ATTRIBUTE::attribute::material ledger document.ml document no,SEMANTIC_KEY,1,1,CREATES_ATTRIBUTE,ATTRIBUTE_CATALOG_DEFERRED,ATTRIBUTE,EXISTING_CREATE_TARGET,Dimension and target name were supplied without hierarchy; create target already exists,1,,Material Ledger Document,,ML Document No,,,Material Ledger Document.ML Document No,attribute::Material Ledger Document::Material Ledger Document::ML Document No
TI,semantic::ti::dataupdate - material ledger - revaluation - transfer posting::CREATES_ATTRIBUTE::attribute::material ledger document.object number,SEMANTIC_KEY,1,1,CREATES_ATTRIBUTE,ATTRIBUTE_CATALOG_DEFERRED,ATTRIBUTE,EXISTING_CREATE_TARGET,Dimension and target name were supplied without hierarchy; create target already exists,1,,Material Ledger Document,,Object Number,,,Material Ledger Document.Object Number,attribute::Material Ledger Document::Material Ledger Document::Object Number
TI,semantic::ti::dataupdate - material ledger - revaluation - transfer posting::CREATES_ATTRIBUTE::attribute::material ledger document.order item number,SEMANTIC_KEY,1,1,CREATES_ATTRIBUTE,ATTRIBUTE_CATALOG_DEFERRED,ATTRIBUTE,EXISTING_CREATE_TARGET,Dimension and target name were supplied without hierarchy; create target already exists,1,,Material Ledger Document,,Order Item Number,,,Material Ledger Document.Order Item Number,attribute::Material Ledger Document::Material Ledger Document::Order Item Number
TI,semantic::ti::dataupdate - material ledger - revaluation - transfer posting::CREATES_ATTRIBUTE::attribute::material ledger document.order number,SEMANTIC_KEY,1,1,CREATES_ATTRIBUTE,ATTRIBUTE_CATALOG_DEFERRED,ATTRIBUTE,EXISTING_CREATE_TARGET,Dimension and target name were supplied without hierarchy; create target already exists,1,,Material Ledger Document,,Order Number,,,Material Ledger Document.Order Number,attribute::Material Ledger Document::Material Ledger Document::Order Number
TI,semantic::ti::dataupdate - material ledger - revaluation - transfer posting::CREATES_ATTRIBUTE::attribute::material ledger document.po uom,SEMANTIC_KEY,1,1,CREATES_ATTRIBUTE,ATTRIBUTE_CATALOG_DEFERRED,ATTRIBUTE,EXISTING_CREATE_TARGET,Dimension and target name were supplied without hierarchy; create target already exists,1,,Material Ledger Document,,PO UOM,,,Material Ledger Document.PO UOM,attribute::Material Ledger Document::Material Ledger Document::PO UOM
TI,semantic::ti::dataupdate - material ledger - revaluation - transfer posting::CREATES_ATTRIBUTE::attribute::material ledger document.process,SEMANTIC_KEY,1,1,CREATES_ATTRIBUTE,ATTRIBUTE_CATALOG_DEFERRED,ATTRIBUTE,EXISTING_CREATE_TARGET,Dimension and target name were supplied without hierarchy; create target already exists,1,,Material Ledger Document,,Process,,,Material Ledger Document.Process,attribute::Material Ledger Document::Material Ledger Document::Process
TI,semantic::ti::dataupdate - material ledger - revaluation - transfer posting::CREATES_ATTRIBUTE::attribute::material ledger document.purchasing document no,SEMANTIC_KEY,1,1,CREATES_ATTRIBUTE,ATTRIBUTE_CATALOG_DEFERRED,ATTRIBUTE,EXISTING_CREATE_TARGET,Dimension and target name were supplied without hierarchy; create target already exists,1,,Material Ledger Document,,Purchasing Document No,,,Material Ledger Document.Purchasing Document No,attribute::Material Ledger Document::Material Ledger Document::Purchasing Document No
TI,semantic::ti::dataupdate - material ledger - revaluation - transfer posting::CREATES_ATTRIBUTE::attribute::material ledger document.ship-to party,SEMANTIC_KEY,1,1,CREATES_ATTRIBUTE,ATTRIBUTE_CATALOG_DEFERRED,ATTRIBUTE,EXISTING_CREATE_TARGET,Dimension and target name were supplied without hierarchy; create target already exists,1,,Material Ledger Document,,Ship-to Party,,,Material Ledger Document.Ship-to Party,attribute::Material Ledger Document::Material Ledger Document::Ship-to Party
TI,semantic::ti::dataupdate - material ledger - revaluation - transfer posting::CREATES_ATTRIBUTE::attribute::material ledger document.text,SEMANTIC_KEY,1,1,CREATES_ATTRIBUTE,ATTRIBUTE_CATALOG_DEFERRED,ATTRIBUTE,EXISTING_CREATE_TARGET,Dimension and target name were supplied without hierarchy; create target already exists,1,,Material Ledger Document,,Text,,,Material Ledger Document.Text,attribute::Material Ledger Document::Material Ledger Document::Text
TI,semantic::ti::dataupdate - material ledger - revaluation - transfer posting::CREATES_ATTRIBUTE::attribute::material ledger document.trading partner,SEMANTIC_KEY,1,1,CREATES_ATTRIBUTE,ATTRIBUTE_CATALOG_DEFERRED,ATTRIBUTE,EXISTING_CREATE_TARGET,Dimension and target name were supplied without hierarchy; create target already exists,1,,Material Ledger Document,,Trading Partner,,,Material Ledger Document.Trading Partner,attribute::Material Ledger Document::Material Ledger Document::Trading Partner
TI,semantic::ti::dataupdate - material ledger - revaluation - transfer posting::CREATES_ATTRIBUTE::attribute::material ledger document.valuation class,SEMANTIC_KEY,1,1,CREATES_ATTRIBUTE,ATTRIBUTE_CATALOG_DEFERRED,ATTRIBUTE,EXISTING_CREATE_TARGET,Dimension and target name were supplied without hierarchy; create target already exists,1,,Material Ledger Document,,Valuation Class,,,Material Ledger Document.Valuation Class,attribute::Material Ledger Document::Material Ledger Document::Valuation Class
TI,semantic::ti::dataupdate - material ledger - revaluation - transfer posting::CREATES_ATTRIBUTE::attribute::material ledger document.valuation type,SEMANTIC_KEY,1,1,CREATES_ATTRIBUTE,ATTRIBUTE_CATALOG_DEFERRED,ATTRIBUTE,EXISTING_CREATE_TARGET,Dimension and target name were supplied without hierarchy; create target already exists,1,,Material Ledger Document,,Valuation Type,,,Material Ledger Document.Valuation Type,attribute::Material Ledger Document::Material Ledger Document::Valuation Type
TI,semantic::ti::dataupdate - material ledger - revaluation - transfer posting::CREATES_ATTRIBUTE::attribute::material ledger document.vendor,SEMANTIC_KEY,1,1,CREATES_ATTRIBUTE,ATTRIBUTE_CATALOG_DEFERRED,ATTRIBUTE,EXISTING_CREATE_TARGET,Dimension and target name were supplied without hierarchy; create target already exists,1,,Material Ledger Document,,Vendor,,,Material Ledger Document.Vendor,attribute::Material Ledger Document::Material Ledger Document::Vendor
TI,semantic::ti::dataupdate - material ledger - revaluation - transfers out::CREATES_ATTRIBUTE::attribute::material ledger document.account determination,SEMANTIC_KEY,1,1,CREATES_ATTRIBUTE,ATTRIBUTE_CATALOG_DEFERRED,ATTRIBUTE,EXISTING_CREATE_TARGET,Dimension and target name were supplied without hierarchy; create target already exists,1,,Material Ledger Document,,Account Determination,,,Material Ledger Document.Account Determination,attribute::Material Ledger Document::Material Ledger Document::Account Determination
TI,semantic::ti::dataupdate - material ledger - revaluation - transfers out::CREATES_ATTRIBUTE::attribute::material ledger document.alternative process,SEMANTIC_KEY,1,1,CREATES_ATTRIBUTE,ATTRIBUTE_CATALOG_DEFERRED,ATTRIBUTE,EXISTING_CREATE_TARGET,Dimension and target name were supplied without hierarchy; create target already exists,1,,Material Ledger Document,,Alternative Process,,,Material Ledger Document.Alternative Process,attribute::Material Ledger Document::Material Ledger Document::Alternative Process
TI,semantic::ti::dataupdate - material ledger - revaluation - transfers out::CREATES_ATTRIBUTE::attribute::material ledger document.assignment number,SEMANTIC_KEY,1,1,CREATES_ATTRIBUTE,ATTRIBUTE_CATALOG_DEFERRED,ATTRIBUTE,EXISTING_CREATE_TARGET,Dimension and target name were supplied without hierarchy; create target already exists,1,,Material Ledger Document,,Assignment Number,,,Material Ledger Document.Assignment Number,attribute::Material Ledger Document::Material Ledger Document::Assignment Number
TI,semantic::ti::dataupdate - material ledger - revaluation - transfers out::CREATES_ATTRIBUTE::attribute::material ledger document.base uom,SEMANTIC_KEY,1,1,CREATES_ATTRIBUTE,ATTRIBUTE_CATALOG_DEFERRED,ATTRIBUTE,EXISTING_CREATE_TARGET,Dimension and target name were supplied without hierarchy; create target already exists,1,,Material Ledger Document,,Base UOM,,,Material Ledger Document.Base UOM,attribute::Material Ledger Document::Material Ledger Document::Base UOM
TI,semantic::ti::dataupdate - material ledger - revaluation - transfers out::CREATES_ATTRIBUTE::attribute::material ledger document.customer,SEMANTIC_KEY,1,1,CREATES_ATTRIBUTE,ATTRIBUTE_CATALOG_DEFERRED,ATTRIBUTE,EXISTING_CREATE_TARGET,Dimension and target name were supplied without hierarchy; create target already exists,1,,Material Ledger Document,,Customer,,,Material Ledger Document.Customer,attribute::Material Ledger Document::Material Ledger Document::Customer
TI,semantic::ti::dataupdate - material ledger - revaluation - transfers out::CREATES_ATTRIBUTE::attribute::material ledger document.goods movement type,SEMANTIC_KEY,1,1,CREATES_ATTRIBUTE,ATTRIBUTE_CATALOG_DEFERRED,ATTRIBUTE,EXISTING_CREATE_TARGET,Dimension and target name were supplied without hierarchy; create target already exists,1,,Material Ledger Document,,Goods Movement Type,,,Material Ledger Document.Goods Movement Type,attribute::Material Ledger Document::Material Ledger Document::Goods Movement Type
TI,semantic::ti::dataupdate - material ledger - revaluation - transfers out::CREATES_ATTRIBUTE::attribute::material ledger document.ml document no,SEMANTIC_KEY,1,1,CREATES_ATTRIBUTE,ATTRIBUTE_CATALOG_DEFERRED,ATTRIBUTE,EXISTING_CREATE_TARGET,Dimension and target name were supplied without hierarchy; create target already exists,1,,Material Ledger Document,,ML Document No,,,Material Ledger Document.ML Document No,attribute::Material Ledger Document::Material Ledger Document::ML Document No
TI,semantic::ti::dataupdate - material ledger - revaluation - transfers out::CREATES_ATTRIBUTE::attribute::material ledger document.object number,SEMANTIC_KEY,1,1,CREATES_ATTRIBUTE,ATTRIBUTE_CATALOG_DEFERRED,ATTRIBUTE,EXISTING_CREATE_TARGET,Dimension and target name were supplied without hierarchy; create target already exists,1,,Material Ledger Document,,Object Number,,,Material Ledger Document.Object Number,attribute::Material Ledger Document::Material Ledger Document::Object Number
TI,semantic::ti::dataupdate - material ledger - revaluation - transfers out::CREATES_ATTRIBUTE::attribute::material ledger document.order item number,SEMANTIC_KEY,1,1,CREATES_ATTRIBUTE,ATTRIBUTE_CATALOG_DEFERRED,ATTRIBUTE,EXISTING_CREATE_TARGET,Dimension and target name were supplied without hierarchy; create target already exists,1,,Material Ledger Document,,Order Item Number,,,Material Ledger Document.Order Item Number,attribute::Material Ledger Document::Material Ledger Document::Order Item Number
TI,semantic::ti::dataupdate - material ledger - revaluation - transfers out::CREATES_ATTRIBUTE::attribute::material ledger document.order number,SEMANTIC_KEY,1,1,CREATES_ATTRIBUTE,ATTRIBUTE_CATALOG_DEFERRED,ATTRIBUTE,EXISTING_CREATE_TARGET,Dimension and target name were supplied without hierarchy; create target already exists,1,,Material Ledger Document,,Order Number,,,Material Ledger Document.Order Number,attribute::Material Ledger Document::Material Ledger Document::Order Number
TI,semantic::ti::dataupdate - material ledger - revaluation - transfers out::CREATES_ATTRIBUTE::attribute::material ledger document.po uom,SEMANTIC_KEY,1,1,CREATES_ATTRIBUTE,ATTRIBUTE_CATALOG_DEFERRED,ATTRIBUTE,EXISTING_CREATE_TARGET,Dimension and target name were supplied without hierarchy; create target already exists,1,,Material Ledger Document,,PO UOM,,,Material Ledger Document.PO UOM,attribute::Material Ledger Document::Material Ledger Document::PO UOM
TI,semantic::ti::dataupdate - material ledger - revaluation - transfers out::CREATES_ATTRIBUTE::attribute::material ledger document.process,SEMANTIC_KEY,1,1,CREATES_ATTRIBUTE,ATTRIBUTE_CATALOG_DEFERRED,ATTRIBUTE,EXISTING_CREATE_TARGET,Dimension and target name were supplied without hierarchy; create target already exists,1,,Material Ledger Document,,Process,,,Material Ledger Document.Process,attribute::Material Ledger Document::Material Ledger Document::Process
TI,semantic::ti::dataupdate - material ledger - revaluation - transfers out::CREATES_ATTRIBUTE::attribute::material ledger document.purchasing document no,SEMANTIC_KEY,1,1,CREATES_ATTRIBUTE,ATTRIBUTE_CATALOG_DEFERRED,ATTRIBUTE,EXISTING_CREATE_TARGET,Dimension and target name were supplied without hierarchy; create target already exists,1,,Material Ledger Document,,Purchasing Document No,,,Material Ledger Document.Purchasing Document No,attribute::Material Ledger Document::Material Ledger Document::Purchasing Document No
TI,semantic::ti::dataupdate - material ledger - revaluation - transfers out::CREATES_ATTRIBUTE::attribute::material ledger document.ship-to party,SEMANTIC_KEY,1,1,CREATES_ATTRIBUTE,ATTRIBUTE_CATALOG_DEFERRED,ATTRIBUTE,EXISTING_CREATE_TARGET,Dimension and target name were supplied without hierarchy; create target already exists,1,,Material Ledger Document,,Ship-to Party,,,Material Ledger Document.Ship-to Party,attribute::Material Ledger Document::Material Ledger Document::Ship-to Party
TI,semantic::ti::dataupdate - material ledger - revaluation - transfers out::CREATES_ATTRIBUTE::attribute::material ledger document.text,SEMANTIC_KEY,1,1,CREATES_ATTRIBUTE,ATTRIBUTE_CATALOG_DEFERRED,ATTRIBUTE,EXISTING_CREATE_TARGET,Dimension and target name were supplied without hierarchy; create target already exists,1,,Material Ledger Document,,Text,,,Material Ledger Document.Text,attribute::Material Ledger Document::Material Ledger Document::Text
TI,semantic::ti::dataupdate - material ledger - revaluation - transfers out::CREATES_ATTRIBUTE::attribute::material ledger document.trading partner,SEMANTIC_KEY,1,1,CREATES_ATTRIBUTE,ATTRIBUTE_CATALOG_DEFERRED,ATTRIBUTE,EXISTING_CREATE_TARGET,Dimension and target name were supplied without hierarchy; create target already exists,1,,Material Ledger Document,,Trading Partner,,,Material Ledger Document.Trading Partner,attribute::Material Ledger Document::Material Ledger Document::Trading Partner
TI,semantic::ti::dataupdate - material ledger - revaluation - transfers out::CREATES_ATTRIBUTE::attribute::material ledger document.valuation class,SEMANTIC_KEY,1,1,CREATES_ATTRIBUTE,ATTRIBUTE_CATALOG_DEFERRED,ATTRIBUTE,EXISTING_CREATE_TARGET,Dimension and target name were supplied without hierarchy; create target already exists,1,,Material Ledger Document,,Valuation Class,,,Material Ledger Document.Valuation Class,attribute::Material Ledger Document::Material Ledger Document::Valuation Class
TI,semantic::ti::dataupdate - material ledger - revaluation - transfers out::CREATES_ATTRIBUTE::attribute::material ledger document.valuation type,SEMANTIC_KEY,1,1,CREATES_ATTRIBUTE,ATTRIBUTE_CATALOG_DEFERRED,ATTRIBUTE,EXISTING_CREATE_TARGET,Dimension and target name were supplied without hierarchy; create target already exists,1,,Material Ledger Document,,Valuation Type,,,Material Ledger Document.Valuation Type,attribute::Material Ledger Document::Material Ledger Document::Valuation Type
TI,semantic::ti::dataupdate - material ledger - revaluation - transfers out::CREATES_ATTRIBUTE::attribute::material ledger document.vendor,SEMANTIC_KEY,1,1,CREATES_ATTRIBUTE,ATTRIBUTE_CATALOG_DEFERRED,ATTRIBUTE,EXISTING_CREATE_TARGET,Dimension and target name were supplied without hierarchy; create target already exists,1,,Material Ledger Document,,Vendor,,,Material Ledger Document.Vendor,attribute::Material Ledger Document::Material Ledger Document::Vendor
TI,semantic::ti::dataupdate - ml stage - acdoca::CREATES_ATTRIBUTE::attribute::ml document.aufnr,SEMANTIC_KEY,1,1,CREATES_ATTRIBUTE,ATTRIBUTE_CATALOG_DEFERRED,ATTRIBUTE,EXISTING_CREATE_TARGET,Dimension and target name were supplied without hierarchy; create target already exists,1,,ML Document,,AUFNR,,,ML Document.AUFNR,attribute::ML Document::ML Document::AUFNR
TI,semantic::ti::dataupdate - ml stage - acdoca::CREATES_ATTRIBUTE::attribute::ml document.ebeln,SEMANTIC_KEY,1,1,CREATES_ATTRIBUTE,ATTRIBUTE_CATALOG_DEFERRED,ATTRIBUTE,EXISTING_CREATE_TARGET,Dimension and target name were supplied without hierarchy; create target already exists,1,,ML Document,,EBELN,,,ML Document.EBELN,attribute::ML Document::ML Document::EBELN
TI,semantic::ti::dataupdate - ml stage - acdoca::CREATES_ATTRIBUTE::attribute::ml document.gkont,SEMANTIC_KEY,1,1,CREATES_ATTRIBUTE,ATTRIBUTE_CATALOG_DEFERRED,ATTRIBUTE,EXISTING_CREATE_TARGET,Dimension and target name were supplied without hierarchy; create target already exists,1,,ML Document,,GKONT,,,ML Document.GKONT,attribute::ML Document::ML Document::GKONT
TI,semantic::ti::dataupdate - ml stage - acdoca::CREATES_ATTRIBUTE::attribute::ml document.goodsmovementtype,SEMANTIC_KEY,1,1,CREATES_ATTRIBUTE,ATTRIBUTE_CATALOG_DEFERRED,ATTRIBUTE,EXISTING_CREATE_TARGET,Dimension and target name were supplied without hierarchy; create target already exists,1,,ML Document,,GOODSMOVEMENTTYPE,,,ML Document.GOODSMOVEMENTTYPE,attribute::ML Document::ML Document::GOODSMOVEMENTTYPE
TI,semantic::ti::dataupdate - ml stage - acdoca::CREATES_ATTRIBUTE::attribute::ml document.ktosl,SEMANTIC_KEY,1,1,CREATES_ATTRIBUTE,ATTRIBUTE_CATALOG_DEFERRED,ATTRIBUTE,EXISTING_CREATE_TARGET,Dimension and target name were supplied without hierarchy; create target already exists,1,,ML Document,,KTOSL,,,ML Document.KTOSL,attribute::ML Document::ML Document::KTOSL
TI,semantic::ti::dataupdate - ml stage - acdoca::CREATES_ATTRIBUTE::attribute::ml document.kunnr,SEMANTIC_KEY,1,1,CREATES_ATTRIBUTE,ATTRIBUTE_CATALOG_DEFERRED,ATTRIBUTE,EXISTING_CREATE_TARGET,Dimension and target name were supplied without hierarchy; create target already exists,1,,ML Document,,KUNNR,,,ML Document.KUNNR,attribute::ML Document::ML Document::KUNNR
TI,semantic::ti::dataupdate - ml stage - acdoca::CREATES_ATTRIBUTE::attribute::ml document.kunwe,SEMANTIC_KEY,1,1,CREATES_ATTRIBUTE,ATTRIBUTE_CATALOG_DEFERRED,ATTRIBUTE,EXISTING_CREATE_TARGET,Dimension and target name were supplied without hierarchy; create target already exists,1,,ML Document,,KUNWE,,,ML Document.KUNWE,attribute::ML Document::ML Document::KUNWE
TI,semantic::ti::dataupdate - ml stage - acdoca::CREATES_ATTRIBUTE::attribute::ml document.lifnr,SEMANTIC_KEY,1,1,CREATES_ATTRIBUTE,ATTRIBUTE_CATALOG_DEFERRED,ATTRIBUTE,EXISTING_CREATE_TARGET,Dimension and target name were supplied without hierarchy; create target already exists,1,,ML Document,,LIFNR,,,ML Document.LIFNR,attribute::ML Document::ML Document::LIFNR
TI,semantic::ti::dataupdate - ml stage - acdoca::CREATES_ATTRIBUTE::attribute::ml document.mlcateg,SEMANTIC_KEY,1,1,CREATES_ATTRIBUTE,ATTRIBUTE_CATALOG_DEFERRED,ATTRIBUTE,EXISTING_CREATE_TARGET,Dimension and target name were supplied without hierarchy; create target already exists,1,,ML Document,,MLCATEG,,,ML Document.MLCATEG,attribute::ML Document::ML Document::MLCATEG
TI,semantic::ti::dataupdate - ml stage - acdoca::CREATES_ATTRIBUTE::attribute::ml document.mlptyp,SEMANTIC_KEY,1,1,CREATES_ATTRIBUTE,ATTRIBUTE_CATALOG_DEFERRED,ATTRIBUTE,EXISTING_CREATE_TARGET,Dimension and target name were supplied without hierarchy; create target already exists,1,,ML Document,,MLPTYP,,,ML Document.MLPTYP,attribute::ML Document::ML Document::MLPTYP
TI,semantic::ti::dataupdate - ml stage - acdoca::CREATES_ATTRIBUTE::attribute::ml document.objnr,SEMANTIC_KEY,1,1,CREATES_ATTRIBUTE,ATTRIBUTE_CATALOG_DEFERRED,ATTRIBUTE,EXISTING_CREATE_TARGET,Dimension and target name were supplied without hierarchy; create target already exists,1,,ML Document,,OBJNR,,,ML Document.OBJNR,attribute::ML Document::ML Document::OBJNR
TI,semantic::ti::dataupdate - ml stage - acdoca::CREATES_ATTRIBUTE::attribute::ml document.pprctr,SEMANTIC_KEY,1,1,CREATES_ATTRIBUTE,ATTRIBUTE_CATALOG_DEFERRED,ATTRIBUTE,EXISTING_CREATE_TARGET,Dimension and target name were supplied without hierarchy; create target already exists,1,,ML Document,,PPRCTR,,,ML Document.PPRCTR,attribute::ML Document::ML Document::PPRCTR
TI,semantic::ti::dataupdate - ml stage - acdoca::CREATES_ATTRIBUTE::attribute::ml document.prctr,SEMANTIC_KEY,1,1,CREATES_ATTRIBUTE,ATTRIBUTE_CATALOG_DEFERRED,ATTRIBUTE,EXISTING_CREATE_TARGET,Dimension and target name were supplied without hierarchy; create target already exists,1,,ML Document,,PRCTR,,,ML Document.PRCTR,attribute::ML Document::ML Document::PRCTR
TI,semantic::ti::dataupdate - ml stage - acdoca::CREATES_ATTRIBUTE::attribute::ml document.racct,SEMANTIC_KEY,1,1,CREATES_ATTRIBUTE,ATTRIBUTE_CATALOG_DEFERRED,ATTRIBUTE,EXISTING_CREATE_TARGET,Dimension and target name were supplied without hierarchy; create target already exists,1,,ML Document,,RACCT,,,ML Document.RACCT,attribute::ML Document::ML Document::RACCT
TI,semantic::ti::dataupdate - ml stage - acdoca::CREATES_ATTRIBUTE::attribute::ml document.rassc,SEMANTIC_KEY,1,1,CREATES_ATTRIBUTE,ATTRIBUTE_CATALOG_DEFERRED,ATTRIBUTE,EXISTING_CREATE_TARGET,Dimension and target name were supplied without hierarchy; create target already exists,1,,ML Document,,RASSC,,,ML Document.RASSC,attribute::ML Document::ML Document::RASSC
TI,semantic::ti::dataupdate - ml stage - acdoca::CREATES_ATTRIBUTE::attribute::ml document.rfarea,SEMANTIC_KEY,1,1,CREATES_ATTRIBUTE,ATTRIBUTE_CATALOG_DEFERRED,ATTRIBUTE,EXISTING_CREATE_TARGET,Dimension and target name were supplied without hierarchy; create target already exists,1,,ML Document,,RFAREA,,,ML Document.RFAREA,attribute::ML Document::ML Document::RFAREA
TI,semantic::ti::dataupdate - ml stage - acdoca::CREATES_ATTRIBUTE::attribute::ml document.sgtxt,SEMANTIC_KEY,1,1,CREATES_ATTRIBUTE,ATTRIBUTE_CATALOG_DEFERRED,ATTRIBUTE,EXISTING_CREATE_TARGET,Dimension and target name were supplied without hierarchy; create target already exists,1,,ML Document,,SGTXT,,,ML Document.SGTXT,attribute::ML Document::ML Document::SGTXT
TI,semantic::ti::dataupdate - ml stage - acdoca::CREATES_ATTRIBUTE::attribute::ml document.vorgn,SEMANTIC_KEY,1,1,CREATES_ATTRIBUTE,ATTRIBUTE_CATALOG_DEFERRED,ATTRIBUTE,EXISTING_CREATE_TARGET,Dimension and target name were supplied without hierarchy; create target already exists,1,,ML Document,,VORGN,,,ML Document.VORGN,attribute::ML Document::ML Document::VORGN
TI,semantic::ti::dataupdate - ml stage - acdoca::CREATES_ATTRIBUTE::attribute::ml document.zuonr,SEMANTIC_KEY,1,1,CREATES_ATTRIBUTE,ATTRIBUTE_CATALOG_DEFERRED,ATTRIBUTE,EXISTING_CREATE_TARGET,Dimension and target name were supplied without hierarchy; create target already exists,1,,ML Document,,ZUONR,,,ML Document.ZUONR,attribute::ML Document::ML Document::ZUONR
TI,semantic::ti::dataupdate - ml stage::CREATES_ATTRIBUTE::attribute::ml document.arewr,SEMANTIC_KEY,1,1,CREATES_ATTRIBUTE,ATTRIBUTE_CATALOG_DEFERRED,ATTRIBUTE,EXISTING_CREATE_TARGET,Dimension and target name were supplied without hierarchy; create target already exists,1,,ML Document,,AREWR,,,ML Document.AREWR,attribute::ML Document::ML Document::AREWR
TI,semantic::ti::dataupdate - ml stage::CREATES_ATTRIBUTE::attribute::ml document.aufnr,SEMANTIC_KEY,1,1,CREATES_ATTRIBUTE,ATTRIBUTE_CATALOG_DEFERRED,ATTRIBUTE,EXISTING_CREATE_TARGET,Dimension and target name were supplied without hierarchy; create target already exists,1,,ML Document,,AUFNR,,,ML Document.AUFNR,attribute::ML Document::ML Document::AUFNR
TI,semantic::ti::dataupdate - ml stage::CREATES_ATTRIBUTE::attribute::ml document.aufps,SEMANTIC_KEY,1,1,CREATES_ATTRIBUTE,ATTRIBUTE_CATALOG_DEFERRED,ATTRIBUTE,EXISTING_CREATE_TARGET,Dimension and target name were supplied without hierarchy; create target already exists,1,,ML Document,,AUFPS,,,ML Document.AUFPS,attribute::ML Document::ML Document::AUFPS
TI,semantic::ti::dataupdate - ml stage::CREATES_ATTRIBUTE::attribute::ml document.awitem,SEMANTIC_KEY,1,1,CREATES_ATTRIBUTE,ATTRIBUTE_CATALOG_DEFERRED,ATTRIBUTE,EXISTING_CREATE_TARGET,Dimension and target name were supplied without hierarchy; create target already exists,1,,ML Document,,AWITEM,,,ML Document.AWITEM,attribute::ML Document::ML Document::AWITEM
TI,semantic::ti::dataupdate - ml stage::CREATES_ATTRIBUTE::attribute::ml document.awitgrp,SEMANTIC_KEY,1,1,CREATES_ATTRIBUTE,ATTRIBUTE_CATALOG_DEFERRED,ATTRIBUTE,EXISTING_CREATE_TARGET,Dimension and target name were supplied without hierarchy; create target already exists,1,,ML Document,,AWITGRP,,,ML Document.AWITGRP,attribute::ML Document::ML Document::AWITGRP
TI,semantic::ti::dataupdate - ml stage::CREATES_ATTRIBUTE::attribute::ml document.aworg,SEMANTIC_KEY,1,1,CREATES_ATTRIBUTE,ATTRIBUTE_CATALOG_DEFERRED,ATTRIBUTE,EXISTING_CREATE_TARGET,Dimension and target name were supplied without hierarchy; create target already exists,1,,ML Document,,AWORG,,,ML Document.AWORG,attribute::ML Document::ML Document::AWORG
TI,semantic::ti::dataupdate - ml stage::CREATES_ATTRIBUTE::attribute::ml document.awref,SEMANTIC_KEY,1,1,CREATES_ATTRIBUTE,ATTRIBUTE_CATALOG_DEFERRED,ATTRIBUTE,EXISTING_CREATE_TARGET,Dimension and target name were supplied without hierarchy; create target already exists,1,,ML Document,,AWREF,,,ML Document.AWREF,attribute::ML Document::ML Document::AWREF
TI,semantic::ti::dataupdate - ml stage::CREATES_ATTRIBUTE::attribute::ml document.awref_awitem,SEMANTIC_KEY,1,1,CREATES_ATTRIBUTE,ATTRIBUTE_CATALOG_DEFERRED,ATTRIBUTE,EXISTING_CREATE_TARGET,Dimension and target name were supplied without hierarchy; create target already exists,1,,ML Document,,AWREF_AWITEM,,,ML Document.AWREF_AWITEM,attribute::ML Document::ML Document::AWREF_AWITEM
TI,semantic::ti::dataupdate - ml stage::CREATES_ATTRIBUTE::attribute::ml document.awsys,SEMANTIC_KEY,1,1,CREATES_ATTRIBUTE,ATTRIBUTE_CATALOG_DEFERRED,ATTRIBUTE,EXISTING_CREATE_TARGET,Dimension and target name were supplied without hierarchy; create target already exists,1,,ML Document,,AWSYS,,,ML Document.AWSYS,attribute::ML Document::ML Document::AWSYS
TI,semantic::ti::dataupdate - ml stage::CREATES_ATTRIBUTE::attribute::ml document.awtyp,SEMANTIC_KEY,1,1,CREATES_ATTRIBUTE,ATTRIBUTE_CATALOG_DEFERRED,ATTRIBUTE,EXISTING_CREATE_TARGET,Dimension and target name were supplied without hierarchy; create target already exists,1,,ML Document,,AWTYP,,,ML Document.AWTYP,attribute::ML Document::ML Document::AWTYP
TI,semantic::ti::dataupdate - ml stage::CREATES_ATTRIBUTE::attribute::ml document.belnr,SEMANTIC_KEY,1,1,CREATES_ATTRIBUTE,ATTRIBUTE_CATALOG_DEFERRED,ATTRIBUTE,EXISTING_CREATE_TARGET,Dimension and target name were supplied without hierarchy; create target already exists,1,,ML Document,,BELNR,,,ML Document.BELNR,attribute::ML Document::ML Document::BELNR
TI,semantic::ti::dataupdate - ml stage::CREATES_ATTRIBUTE::attribute::ml document.bklas,SEMANTIC_KEY,1,1,CREATES_ATTRIBUTE,ATTRIBUTE_CATALOG_DEFERRED,ATTRIBUTE,EXISTING_CREATE_TARGET,Dimension and target name were supplied without hierarchy; create target already exists,1,,ML Document,,BKLAS,,,ML Document.BKLAS,attribute::ML Document::ML Document::BKLAS
TI,semantic::ti::dataupdate - ml stage::CREATES_ATTRIBUTE::attribute::ml document.bstme,SEMANTIC_KEY,1,1,CREATES_ATTRIBUTE,ATTRIBUTE_CATALOG_DEFERRED,ATTRIBUTE,EXISTING_CREATE_TARGET,Dimension and target name were supplied without hierarchy; create target already exists,1,,ML Document,,BSTME,,,ML Document.BSTME,attribute::ML Document::ML Document::BSTME
TI,semantic::ti::dataupdate - ml stage::CREATES_ATTRIBUTE::attribute::ml document.budat,SEMANTIC_KEY,1,1,CREATES_ATTRIBUTE,ATTRIBUTE_CATALOG_DEFERRED,ATTRIBUTE,EXISTING_CREATE_TARGET,Dimension and target name were supplied without hierarchy; create target already exists,1,,ML Document,,BUDAT,,,ML Document.BUDAT,attribute::ML Document::ML Document::BUDAT
TI,semantic::ti::dataupdate - ml stage::CREATES_ATTRIBUTE::attribute::ml document.bvalt,SEMANTIC_KEY,1,1,CREATES_ATTRIBUTE,ATTRIBUTE_CATALOG_DEFERRED,ATTRIBUTE,EXISTING_CREATE_TARGET,Dimension and target name were supplied without hierarchy; create target already exists,1,,ML Document,,BVALT,,,ML Document.BVALT,attribute::ML Document::ML Document::BVALT
TI,semantic::ti::dataupdate - ml stage::CREATES_ATTRIBUTE::attribute::ml document.bwart,SEMANTIC_KEY,1,1,CREATES_ATTRIBUTE,ATTRIBUTE_CATALOG_DEFERRED,ATTRIBUTE,EXISTING_CREATE_TARGET,Dimension and target name were supplied without hierarchy; create target already exists,1,,ML Document,,BWART,,,ML Document.BWART,attribute::ML Document::ML Document::BWART
TI,semantic::ti::dataupdate - ml stage::CREATES_ATTRIBUTE::attribute::ml document.bwtar,SEMANTIC_KEY,1,1,CREATES_ATTRIBUTE,ATTRIBUTE_CATALOG_DEFERRED,ATTRIBUTE,EXISTING_CREATE_TARGET,Dimension and target name were supplied without hierarchy; create target already exists,1,,ML Document,,BWTAR,,,ML Document.BWTAR,attribute::ML Document::ML Document::BWTAR
TI,semantic::ti::dataupdate - ml stage::CREATES_ATTRIBUTE::attribute::ml document.categ,SEMANTIC_KEY,1,1,CREATES_ATTRIBUTE,ATTRIBUTE_CATALOG_DEFERRED,ATTRIBUTE,EXISTING_CREATE_TARGET,Dimension and target name were supplied without hierarchy; create target already exists,1,,ML Document,,CATEG,,,ML Document.CATEG,attribute::ML Document::ML Document::CATEG
TI,semantic::ti::dataupdate - ml stage::CREATES_ATTRIBUTE::attribute::ml document.ckm3 line,SEMANTIC_KEY,1,1,CREATES_ATTRIBUTE,ATTRIBUTE_CATALOG_DEFERRED,ATTRIBUTE,EXISTING_CREATE_TARGET,Dimension and target name were supplied without hierarchy; create target already exists,1,,ML Document,,CKM3 line,,,ML Document.CKM3 line,attribute::ML Document::ML Document::CKM3 line
TI,semantic::ti::dataupdate - ml stage::CREATES_ATTRIBUTE::attribute::ml document.current_per,SEMANTIC_KEY,1,1,CREATES_ATTRIBUTE,ATTRIBUTE_CATALOG_DEFERRED,ATTRIBUTE,EXISTING_CREATE_TARGET,Dimension and target name were supplied without hierarchy; create target already exists,1,,ML Document,,CURRENT_PER,,,ML Document.CURRENT_PER,attribute::ML Document::ML Document::CURRENT_PER
TI,semantic::ti::dataupdate - ml stage::CREATES_ATTRIBUTE::attribute::ml document.cyclenr,SEMANTIC_KEY,1,1,CREATES_ATTRIBUTE,ATTRIBUTE_CATALOG_DEFERRED,ATTRIBUTE,EXISTING_CREATE_TARGET,Dimension and target name were supplied without hierarchy; create target already exists,1,,ML Document,,CYCLENR,,,ML Document.CYCLENR,attribute::ML Document::ML Document::CYCLENR
TI,semantic::ti::dataupdate - ml stage::CREATES_ATTRIBUTE::attribute::ml document.flow,SEMANTIC_KEY,1,1,CREATES_ATTRIBUTE,ATTRIBUTE_CATALOG_DEFERRED,ATTRIBUTE,EXISTING_CREATE_TARGET,Dimension and target name were supplied without hierarchy; create target already exists,1,,ML Document,,Flow,,,ML Document.Flow,attribute::ML Document::ML Document::Flow
TI,semantic::ti::dataupdate - ml stage::CREATES_ATTRIBUTE::attribute::ml document.glvor,SEMANTIC_KEY,1,1,CREATES_ATTRIBUTE,ATTRIBUTE_CATALOG_DEFERRED,ATTRIBUTE,EXISTING_CREATE_TARGET,Dimension and target name were supplied without hierarchy; create target already exists,1,,ML Document,,GLVOR,,,ML Document.GLVOR,attribute::ML Document::ML Document::GLVOR
TI,semantic::ti::dataupdate - ml stage::CREATES_ATTRIBUTE::attribute::ml document.hrkft,SEMANTIC_KEY,1,1,CREATES_ATTRIBUTE,ATTRIBUTE_CATALOG_DEFERRED,ATTRIBUTE,EXISTING_CREATE_TARGET,Dimension and target name were supplied without hierarchy; create target already exists,1,,ML Document,,HRKFT,,,ML Document.HRKFT,attribute::ML Document::ML Document::HRKFT
TI,semantic::ti::dataupdate - ml stage::CREATES_ATTRIBUTE::attribute::ml document.jahrper,SEMANTIC_KEY,1,1,CREATES_ATTRIBUTE,ATTRIBUTE_CATALOG_DEFERRED,ATTRIBUTE,EXISTING_CREATE_TARGET,Dimension and target name were supplied without hierarchy; create target already exists,1,,ML Document,,JAHRPER,,,ML Document.JAHRPER,attribute::ML Document::ML Document::JAHRPER
TI,semantic::ti::dataupdate - ml stage::CREATES_ATTRIBUTE::attribute::ml document.jahrper_wip,SEMANTIC_KEY,1,1,CREATES_ATTRIBUTE,ATTRIBUTE_CATALOG_DEFERRED,ATTRIBUTE,EXISTING_CREATE_TARGET,Dimension and target name were supplied without hierarchy; create target already exists,1,,ML Document,,JAHRPER_WIP,,,ML Document.JAHRPER_WIP,attribute::ML Document::ML Document::JAHRPER_WIP
TI,semantic::ti::dataupdate - ml stage::CREATES_ATTRIBUTE::attribute::ml document.kalnr,SEMANTIC_KEY,1,1,CREATES_ATTRIBUTE,ATTRIBUTE_CATALOG_DEFERRED,ATTRIBUTE,EXISTING_CREATE_TARGET,Dimension and target name were supplied without hierarchy; create target already exists,1,,ML Document,,KALNR,,,ML Document.KALNR,attribute::ML Document::ML Document::KALNR
TI,semantic::ti::dataupdate - ml stage::CREATES_ATTRIBUTE::attribute::ml document.kjahr,SEMANTIC_KEY,1,1,CREATES_ATTRIBUTE,ATTRIBUTE_CATALOG_DEFERRED,ATTRIBUTE,EXISTING_CREATE_TARGET,Dimension and target name were supplied without hierarchy; create target already exists,1,,ML Document,,KJAHR,,,ML Document.KJAHR,attribute::ML Document::ML Document::KJAHR
TI,semantic::ti::dataupdate - ml stage::CREATES_ATTRIBUTE::attribute::ml document.kstar,SEMANTIC_KEY,1,1,CREATES_ATTRIBUTE,ATTRIBUTE_CATALOG_DEFERRED,ATTRIBUTE,EXISTING_CREATE_TARGET,Dimension and target name were supplied without hierarchy; create target already exists,1,,ML Document,,KSTAR,,,ML Document.KSTAR,attribute::ML Document::ML Document::KSTAR
TI,semantic::ti::dataupdate - ml stage::CREATES_ATTRIBUTE::attribute::ml document.material,SEMANTIC_KEY,1,1,CREATES_ATTRIBUTE,ATTRIBUTE_CATALOG_DEFERRED,ATTRIBUTE,EXISTING_CREATE_TARGET,Dimension and target name were supplied without hierarchy; create target already exists,1,,ML Document,,Material,,,ML Document.Material,attribute::ML Document::ML Document::Material
TI,semantic::ti::dataupdate - ml stage::CREATES_ATTRIBUTE::attribute::ml document.meins,SEMANTIC_KEY,1,1,CREATES_ATTRIBUTE,ATTRIBUTE_CATALOG_DEFERRED,ATTRIBUTE,EXISTING_CREATE_TARGET,Dimension and target name were supplied without hierarchy; create target already exists,1,,ML Document,,MEINS,,,ML Document.MEINS,attribute::ML Document::ML Document::MEINS
TI,semantic::ti::dataupdate - ml stage::CREATES_ATTRIBUTE::attribute::ml document.ml classification,SEMANTIC_KEY,1,1,CREATES_ATTRIBUTE,ATTRIBUTE_CATALOG_DEFERRED,ATTRIBUTE,EXISTING_CREATE_TARGET,Dimension and target name were supplied without hierarchy; create target already exists,1,,ML Document,,ML Classification,,,ML Document.ML Classification,attribute::ML Document::ML Document::ML Classification
TI,semantic::ti::dataupdate - ml stage::CREATES_ATTRIBUTE::attribute::ml document.mlast,SEMANTIC_KEY,1,1,CREATES_ATTRIBUTE,ATTRIBUTE_CATALOG_DEFERRED,ATTRIBUTE,EXISTING_CREATE_TARGET,Dimension and target name were supplied without hierarchy; create target already exists,1,,ML Document,,MLAST,,,ML Document.MLAST,attribute::ML Document::ML Document::MLAST
TI,semantic::ti::dataupdate - ml stage::CREATES_ATTRIBUTE::attribute::ml document.mlvnr,SEMANTIC_KEY,1,1,CREATES_ATTRIBUTE,ATTRIBUTE_CATALOG_DEFERRED,ATTRIBUTE,EXISTING_CREATE_TARGET,Dimension and target name were supplied without hierarchy; create target already exists,1,,ML Document,,MLVNR,,,ML Document.MLVNR,attribute::ML Document::ML Document::MLVNR
TI,semantic::ti::dataupdate - ml stage::CREATES_ATTRIBUTE::attribute::ml document.movement type,SEMANTIC_KEY,1,1,CREATES_ATTRIBUTE,ATTRIBUTE_CATALOG_DEFERRED,ATTRIBUTE,EXISTING_CREATE_TARGET,Dimension and target name were supplied without hierarchy; create target already exists,1,,ML Document,,Movement type,,,ML Document.Movement type,attribute::ML Document::ML Document::Movement type
TI,semantic::ti::dataupdate - ml stage::CREATES_ATTRIBUTE::attribute::ml document.nature,SEMANTIC_KEY,1,1,CREATES_ATTRIBUTE,ATTRIBUTE_CATALOG_DEFERRED,ATTRIBUTE,EXISTING_CREATE_TARGET,Dimension and target name were supplied without hierarchy; create target already exists,1,,ML Document,,Nature,,,ML Document.Nature,attribute::ML Document::ML Document::Nature
TI,semantic::ti::dataupdate - ml stage::CREATES_ATTRIBUTE::attribute::ml document.plant,SEMANTIC_KEY,1,1,CREATES_ATTRIBUTE,ATTRIBUTE_CATALOG_DEFERRED,ATTRIBUTE,EXISTING_CREATE_TARGET,Dimension and target name were supplied without hierarchy; create target already exists,1,,ML Document,,Plant,,,ML Document.Plant,attribute::ML Document::ML Document::Plant
TI,semantic::ti::dataupdate - ml stage::CREATES_ATTRIBUTE::attribute::ml document.posart,SEMANTIC_KEY,1,1,CREATES_ATTRIBUTE,ATTRIBUTE_CATALOG_DEFERRED,ATTRIBUTE,EXISTING_CREATE_TARGET,Dimension and target name were supplied without hierarchy; create target already exists,1,,ML Document,,POSART,,,ML Document.POSART,attribute::ML Document::ML Document::POSART
TI,semantic::ti::dataupdate - ml stage::CREATES_ATTRIBUTE::attribute::ml document.posnr,SEMANTIC_KEY,1,1,CREATES_ATTRIBUTE,ATTRIBUTE_CATALOG_DEFERRED,ATTRIBUTE,EXISTING_CREATE_TARGET,Dimension and target name were supplied without hierarchy; create target already exists,1,,ML Document,,POSNR,,,ML Document.POSNR,attribute::ML Document::ML Document::POSNR
TI,semantic::ti::dataupdate - ml stage::CREATES_ATTRIBUTE::attribute::ml document.posting type,SEMANTIC_KEY,1,1,CREATES_ATTRIBUTE,ATTRIBUTE_CATALOG_DEFERRED,ATTRIBUTE,EXISTING_CREATE_TARGET,Dimension and target name were supplied without hierarchy; create target already exists,1,,ML Document,,Posting type,,,ML Document.Posting type,attribute::ML Document::ML Document::Posting type
TI,semantic::ti::dataupdate - ml stage::CREATES_ATTRIBUTE::attribute::ml document.process,SEMANTIC_KEY,1,1,CREATES_ATTRIBUTE,ATTRIBUTE_CATALOG_DEFERRED,ATTRIBUTE,EXISTING_CREATE_TARGET,Dimension and target name were supplied without hierarchy; create target already exists,1,,ML Document,,PROCESS,,,ML Document.PROCESS,attribute::ML Document::ML Document::PROCESS
TI,semantic::ti::dataupdate - ml stage::CREATES_ATTRIBUTE::attribute::ml document.process category (ptyp),SEMANTIC_KEY,1,1,CREATES_ATTRIBUTE,ATTRIBUTE_CATALOG_DEFERRED,ATTRIBUTE,EXISTING_CREATE_TARGET,Dimension and target name were supplied without hierarchy; create target already exists,1,,ML Document,,Process category (PTYP),,,ML Document.Process category (PTYP),attribute::ML Document::ML Document::Process category (PTYP)
TI,semantic::ti::dataupdate - ml stage::CREATES_ATTRIBUTE::attribute::ml document.profit center,SEMANTIC_KEY,1,1,CREATES_ATTRIBUTE,ATTRIBUTE_CATALOG_DEFERRED,ATTRIBUTE,EXISTING_CREATE_TARGET,Dimension and target name were supplied without hierarchy; create target already exists,1,,ML Document,,Profit Center,,,ML Document.Profit Center,attribute::ML Document::ML Document::Profit Center
TI,semantic::ti::dataupdate - ml stage::CREATES_ATTRIBUTE::attribute::ml document.ptyp,SEMANTIC_KEY,1,1,CREATES_ATTRIBUTE,ATTRIBUTE_CATALOG_DEFERRED,ATTRIBUTE,EXISTING_CREATE_TARGET,Dimension and target name were supplied without hierarchy; create target already exists,1,,ML Document,,PTYP,,,ML Document.PTYP,attribute::ML Document::ML Document::PTYP
TI,semantic::ti::dataupdate - ml stage::CREATES_ATTRIBUTE::attribute::ml document.reewr,SEMANTIC_KEY,1,1,CREATES_ATTRIBUTE,ATTRIBUTE_CATALOG_DEFERRED,ATTRIBUTE,EXISTING_CREATE_TARGET,Dimension and target name were supplied without hierarchy; create target already exists,1,,ML Document,,REEWR,,,ML Document.REEWR,attribute::ML Document::ML Document::REEWR
TI,semantic::ti::dataupdate - ml stage::CREATES_ATTRIBUTE::attribute::ml document.sdm_version,SEMANTIC_KEY,1,1,CREATES_ATTRIBUTE,ATTRIBUTE_CATALOG_DEFERRED,ATTRIBUTE,EXISTING_CREATE_TARGET,Dimension and target name were supplied without hierarchy; create target already exists,1,,ML Document,,SDM_VERSION,,,ML Document.SDM_VERSION,attribute::ML Document::ML Document::SDM_VERSION
TI,semantic::ti::dataupdate - ml stage::CREATES_ATTRIBUTE::attribute::ml document.tcode,SEMANTIC_KEY,1,1,CREATES_ATTRIBUTE,ATTRIBUTE_CATALOG_DEFERRED,ATTRIBUTE,EXISTING_CREATE_TARGET,Dimension and target name were supplied without hierarchy; create target already exists,1,,ML Document,,TCODE,,,ML Document.TCODE,attribute::ML Document::ML Document::TCODE
TI,semantic::ti::dataupdate - ml stage::CREATES_ATTRIBUTE::attribute::ml document.timestamp,SEMANTIC_KEY,1,1,CREATES_ATTRIBUTE,ATTRIBUTE_CATALOG_DEFERRED,ATTRIBUTE,EXISTING_CREATE_TARGET,Dimension and target name were supplied without hierarchy; create target already exists,1,,ML Document,,TIMESTAMP,,,ML Document.TIMESTAMP,attribute::ML Document::ML Document::TIMESTAMP
TI,semantic::ti::dataupdate - ml stage::CREATES_ATTRIBUTE::attribute::ml document.usnam,SEMANTIC_KEY,1,1,CREATES_ATTRIBUTE,ATTRIBUTE_CATALOG_DEFERRED,ATTRIBUTE,EXISTING_CREATE_TARGET,Dimension and target name were supplied without hierarchy; create target already exists,1,,ML Document,,USNAM,,,ML Document.USNAM,attribute::ML Document::ML Document::USNAM
TI,semantic::ti::dataupdate - ml stage::CREATES_ATTRIBUTE::attribute::ml document.value component,SEMANTIC_KEY,1,1,CREATES_ATTRIBUTE,ATTRIBUTE_CATALOG_DEFERRED,ATTRIBUTE,EXISTING_CREATE_TARGET,Dimension and target name were supplied without hierarchy; create target already exists,1,,ML Document,,Value component,,,ML Document.Value component,attribute::ML Document::ML Document::Value component
TI,semantic::ti::dataupdate - ml stage::CREATES_ATTRIBUTE::attribute::ml document.vgabe,SEMANTIC_KEY,1,1,CREATES_ATTRIBUTE,ATTRIBUTE_CATALOG_DEFERRED,ATTRIBUTE,EXISTING_CREATE_TARGET,Dimension and target name were supplied without hierarchy; create target already exists,1,,ML Document,,VGABE,,,ML Document.VGABE,attribute::ML Document::ML Document::VGABE
TI,semantic::ti::dataupdate - ml stage::CREATES_ATTRIBUTE::attribute::ml document.vgart,SEMANTIC_KEY,1,1,CREATES_ATTRIBUTE,ATTRIBUTE_CATALOG_DEFERRED,ATTRIBUTE,EXISTING_CREATE_TARGET,Dimension and target name were supplied without hierarchy; create target already exists,1,,ML Document,,VGART,,,ML Document.VGART,attribute::ML Document::ML Document::VGART
TI,semantic::ti::dataupdate - ml stage::CREATES_ATTRIBUTE::attribute::ml document.vprsv,SEMANTIC_KEY,1,1,CREATES_ATTRIBUTE,ATTRIBUTE_CATALOG_DEFERRED,ATTRIBUTE,EXISTING_CREATE_TARGET,Dimension and target name were supplied without hierarchy; create target already exists,1,,ML Document,,VPRSV,,,ML Document.VPRSV,attribute::ML Document::ML Document::VPRSV
TI,semantic::ti::dataupdate - ml stage::CREATES_ATTRIBUTE::attribute::ml document.werks,SEMANTIC_KEY,1,1,CREATES_ATTRIBUTE,ATTRIBUTE_CATALOG_DEFERRED,ATTRIBUTE,EXISTING_CREATE_TARGET,Dimension and target name were supplied without hierarchy; create target already exists,1,,ML Document,,WERKS,,,ML Document.WERKS,attribute::ML Document::ML Document::WERKS
TI,semantic::ti::dataupdate - ml stage::CREATES_ATTRIBUTE::attribute::ml document.xekrel,SEMANTIC_KEY,1,1,CREATES_ATTRIBUTE,ATTRIBUTE_CATALOG_DEFERRED,ATTRIBUTE,EXISTING_CREATE_TARGET,Dimension and target name were supplied without hierarchy; create target already exists,1,,ML Document,,XEKREL,,,ML Document.XEKREL,attribute::ML Document::ML Document::XEKREL
TI,semantic::ti::dataupdate - ml stage::CREATES_ATTRIBUTE::attribute::ml document.xplrel,SEMANTIC_KEY,1,1,CREATES_ATTRIBUTE,ATTRIBUTE_CATALOG_DEFERRED,ATTRIBUTE,EXISTING_CREATE_TARGET,Dimension and target name were supplied without hierarchy; create target already exists,1,,ML Document,,XPLREL,,,ML Document.XPLREL,attribute::ML Document::ML Document::XPLREL
TI,semantic::ti::dataupdate - ml stage::CREATES_ATTRIBUTE::attribute::ml document.xtprel,SEMANTIC_KEY,1,1,CREATES_ATTRIBUTE,ATTRIBUTE_CATALOG_DEFERRED,ATTRIBUTE,EXISTING_CREATE_TARGET,Dimension and target name were supplied without hierarchy; create target already exists,1,,ML Document,,XTPREL,,,ML Document.XTPREL,attribute::ML Document::ML Document::XTPREL
TI,semantic::ti::dataupdate - project spending - validation - manual::CREATES_ATTRIBUTE::attribute::sys afe validation.inv profile,SEMANTIC_KEY,1,1,CREATES_ATTRIBUTE,ATTRIBUTE_CATALOG_DEFERRED,ATTRIBUTE,EXISTING_CREATE_TARGET,Dimension and target name were supplied without hierarchy; create target already exists,1,,SYS AFE Validation,,Inv Profile,,,SYS AFE Validation.Inv Profile,attribute::SYS AFE Validation::SYS AFE Validation::Inv Profile
TI,semantic::ti::dataupdate - project spending - validation - manual::CREATES_ATTRIBUTE::attribute::sys wbs validation.afe number missing,SEMANTIC_KEY,1,1,CREATES_ATTRIBUTE,ATTRIBUTE_CATALOG_DEFERRED,ATTRIBUTE,EXISTING_CREATE_TARGET,Dimension and target name were supplied without hierarchy; create target already exists,1,,SYS WBS Validation,,AFE Number Missing,,,SYS WBS Validation.AFE Number Missing,attribute::SYS WBS Validation::SYS WBS Validation::AFE Number Missing
TI,semantic::ti::dataupdate - project spending - validation - manual::CREATES_ATTRIBUTE::attribute::sys wbs validation.approved capital curr missing,SEMANTIC_KEY,1,1,CREATES_ATTRIBUTE,ATTRIBUTE_CATALOG_DEFERRED,ATTRIBUTE,EXISTING_CREATE_TARGET,Dimension and target name were supplied without hierarchy; create target already exists,1,,SYS WBS Validation,,Approved Capital Curr Missing,,,SYS WBS Validation.Approved Capital Curr Missing,attribute::SYS WBS Validation::SYS WBS Validation::Approved Capital Curr Missing
TI,semantic::ti::dataupdate - project spending - validation - manual::CREATES_ATTRIBUTE::attribute::sys wbs validation.approved expense curr missing,SEMANTIC_KEY,1,1,CREATES_ATTRIBUTE,ATTRIBUTE_CATALOG_DEFERRED,ATTRIBUTE,EXISTING_CREATE_TARGET,Dimension and target name were supplied without hierarchy; create target already exists,1,,SYS WBS Validation,,Approved Expense Curr Missing,,,SYS WBS Validation.Approved Expense Curr Missing,attribute::SYS WBS Validation::SYS WBS Validation::Approved Expense Curr Missing
TI,semantic::ti::dataupdate - project spending - validation - manual::CREATES_ATTRIBUTE::attribute::sys wbs validation.investment reason missing,SEMANTIC_KEY,1,1,CREATES_ATTRIBUTE,ATTRIBUTE_CATALOG_DEFERRED,ATTRIBUTE,EXISTING_CREATE_TARGET,Dimension and target name were supplied without hierarchy; create target already exists,1,,SYS WBS Validation,,Investment Reason Missing,,,SYS WBS Validation.Investment Reason Missing,attribute::SYS WBS Validation::SYS WBS Validation::Investment Reason Missing
TI,semantic::ti::dataupdate - project spending - validation - manual::CREATES_ATTRIBUTE::attribute::sys wbs validation.rea number missing,SEMANTIC_KEY,1,1,CREATES_ATTRIBUTE,ATTRIBUTE_CATALOG_DEFERRED,ATTRIBUTE,EXISTING_CREATE_TARGET,Dimension and target name were supplied without hierarchy; create target already exists,1,,SYS WBS Validation,,REA Number Missing,,,SYS WBS Validation.REA Number Missing,attribute::SYS WBS Validation::SYS WBS Validation::REA Number Missing
TI,semantic::ti::dataupdate - project spending - validation::CREATES_ATTRIBUTE::attribute::sys afe validation.inv profile,SEMANTIC_KEY,1,1,CREATES_ATTRIBUTE,ATTRIBUTE_CATALOG_DEFERRED,ATTRIBUTE,EXISTING_CREATE_TARGET,Dimension and target name were supplied without hierarchy; create target already exists,1,,SYS AFE Validation,,Inv Profile,,,SYS AFE Validation.Inv Profile,attribute::SYS AFE Validation::SYS AFE Validation::Inv Profile
TI,semantic::ti::dataupdate - project spending - validation::CREATES_ATTRIBUTE::attribute::sys wbs validation.afe number missing,SEMANTIC_KEY,1,1,CREATES_ATTRIBUTE,ATTRIBUTE_CATALOG_DEFERRED,ATTRIBUTE,EXISTING_CREATE_TARGET,Dimension and target name were supplied without hierarchy; create target already exists,1,,SYS WBS Validation,,AFE Number Missing,,,SYS WBS Validation.AFE Number Missing,attribute::SYS WBS Validation::SYS WBS Validation::AFE Number Missing
TI,semantic::ti::dataupdate - project spending - validation::CREATES_ATTRIBUTE::attribute::sys wbs validation.approved capital curr missing,SEMANTIC_KEY,1,1,CREATES_ATTRIBUTE,ATTRIBUTE_CATALOG_DEFERRED,ATTRIBUTE,EXISTING_CREATE_TARGET,Dimension and target name were supplied without hierarchy; create target already exists,1,,SYS WBS Validation,,Approved Capital Curr Missing,,,SYS WBS Validation.Approved Capital Curr Missing,attribute::SYS WBS Validation::SYS WBS Validation::Approved Capital Curr Missing
TI,semantic::ti::dataupdate - project spending - validation::CREATES_ATTRIBUTE::attribute::sys wbs validation.approved expense curr missing,SEMANTIC_KEY,1,1,CREATES_ATTRIBUTE,ATTRIBUTE_CATALOG_DEFERRED,ATTRIBUTE,EXISTING_CREATE_TARGET,Dimension and target name were supplied without hierarchy; create target already exists,1,,SYS WBS Validation,,Approved Expense Curr Missing,,,SYS WBS Validation.Approved Expense Curr Missing,attribute::SYS WBS Validation::SYS WBS Validation::Approved Expense Curr Missing
TI,semantic::ti::dataupdate - project spending - validation::CREATES_ATTRIBUTE::attribute::sys wbs validation.investment reason missing,SEMANTIC_KEY,1,1,CREATES_ATTRIBUTE,ATTRIBUTE_CATALOG_DEFERRED,ATTRIBUTE,EXISTING_CREATE_TARGET,Dimension and target name were supplied without hierarchy; create target already exists,1,,SYS WBS Validation,,Investment Reason Missing,,,SYS WBS Validation.Investment Reason Missing,attribute::SYS WBS Validation::SYS WBS Validation::Investment Reason Missing
TI,semantic::ti::dataupdate - project spending - validation::CREATES_ATTRIBUTE::attribute::sys wbs validation.rea number missing,SEMANTIC_KEY,1,1,CREATES_ATTRIBUTE,ATTRIBUTE_CATALOG_DEFERRED,ATTRIBUTE,EXISTING_CREATE_TARGET,Dimension and target name were supplied without hierarchy; create target already exists,1,,SYS WBS Validation,,REA Number Missing,,,SYS WBS Validation.REA Number Missing,attribute::SYS WBS Validation::SYS WBS Validation::REA Number Missing
TI,semantic::ti::dataupdate - sys cost center hierarchy::CREATES_ATTRIBUTE::attribute::sys cost center hierarchy.description,SEMANTIC_KEY,1,1,CREATES_ATTRIBUTE,ATTRIBUTE_CATALOG_DEFERRED,ATTRIBUTE,EXISTING_CREATE_TARGET,Dimension and target name were supplied without hierarchy; create target already exists,1,,SYS Cost Center Hierarchy,,Description,,,SYS Cost Center Hierarchy.Description,attribute::SYS Cost Center Hierarchy::SYS Cost Center Hierarchy::Description
TI,semantic::ti::dataupdate - sys pl account hierarchy::CREATES_ATTRIBUTE::attribute::sys pl account hierarchy.description,SEMANTIC_KEY,1,1,CREATES_ATTRIBUTE,ATTRIBUTE_CATALOG_DEFERRED,ATTRIBUTE,EXISTING_CREATE_TARGET,Dimension and target name were supplied without hierarchy; create target already exists,1,,SYS PL Account Hierarchy,,Description,,,SYS PL Account Hierarchy.Description,attribute::SYS PL Account Hierarchy::SYS PL Account Hierarchy::Description
TI,semantic::ti::dataupdate - sys profit center hierarchy::CREATES_ATTRIBUTE::attribute::sys profit center hierarchy.description,SEMANTIC_KEY,1,1,CREATES_ATTRIBUTE,ATTRIBUTE_CATALOG_DEFERRED,ATTRIBUTE,EXISTING_CREATE_TARGET,Dimension and target name were supplied without hierarchy; create target already exists,1,,SYS Profit Center Hierarchy,,Description,,,SYS Profit Center Hierarchy.Description,attribute::SYS Profit Center Hierarchy::SYS Profit Center Hierarchy::Description
TI,semantic::ti::dimupdate - bs account::CREATES_ATTRIBUTE::attribute::bs account.acgp,SEMANTIC_KEY,1,1,CREATES_ATTRIBUTE,ATTRIBUTE_CATALOG_DEFERRED,ATTRIBUTE,EXISTING_CREATE_TARGET,Dimension and target name were supplied without hierarchy; create target already exists,1,,BS Account,,AcGp,,,BS Account.AcGp,attribute::BS Account::BS Account::AcGp
TI,semantic::ti::dimupdate - bs account::CREATES_ATTRIBUTE::attribute::bs account.caption,SEMANTIC_KEY,1,1,CREATES_ATTRIBUTE,ATTRIBUTE_CATALOG_DEFERRED,ATTRIBUTE,EXISTING_CREATE_TARGET,Dimension and target name were supplied without hierarchy; create target already exists,1,,BS Account,,CAPTION,,,BS Account.CAPTION,attribute::BS Account::BS Account::CAPTION
TI,semantic::ti::dimupdate - bs account::CREATES_ATTRIBUTE::attribute::bs account.description,SEMANTIC_KEY,1,1,CREATES_ATTRIBUTE,ATTRIBUTE_CATALOG_DEFERRED,ATTRIBUTE,EXISTING_CREATE_TARGET,Dimension and target name were supplied without hierarchy; create target already exists,1,,BS Account,,Description,,,BS Account.Description,attribute::BS Account::BS Account::Description
TI,semantic::ti::dimupdate - bs account::CREATES_ATTRIBUTE::attribute::bs account.g/l account type,SEMANTIC_KEY,1,1,CREATES_ATTRIBUTE,ATTRIBUTE_CATALOG_DEFERRED,ATTRIBUTE,EXISTING_CREATE_TARGET,Dimension and target name were supplied without hierarchy; create target already exists,1,,BS Account,,G/L Account Type,,,BS Account.G/L Account Type,attribute::BS Account::BS Account::G/L Account Type
TI,semantic::ti::dimupdate - bs account::CREATES_ATTRIBUTE::attribute::bs account.g/l acct,SEMANTIC_KEY,1,1,CREATES_ATTRIBUTE,ATTRIBUTE_CATALOG_DEFERRED,ATTRIBUTE,EXISTING_CREATE_TARGET,Dimension and target name were supplied without hierarchy; create target already exists,1,,BS Account,,G/L Acct,,,BS Account.G/L Acct,attribute::BS Account::BS Account::G/L Acct
TI,semantic::ti::dimupdate - bs account::CREATES_ATTRIBUTE::attribute::bs account.group acct,SEMANTIC_KEY,1,1,CREATES_ATTRIBUTE,ATTRIBUTE_CATALOG_DEFERRED,ATTRIBUTE,EXISTING_CREATE_TARGET,Dimension and target name were supplied without hierarchy; create target already exists,1,,BS Account,,Group Acct,,,BS Account.Group Acct,attribute::BS Account::BS Account::Group Acct
TI,semantic::ti::dimupdate - bs account::CREATES_ATTRIBUTE::attribute::bs account.short description,SEMANTIC_KEY,1,1,CREATES_ATTRIBUTE,ATTRIBUTE_CATALOG_DEFERRED,ATTRIBUTE,EXISTING_CREATE_TARGET,Dimension and target name were supplied without hierarchy; create target already exists,1,,BS Account,,Short Description,,,BS Account.Short Description,attribute::BS Account::BS Account::Short Description
TI,semantic::ti::dimupdate - company - sap hierarchy::CREATES_ATTRIBUTE::attribute::company.parent,SEMANTIC_KEY,1,1,CREATES_ATTRIBUTE,ATTRIBUTE_CATALOG_DEFERRED,ATTRIBUTE,EXISTING_CREATE_TARGET,Dimension and target name were supplied without hierarchy; create target already exists,1,,Company,,Parent,,,Company.Parent,attribute::Company::Company::Parent
TI,semantic::ti::dimupdate - company::CREATES_ATTRIBUTE::attribute::company.address,SEMANTIC_KEY,1,1,CREATES_ATTRIBUTE,ATTRIBUTE_CATALOG_DEFERRED,ATTRIBUTE,EXISTING_CREATE_TARGET,Dimension and target name were supplied without hierarchy; create target already exists,1,,Company,,Address,,,Company.Address,attribute::Company::Company::Address
TI,semantic::ti::dimupdate - company::CREATES_ATTRIBUTE::attribute::company.c/r,SEMANTIC_KEY,1,1,CREATES_ATTRIBUTE,ATTRIBUTE_CATALOG_DEFERRED,ATTRIBUTE,EXISTING_CREATE_TARGET,Dimension and target name were supplied without hierarchy; create target already exists,1,,Company,,C/R,,,Company.C/R,attribute::Company::Company::C/R
TI,semantic::ti::dimupdate - company::CREATES_ATTRIBUTE::attribute::company.caption,SEMANTIC_KEY,1,1,CREATES_ATTRIBUTE,ATTRIBUTE_CATALOG_DEFERRED,ATTRIBUTE,EXISTING_CREATE_TARGET,Dimension and target name were supplied without hierarchy; create target already exists,1,,Company,,CAPTION,,,Company.CAPTION,attribute::Company::Company::CAPTION
TI,semantic::ti::dimupdate - company::CREATES_ATTRIBUTE::attribute::company.city,SEMANTIC_KEY,1,1,CREATES_ATTRIBUTE,ATTRIBUTE_CATALOG_DEFERRED,ATTRIBUTE,EXISTING_CREATE_TARGET,Dimension and target name were supplied without hierarchy; create target already exists,1,,Company,,City,,,Company.City,attribute::Company::Company::City
TI,semantic::ti::dimupdate - company::CREATES_ATTRIBUTE::attribute::company.crcy,SEMANTIC_KEY,1,1,CREATES_ATTRIBUTE,ATTRIBUTE_CATALOG_DEFERRED,ATTRIBUTE,EXISTING_CREATE_TARGET,Dimension and target name were supplied without hierarchy; create target already exists,1,,Company,,Crcy,,,Company.Crcy,attribute::Company::Company::Crcy
TI,semantic::ti::dimupdate - company::CREATES_ATTRIBUTE::attribute::company.description,SEMANTIC_KEY,1,1,CREATES_ATTRIBUTE,ATTRIBUTE_CATALOG_DEFERRED,ATTRIBUTE,EXISTING_CREATE_TARGET,Dimension and target name were supplied without hierarchy; create target already exists,1,,Company,,Description,,,Company.Description,attribute::Company::Company::Description
TI,semantic::ti::dimupdate - cost center::CREATES_ATTRIBUTE::attribute::cost center.c/r,SEMANTIC_KEY,1,1,CREATES_ATTRIBUTE,ATTRIBUTE_CATALOG_DEFERRED,ATTRIBUTE,EXISTING_CREATE_TARGET,Dimension and target name were supplied without hierarchy; create target already exists,1,,Cost Center,,C/R,,,Cost Center.C/R,attribute::Cost Center::Cost Center::C/R
TI,semantic::ti::dimupdate - cost center::CREATES_ATTRIBUTE::attribute::cost center.caption,SEMANTIC_KEY,1,1,CREATES_ATTRIBUTE,ATTRIBUTE_CATALOG_DEFERRED,ATTRIBUTE,EXISTING_CREATE_TARGET,Dimension and target name were supplied without hierarchy; create target already exists,1,,Cost Center,,CAPTION,,,Cost Center.CAPTION,attribute::Cost Center::Cost Center::CAPTION
TI,semantic::ti::dimupdate - cost center::CREATES_ATTRIBUTE::attribute::cost center.cctc,SEMANTIC_KEY,1,1,CREATES_ATTRIBUTE,ATTRIBUTE_CATALOG_DEFERRED,ATTRIBUTE,EXISTING_CREATE_TARGET,Dimension and target name were supplied without hierarchy; create target already exists,1,,Cost Center,,CCtC,,,Cost Center.CCtC,attribute::Cost Center::Cost Center::CCtC
TI,semantic::ti::dimupdate - cost center::CREATES_ATTRIBUTE::attribute::cost center.city,SEMANTIC_KEY,1,1,CREATES_ATTRIBUTE,ATTRIBUTE_CATALOG_DEFERRED,ATTRIBUTE,EXISTING_CREATE_TARGET,Dimension and target name were supplied without hierarchy; create target already exists,1,,Cost Center,,City,,,Cost Center.City,attribute::Cost Center::Cost Center::City
TI,semantic::ti::dimupdate - cost center::CREATES_ATTRIBUTE::attribute::cost center.cocd,SEMANTIC_KEY,1,1,CREATES_ATTRIBUTE,ATTRIBUTE_CATALOG_DEFERRED,ATTRIBUTE,EXISTING_CREATE_TARGET,Dimension and target name were supplied without hierarchy; create target already exists,1,,Cost Center,,CoCd,,,Cost Center.CoCd,attribute::Cost Center::Cost Center::CoCd
TI,semantic::ti::dimupdate - cost center::CREATES_ATTRIBUTE::attribute::cost center.controlling area,SEMANTIC_KEY,1,1,CREATES_ATTRIBUTE,ATTRIBUTE_CATALOG_DEFERRED,ATTRIBUTE,EXISTING_CREATE_TARGET,Dimension and target name were supplied without hierarchy; create target already exists,1,,Cost Center,,Controlling Area,,,Cost Center.Controlling Area,attribute::Cost Center::Cost Center::Controlling Area
TI,semantic::ti::dimupdate - cost center::CREATES_ATTRIBUTE::attribute::cost center.cost ctr,SEMANTIC_KEY,1,1,CREATES_ATTRIBUTE,ATTRIBUTE_CATALOG_DEFERRED,ATTRIBUTE,EXISTING_CREATE_TARGET,Dimension and target name were supplied without hierarchy; create target already exists,1,,Cost Center,,Cost Ctr,,,Cost Center.Cost Ctr,attribute::Cost Center::Cost Center::Cost Ctr
TI,semantic::ti::dimupdate - cost center::CREATES_ATTRIBUTE::attribute::cost center.cur,SEMANTIC_KEY,1,1,CREATES_ATTRIBUTE,ATTRIBUTE_CATALOG_DEFERRED,ATTRIBUTE,EXISTING_CREATE_TARGET,Dimension and target name were supplied without hierarchy; create target already exists,1,,Cost Center,,Cur,,,Cost Center.Cur,attribute::Cost Center::Cost Center::Cur
TI,semantic::ti::dimupdate - cost center::CREATES_ATTRIBUTE::attribute::cost center.department,SEMANTIC_KEY,1,1,CREATES_ATTRIBUTE,ATTRIBUTE_CATALOG_DEFERRED,ATTRIBUTE,EXISTING_CREATE_TARGET,Dimension and target name were supplied without hierarchy; create target already exists,1,,Cost Center,,Department,,,Cost Center.Department,attribute::Cost Center::Cost Center::Department
TI,semantic::ti::dimupdate - cost center::CREATES_ATTRIBUTE::attribute::cost center.description,SEMANTIC_KEY,1,1,CREATES_ATTRIBUTE,ATTRIBUTE_CATALOG_DEFERRED,ATTRIBUTE,EXISTING_CREATE_TARGET,Dimension and target name were supplied without hierarchy; create target already exists,1,,Cost Center,,Description,,,Cost Center.Description,attribute::Cost Center::Cost Center::Description
TI,semantic::ti::dimupdate - cost center::CREATES_ATTRIBUTE::attribute::cost center.district,SEMANTIC_KEY,1,1,CREATES_ATTRIBUTE,ATTRIBUTE_CATALOG_DEFERRED,ATTRIBUTE,EXISTING_CREATE_TARGET,Dimension and target name were supplied without hierarchy; create target already exists,1,,Cost Center,,District,,,Cost Center.District,attribute::Cost Center::Cost Center::District
TI,semantic::ti::dimupdate - cost center::CREATES_ATTRIBUTE::attribute::cost center.functional area,SEMANTIC_KEY,1,1,CREATES_ATTRIBUTE,ATTRIBUTE_CATALOG_DEFERRED,ATTRIBUTE,EXISTING_CREATE_TARGET,Dimension and target name were supplied without hierarchy; create target already exists,1,,Cost Center,,Functional Area,,,Cost Center.Functional Area,attribute::Cost Center::Cost Center::Functional Area
TI,semantic::ti::dimupdate - cost center::CREATES_ATTRIBUTE::attribute::cost center.hierarchy area,SEMANTIC_KEY,1,1,CREATES_ATTRIBUTE,ATTRIBUTE_CATALOG_DEFERRED,ATTRIBUTE,EXISTING_CREATE_TARGET,Dimension and target name were supplied without hierarchy; create target already exists,1,,Cost Center,,Hierarchy Area,,,Cost Center.Hierarchy Area,attribute::Cost Center::Cost Center::Hierarchy Area
TI,semantic::ti::dimupdate - cost center::CREATES_ATTRIBUTE::attribute::cost center.lock indicator,SEMANTIC_KEY,1,1,CREATES_ATTRIBUTE,ATTRIBUTE_CATALOG_DEFERRED,ATTRIBUTE,EXISTING_CREATE_TARGET,Dimension and target name were supplied without hierarchy; create target already exists,1,,Cost Center,,Lock Indicator,,,Cost Center.Lock Indicator,attribute::Cost Center::Cost Center::Lock Indicator
TI,semantic::ti::dimupdate - cost center::CREATES_ATTRIBUTE::attribute::cost center.name,SEMANTIC_KEY,1,1,CREATES_ATTRIBUTE,ATTRIBUTE_CATALOG_DEFERRED,ATTRIBUTE,EXISTING_CREATE_TARGET,Dimension and target name were supplied without hierarchy; create target already exists,1,,Cost Center,,Name,,,Cost Center.Name,attribute::Cost Center::Cost Center::Name
TI,semantic::ti::dimupdate - cost center::CREATES_ATTRIBUTE::attribute::cost center.name 1,SEMANTIC_KEY,1,1,CREATES_ATTRIBUTE,ATTRIBUTE_CATALOG_DEFERRED,ATTRIBUTE,EXISTING_CREATE_TARGET,Dimension and target name were supplied without hierarchy; create target already exists,1,,Cost Center,,Name 1,,,Cost Center.Name 1,attribute::Cost Center::Cost Center::Name 1
TI,semantic::ti::dimupdate - cost center::CREATES_ATTRIBUTE::attribute::cost center.name 2,SEMANTIC_KEY,1,1,CREATES_ATTRIBUTE,ATTRIBUTE_CATALOG_DEFERRED,ATTRIBUTE,EXISTING_CREATE_TARGET,Dimension and target name were supplied without hierarchy; create target already exists,1,,Cost Center,,Name 2,,,Cost Center.Name 2,attribute::Cost Center::Cost Center::Name 2
TI,semantic::ti::dimupdate - cost center::CREATES_ATTRIBUTE::attribute::cost center.person responsible,SEMANTIC_KEY,1,1,CREATES_ATTRIBUTE,ATTRIBUTE_CATALOG_DEFERRED,ATTRIBUTE,EXISTING_CREATE_TARGET,Dimension and target name were supplied without hierarchy; create target already exists,1,,Cost Center,,Person Responsible,,,Cost Center.Person Responsible,attribute::Cost Center::Cost Center::Person Responsible
TI,semantic::ti::dimupdate - cost center::CREATES_ATTRIBUTE::attribute::cost center.po box,SEMANTIC_KEY,1,1,CREATES_ATTRIBUTE,ATTRIBUTE_CATALOG_DEFERRED,ATTRIBUTE,EXISTING_CREATE_TARGET,Dimension and target name were supplied without hierarchy; create target already exists,1,,Cost Center,,PO Box,,,Cost Center.PO Box,attribute::Cost Center::Cost Center::PO Box
TI,semantic::ti::dimupdate - cost center::CREATES_ATTRIBUTE::attribute::cost center.po box pcd,SEMANTIC_KEY,1,1,CREATES_ATTRIBUTE,ATTRIBUTE_CATALOG_DEFERRED,ATTRIBUTE,EXISTING_CREATE_TARGET,Dimension and target name were supplied without hierarchy; create target already exists,1,,Cost Center,,PO Box pcd,,,Cost Center.PO Box pcd,attribute::Cost Center::Cost Center::PO Box pcd
TI,semantic::ti::dimupdate - cost center::CREATES_ATTRIBUTE::attribute::cost center.postalcode,SEMANTIC_KEY,1,1,CREATES_ATTRIBUTE,ATTRIBUTE_CATALOG_DEFERRED,ATTRIBUTE,EXISTING_CREATE_TARGET,Dimension and target name were supplied without hierarchy; create target already exists,1,,Cost Center,,PostalCode,,,Cost Center.PostalCode,attribute::Cost Center::Cost Center::PostalCode
TI,semantic::ti::dimupdate - cost center::CREATES_ATTRIBUTE::attribute::cost center.profit ctr,SEMANTIC_KEY,1,1,CREATES_ATTRIBUTE,ATTRIBUTE_CATALOG_DEFERRED,ATTRIBUTE,EXISTING_CREATE_TARGET,Dimension and target name were supplied without hierarchy; create target already exists,1,,Cost Center,,Profit Ctr,,,Cost Center.Profit Ctr,attribute::Cost Center::Cost Center::Profit Ctr
TI,semantic::ti::dimupdate - cost center::CREATES_ATTRIBUTE::attribute::cost center.rg,SEMANTIC_KEY,1,1,CREATES_ATTRIBUTE,ATTRIBUTE_CATALOG_DEFERRED,ATTRIBUTE,EXISTING_CREATE_TARGET,Dimension and target name were supplied without hierarchy; create target already exists,1,,Cost Center,,Rg,,,Cost Center.Rg,attribute::Cost Center::Cost Center::Rg
TI,semantic::ti::dimupdate - cost center::CREATES_ATTRIBUTE::attribute::cost center.street,SEMANTIC_KEY,1,1,CREATES_ATTRIBUTE,ATTRIBUTE_CATALOG_DEFERRED,ATTRIBUTE,EXISTING_CREATE_TARGET,Dimension and target name were supplied without hierarchy; create target already exists,1,,Cost Center,,Street,,,Cost Center.Street,attribute::Cost Center::Cost Center::Street
TI,semantic::ti::dimupdate - cost center::CREATES_ATTRIBUTE::attribute::cost center.tax jurisdiction,SEMANTIC_KEY,1,1,CREATES_ATTRIBUTE,ATTRIBUTE_CATALOG_DEFERRED,ATTRIBUTE,EXISTING_CREATE_TARGET,Dimension and target name were supplied without hierarchy; create target already exists,1,,Cost Center,,Tax Jurisdiction,,,Cost Center.Tax Jurisdiction,attribute::Cost Center::Cost Center::Tax Jurisdiction
TI,semantic::ti::dimupdate - cost center::CREATES_ATTRIBUTE::attribute::cost center.valid from,SEMANTIC_KEY,1,1,CREATES_ATTRIBUTE,ATTRIBUTE_CATALOG_DEFERRED,ATTRIBUTE,EXISTING_CREATE_TARGET,Dimension and target name were supplied without hierarchy; create target already exists,1,,Cost Center,,Valid From,,,Cost Center.Valid From,attribute::Cost Center::Cost Center::Valid From
TI,semantic::ti::dimupdate - cost center::CREATES_ATTRIBUTE::attribute::cost center.valid to,SEMANTIC_KEY,1,1,CREATES_ATTRIBUTE,ATTRIBUTE_CATALOG_DEFERRED,ATTRIBUTE,EXISTING_CREATE_TARGET,Dimension and target name were supplied without hierarchy; create target already exists,1,,Cost Center,,Valid To,,,Cost Center.Valid To,attribute::Cost Center::Cost Center::Valid To
TI,semantic::ti::dimupdate - customer - hierarchy::CREATES_ATTRIBUTE::attribute::customer.parent account,SEMANTIC_KEY,1,1,CREATES_ATTRIBUTE,ATTRIBUTE_CATALOG_DEFERRED,ATTRIBUTE,EXISTING_CREATE_TARGET,Dimension and target name were supplied without hierarchy; create target already exists,1,,Customer,,Parent Account,,,Customer.Parent Account,attribute::Customer::Customer::Parent Account
TI,semantic::ti::dimupdate - functional area::CREATES_ATTRIBUTE::attribute::functional area.caption,SEMANTIC_KEY,1,1,CREATES_ATTRIBUTE,ATTRIBUTE_CATALOG_DEFERRED,ATTRIBUTE,EXISTING_CREATE_TARGET,Dimension and target name were supplied without hierarchy; create target already exists,1,,Functional Area,,CAPTION,,,Functional Area.CAPTION,attribute::Functional Area::Functional Area::CAPTION
TI,semantic::ti::dimupdate - functional area::CREATES_ATTRIBUTE::attribute::functional area.description,SEMANTIC_KEY,1,1,CREATES_ATTRIBUTE,ATTRIBUTE_CATALOG_DEFERRED,ATTRIBUTE,EXISTING_CREATE_TARGET,Dimension and target name were supplied without hierarchy; create target already exists,1,,Functional Area,,Description,,,Functional Area.Description,attribute::Functional Area::Functional Area::Description
TI,semantic::ti::dimupdate - functional area::CREATES_ATTRIBUTE::attribute::functional area.functional area,SEMANTIC_KEY,1,1,CREATES_ATTRIBUTE,ATTRIBUTE_CATALOG_DEFERRED,ATTRIBUTE,EXISTING_CREATE_TARGET,Dimension and target name were supplied without hierarchy; create target already exists,1,,Functional Area,,Functional Area,,,Functional Area.Functional Area,attribute::Functional Area::Functional Area::Functional Area
TI,semantic::ti::dimupdate - gl_account::CREATES_ATTRIBUTE::attribute::gl_account.acgp,SEMANTIC_KEY,1,1,CREATES_ATTRIBUTE,ATTRIBUTE_CATALOG_DEFERRED,ATTRIBUTE,EXISTING_CREATE_TARGET,Dimension and target name were supplied without hierarchy; create target already exists,1,,GL_Account,,AcGp,,,GL_Account.AcGp,attribute::GL_Account::GL_Account::AcGp
TI,semantic::ti::dimupdate - gl_account::CREATES_ATTRIBUTE::attribute::gl_account.caption,SEMANTIC_KEY,1,1,CREATES_ATTRIBUTE,ATTRIBUTE_CATALOG_DEFERRED,ATTRIBUTE,EXISTING_CREATE_TARGET,Dimension and target name were supplied without hierarchy; create target already exists,1,,GL_Account,,CAPTION,,,GL_Account.CAPTION,attribute::GL_Account::GL_Account::CAPTION
TI,semantic::ti::dimupdate - gl_account::CREATES_ATTRIBUTE::attribute::gl_account.gl account name,SEMANTIC_KEY,1,1,CREATES_ATTRIBUTE,ATTRIBUTE_CATALOG_DEFERRED,ATTRIBUTE,EXISTING_CREATE_TARGET,Dimension and target name were supplied without hierarchy; create target already exists,1,,GL_Account,,GL Account Name,,,GL_Account.GL Account Name,attribute::GL_Account::GL_Account::GL Account Name
TI,semantic::ti::dimupdate - gl_account::CREATES_ATTRIBUTE::attribute::gl_account.gl account type,SEMANTIC_KEY,1,1,CREATES_ATTRIBUTE,ATTRIBUTE_CATALOG_DEFERRED,ATTRIBUTE,EXISTING_CREATE_TARGET,Dimension and target name were supplied without hierarchy; create target already exists,1,,GL_Account,,GL Account Type,,,GL_Account.GL Account Type,attribute::GL_Account::GL_Account::GL Account Type
TI,semantic::ti::dimupdate - gl_account::CREATES_ATTRIBUTE::attribute::gl_account.group acct,SEMANTIC_KEY,1,1,CREATES_ATTRIBUTE,ATTRIBUTE_CATALOG_DEFERRED,ATTRIBUTE,EXISTING_CREATE_TARGET,Dimension and target name were supplied without hierarchy; create target already exists,1,,GL_Account,,Group Acct,,,GL_Account.Group Acct,attribute::GL_Account::GL_Account::Group Acct
TI,semantic::ti::dimupdate - gl_account::CREATES_ATTRIBUTE::attribute::gl_account.short text,SEMANTIC_KEY,1,1,CREATES_ATTRIBUTE,ATTRIBUTE_CATALOG_DEFERRED,ATTRIBUTE,EXISTING_CREATE_TARGET,Dimension and target name were supplied without hierarchy; create target already exists,1,,GL_Account,,Short Text,,,GL_Account.Short Text,attribute::GL_Account::GL_Account::Short Text
TI,semantic::ti::dimupdate - gl_account::CREATES_ATTRIBUTE::attribute::gl_account.trprt,SEMANTIC_KEY,1,1,CREATES_ATTRIBUTE,ATTRIBUTE_CATALOG_DEFERRED,ATTRIBUTE,EXISTING_CREATE_TARGET,Dimension and target name were supplied without hierarchy; create target already exists,1,,GL_Account,,TrPrt,,,GL_Account.TrPrt,attribute::GL_Account::GL_Account::TrPrt
TI,semantic::ti::dimupdate - glenn springs order::CREATES_ATTRIBUTE::attribute::glenn springs order.caption,SEMANTIC_KEY,1,1,CREATES_ATTRIBUTE,ATTRIBUTE_CATALOG_DEFERRED,ATTRIBUTE,EXISTING_CREATE_TARGET,Dimension and target name were supplied without hierarchy; create target already exists,1,,Glenn Springs Order,,CAPTION,,,Glenn Springs Order.CAPTION,attribute::Glenn Springs Order::Glenn Springs Order::CAPTION
TI,semantic::ti::dimupdate - glenn springs order::CREATES_ATTRIBUTE::attribute::glenn springs order.change date,SEMANTIC_KEY,1,1,CREATES_ATTRIBUTE,ATTRIBUTE_CATALOG_DEFERRED,ATTRIBUTE,EXISTING_CREATE_TARGET,Dimension and target name were supplied without hierarchy; create target already exists,1,,Glenn Springs Order,,Change Date,,,Glenn Springs Order.Change Date,attribute::Glenn Springs Order::Glenn Springs Order::Change Date
TI,semantic::ti::dimupdate - glenn springs order::CREATES_ATTRIBUTE::attribute::glenn springs order.cocd,SEMANTIC_KEY,1,1,CREATES_ATTRIBUTE,ATTRIBUTE_CATALOG_DEFERRED,ATTRIBUTE,EXISTING_CREATE_TARGET,Dimension and target name were supplied without hierarchy; create target already exists,1,,Glenn Springs Order,,CoCd,,,Glenn Springs Order.CoCd,attribute::Glenn Springs Order::Glenn Springs Order::CoCd
TI,semantic::ti::dimupdate - glenn springs order::CREATES_ATTRIBUTE::attribute::glenn springs order.company description,SEMANTIC_KEY,1,1,CREATES_ATTRIBUTE,ATTRIBUTE_CATALOG_DEFERRED,ATTRIBUTE,EXISTING_CREATE_TARGET,Dimension and target name were supplied without hierarchy; create target already exists,1,,Glenn Springs Order,,Company Description,,,Glenn Springs Order.Company Description,attribute::Glenn Springs Order::Glenn Springs Order::Company Description
TI,semantic::ti::dimupdate - glenn springs order::CREATES_ATTRIBUTE::attribute::glenn springs order.cost collector key,SEMANTIC_KEY,1,1,CREATES_ATTRIBUTE,ATTRIBUTE_CATALOG_DEFERRED,ATTRIBUTE,EXISTING_CREATE_TARGET,Dimension and target name were supplied without hierarchy; create target already exists,1,,Glenn Springs Order,,Cost Collector Key,,,Glenn Springs Order.Cost Collector Key,attribute::Glenn Springs Order::Glenn Springs Order::Cost Collector Key
TI,semantic::ti::dimupdate - glenn springs order::CREATES_ATTRIBUTE::attribute::glenn springs order.crcy,SEMANTIC_KEY,1,1,CREATES_ATTRIBUTE,ATTRIBUTE_CATALOG_DEFERRED,ATTRIBUTE,EXISTING_CREATE_TARGET,Dimension and target name were supplied without hierarchy; create target already exists,1,,Glenn Springs Order,,Crcy,,,Glenn Springs Order.Crcy,attribute::Glenn Springs Order::Glenn Springs Order::Crcy
TI,semantic::ti::dimupdate - glenn springs order::CREATES_ATTRIBUTE::attribute::glenn springs order.created on,SEMANTIC_KEY,1,1,CREATES_ATTRIBUTE,ATTRIBUTE_CATALOG_DEFERRED,ATTRIBUTE,EXISTING_CREATE_TARGET,Dimension and target name were supplied without hierarchy; create target already exists,1,,Glenn Springs Order,,Created On,,,Glenn Springs Order.Created On,attribute::Glenn Springs Order::Glenn Springs Order::Created On
TI,semantic::ti::dimupdate - glenn springs order::CREATES_ATTRIBUTE::attribute::glenn springs order.description,SEMANTIC_KEY,1,1,CREATES_ATTRIBUTE,ATTRIBUTE_CATALOG_DEFERRED,ATTRIBUTE,EXISTING_CREATE_TARGET,Dimension and target name were supplied without hierarchy; create target already exists,1,,Glenn Springs Order,,Description,,,Glenn Springs Order.Description,attribute::Glenn Springs Order::Glenn Springs Order::Description
TI,semantic::ti::dimupdate - glenn springs order::CREATES_ATTRIBUTE::attribute::glenn springs order.legacy,SEMANTIC_KEY,1,1,CREATES_ATTRIBUTE,ATTRIBUTE_CATALOG_DEFERRED,ATTRIBUTE,EXISTING_CREATE_TARGET,Dimension and target name were supplied without hierarchy; create target already exists,1,,Glenn Springs Order,,Legacy,,,Glenn Springs Order.Legacy,attribute::Glenn Springs Order::Glenn Springs Order::Legacy
TI,semantic::ti::dimupdate - glenn springs order::CREATES_ATTRIBUTE::attribute::glenn springs order.object number,SEMANTIC_KEY,1,1,CREATES_ATTRIBUTE,ATTRIBUTE_CATALOG_DEFERRED,ATTRIBUTE,EXISTING_CREATE_TARGET,Dimension and target name were supplied without hierarchy; create target already exists,1,,Glenn Springs Order,,Object Number,,,Glenn Springs Order.Object Number,attribute::Glenn Springs Order::Glenn Springs Order::Object Number
TI,semantic::ti::dimupdate - glenn springs order::CREATES_ATTRIBUTE::attribute::glenn springs order.order,SEMANTIC_KEY,1,1,CREATES_ATTRIBUTE,ATTRIBUTE_CATALOG_DEFERRED,ATTRIBUTE,EXISTING_CREATE_TARGET,Dimension and target name were supplied without hierarchy; create target already exists,1,,Glenn Springs Order,,Order,,,Glenn Springs Order.Order,attribute::Glenn Springs Order::Glenn Springs Order::Order
TI,semantic::ti::dimupdate - glenn springs order::CREATES_ATTRIBUTE::attribute::glenn springs order.order adj,SEMANTIC_KEY,1,1,CREATES_ATTRIBUTE,ATTRIBUTE_CATALOG_DEFERRED,ATTRIBUTE,EXISTING_CREATE_TARGET,Dimension and target name were supplied without hierarchy; create target already exists,1,,Glenn Springs Order,,Order Adj,,,Glenn Springs Order.Order Adj,attribute::Glenn Springs Order::Glenn Springs Order::Order Adj
TI,semantic::ti::dimupdate - glenn springs order::CREATES_ATTRIBUTE::attribute::glenn springs order.plant,SEMANTIC_KEY,1,1,CREATES_ATTRIBUTE,ATTRIBUTE_CATALOG_DEFERRED,ATTRIBUTE,EXISTING_CREATE_TARGET,Dimension and target name were supplied without hierarchy; create target already exists,1,,Glenn Springs Order,,Plant,,,Glenn Springs Order.Plant,attribute::Glenn Springs Order::Glenn Springs Order::Plant
TI,semantic::ti::dimupdate - glenn springs order::CREATES_ATTRIBUTE::attribute::glenn springs order.profit ctr,SEMANTIC_KEY,1,1,CREATES_ATTRIBUTE,ATTRIBUTE_CATALOG_DEFERRED,ATTRIBUTE,EXISTING_CREATE_TARGET,Dimension and target name were supplied without hierarchy; create target already exists,1,,Glenn Springs Order,,Profit Ctr,,,Glenn Springs Order.Profit Ctr,attribute::Glenn Springs Order::Glenn Springs Order::Profit Ctr
TI,semantic::ti::dimupdate - glenn springs order::CREATES_ATTRIBUTE::attribute::glenn springs order.type,SEMANTIC_KEY,1,1,CREATES_ATTRIBUTE,ATTRIBUTE_CATALOG_DEFERRED,ATTRIBUTE,EXISTING_CREATE_TARGET,Dimension and target name were supplied without hierarchy; create target already exists,1,,Glenn Springs Order,,Type,,,Glenn Springs Order.Type,attribute::Glenn Springs Order::Glenn Springs Order::Type
TI,semantic::ti::dimupdate - glenn springs order::CREATES_ATTRIBUTE::attribute::glenn springs order.wbs element,SEMANTIC_KEY,1,1,CREATES_ATTRIBUTE,ATTRIBUTE_CATALOG_DEFERRED,ATTRIBUTE,EXISTING_CREATE_TARGET,Dimension and target name were supplied without hierarchy; create target already exists,1,,Glenn Springs Order,,WBS Element,,,Glenn Springs Order.WBS Element,attribute::Glenn Springs Order::Glenn Springs Order::WBS Element
TI,semantic::ti::dimupdate - kalnr::CREATES_ATTRIBUTE::attribute::kalnr.bklas,SEMANTIC_KEY,1,1,CREATES_ATTRIBUTE,ATTRIBUTE_CATALOG_DEFERRED,ATTRIBUTE,EXISTING_CREATE_TARGET,Dimension and target name were supplied without hierarchy; create target already exists,1,,KALNR,,BKLAS,,,KALNR.BKLAS,attribute::KALNR::KALNR::BKLAS
TI,semantic::ti::dimupdate - kalnr::CREATES_ATTRIBUTE::attribute::kalnr.bwtar,SEMANTIC_KEY,1,1,CREATES_ATTRIBUTE,ATTRIBUTE_CATALOG_DEFERRED,ATTRIBUTE,EXISTING_CREATE_TARGET,Dimension and target name were supplied without hierarchy; create target already exists,1,,KALNR,,BWTAR,,,KALNR.BWTAR,attribute::KALNR::KALNR::BWTAR
TI,semantic::ti::dimupdate - kalnr::CREATES_ATTRIBUTE::attribute::kalnr.material,SEMANTIC_KEY,1,1,CREATES_ATTRIBUTE,ATTRIBUTE_CATALOG_DEFERRED,ATTRIBUTE,EXISTING_CREATE_TARGET,Dimension and target name were supplied without hierarchy; create target already exists,1,,KALNR,,Material,,,KALNR.Material,attribute::KALNR::KALNR::Material
TI,semantic::ti::dimupdate - kalnr::CREATES_ATTRIBUTE::attribute::kalnr.meins,SEMANTIC_KEY,1,1,CREATES_ATTRIBUTE,ATTRIBUTE_CATALOG_DEFERRED,ATTRIBUTE,EXISTING_CREATE_TARGET,Dimension and target name were supplied without hierarchy; create target already exists,1,,KALNR,,MEINS,,,KALNR.MEINS,attribute::KALNR::KALNR::MEINS
TI,semantic::ti::dimupdate - kalnr::CREATES_ATTRIBUTE::attribute::kalnr.mtart,SEMANTIC_KEY,1,1,CREATES_ATTRIBUTE,ATTRIBUTE_CATALOG_DEFERRED,ATTRIBUTE,EXISTING_CREATE_TARGET,Dimension and target name were supplied without hierarchy; create target already exists,1,,KALNR,,MTART,,,KALNR.MTART,attribute::KALNR::KALNR::MTART
TI,semantic::ti::dimupdate - kalnr::CREATES_ATTRIBUTE::attribute::kalnr.plant,SEMANTIC_KEY,1,1,CREATES_ATTRIBUTE,ATTRIBUTE_CATALOG_DEFERRED,ATTRIBUTE,EXISTING_CREATE_TARGET,Dimension and target name were supplied without hierarchy; create target already exists,1,,KALNR,,Plant,,,KALNR.Plant,attribute::KALNR::KALNR::Plant
TI,semantic::ti::dimupdate - kalnr::CREATES_ATTRIBUTE::attribute::kalnr.profit center,SEMANTIC_KEY,1,1,CREATES_ATTRIBUTE,ATTRIBUTE_CATALOG_DEFERRED,ATTRIBUTE,EXISTING_CREATE_TARGET,Dimension and target name were supplied without hierarchy; create target already exists,1,,KALNR,,Profit Center,,,KALNR.Profit Center,attribute::KALNR::KALNR::Profit Center
TI,semantic::ti::dimupdate - kalnr::CREATES_ATTRIBUTE::attribute::kalnr.vprsv,SEMANTIC_KEY,1,1,CREATES_ATTRIBUTE,ATTRIBUTE_CATALOG_DEFERRED,ATTRIBUTE,EXISTING_CREATE_TARGET,Dimension and target name were supplied without hierarchy; create target already exists,1,,KALNR,,VPRSV,,,KALNR.VPRSV,attribute::KALNR::KALNR::VPRSV
TI,semantic::ti::dimupdate - material::CREATES_ATTRIBUTE::attribute::material.bun,SEMANTIC_KEY,1,1,CREATES_ATTRIBUTE,ATTRIBUTE_CATALOG_DEFERRED,ATTRIBUTE,EXISTING_CREATE_TARGET,Dimension and target name were supplied without hierarchy; create target already exists,1,,Material,,BUn,,,Material.BUn,attribute::Material::Material::BUn
TI,semantic::ti::dimupdate - material::CREATES_ATTRIBUTE::attribute::material.caption,SEMANTIC_KEY,1,1,CREATES_ATTRIBUTE,ATTRIBUTE_CATALOG_DEFERRED,ATTRIBUTE,EXISTING_CREATE_TARGET,Dimension and target name were supplied without hierarchy; create target already exists,1,,Material,,CAPTION,,,Material.CAPTION,attribute::Material::Material::CAPTION
TI,semantic::ti::dimupdate - material::CREATES_ATTRIBUTE::attribute::material.description,SEMANTIC_KEY,1,1,CREATES_ATTRIBUTE,ATTRIBUTE_CATALOG_DEFERRED,ATTRIBUTE,EXISTING_CREATE_TARGET,Dimension and target name were supplied without hierarchy; create target already exists,1,,Material,,Description,,,Material.Description,attribute::Material::Material::Description
TI,semantic::ti::dimupdate - material::CREATES_ATTRIBUTE::attribute::material.description (spanish),SEMANTIC_KEY,1,1,CREATES_ATTRIBUTE,ATTRIBUTE_CATALOG_DEFERRED,ATTRIBUTE,EXISTING_CREATE_TARGET,Dimension and target name were supplied without hierarchy; create target already exists,1,,Material,,Description (Spanish),,,Material.Description (Spanish),attribute::Material::Material::Description (Spanish)
TI,semantic::ti::dimupdate - material::CREATES_ATTRIBUTE::attribute::material.material,SEMANTIC_KEY,1,1,CREATES_ATTRIBUTE,ATTRIBUTE_CATALOG_DEFERRED,ATTRIBUTE,EXISTING_CREATE_TARGET,Dimension and target name were supplied without hierarchy; create target already exists,1,,Material,,Material,,,Material.Material,attribute::Material::Material::Material
TI,semantic::ti::dimupdate - material::CREATES_ATTRIBUTE::attribute::material.matl group,SEMANTIC_KEY,1,1,CREATES_ATTRIBUTE,ATTRIBUTE_CATALOG_DEFERRED,ATTRIBUTE,EXISTING_CREATE_TARGET,Dimension and target name were supplied without hierarchy; create target already exists,1,,Material,,Matl Group,,,Material.Matl Group,attribute::Material::Material::Matl Group
TI,semantic::ti::dimupdate - material::CREATES_ATTRIBUTE::attribute::material.old material,SEMANTIC_KEY,1,1,CREATES_ATTRIBUTE,ATTRIBUTE_CATALOG_DEFERRED,ATTRIBUTE,EXISTING_CREATE_TARGET,Dimension and target name were supplied without hierarchy; create target already exists,1,,Material,,Old Material,,,Material.Old Material,attribute::Material::Material::Old Material
TI,semantic::ti::dimupdate - material::CREATES_ATTRIBUTE::attribute::material.product hierarchy,SEMANTIC_KEY,1,1,CREATES_ATTRIBUTE,ATTRIBUTE_CATALOG_DEFERRED,ATTRIBUTE,EXISTING_CREATE_TARGET,Dimension and target name were supplied without hierarchy; create target already exists,1,,Material,,Product Hierarchy,,,Material.Product Hierarchy,attribute::Material::Material::Product Hierarchy
TI,semantic::ti::dimupdate - material::CREATES_ATTRIBUTE::attribute::material.product hierarchy level 1,SEMANTIC_KEY,1,1,CREATES_ATTRIBUTE,ATTRIBUTE_CATALOG_DEFERRED,ATTRIBUTE,EXISTING_CREATE_TARGET,Dimension and target name were supplied without hierarchy; create target already exists,1,,Material,,Product Hierarchy Level 1,,,Material.Product Hierarchy Level 1,attribute::Material::Material::Product Hierarchy Level 1
TI,semantic::ti::dimupdate - material::CREATES_ATTRIBUTE::attribute::material.product hierarchy level 1 description,SEMANTIC_KEY,1,1,CREATES_ATTRIBUTE,ATTRIBUTE_CATALOG_DEFERRED,ATTRIBUTE,EXISTING_CREATE_TARGET,Dimension and target name were supplied without hierarchy; create target already exists,1,,Material,,Product Hierarchy Level 1 Description,,,Material.Product Hierarchy Level 1 Description,attribute::Material::Material::Product Hierarchy Level 1 Description
TI,semantic::ti::dimupdate - material::CREATES_ATTRIBUTE::attribute::material.product hierarchy level 2,SEMANTIC_KEY,1,1,CREATES_ATTRIBUTE,ATTRIBUTE_CATALOG_DEFERRED,ATTRIBUTE,EXISTING_CREATE_TARGET,Dimension and target name were supplied without hierarchy; create target already exists,1,,Material,,Product Hierarchy Level 2,,,Material.Product Hierarchy Level 2,attribute::Material::Material::Product Hierarchy Level 2
TI,semantic::ti::dimupdate - material::CREATES_ATTRIBUTE::attribute::material.product hierarchy level 2 description,SEMANTIC_KEY,1,1,CREATES_ATTRIBUTE,ATTRIBUTE_CATALOG_DEFERRED,ATTRIBUTE,EXISTING_CREATE_TARGET,Dimension and target name were supplied without hierarchy; create target already exists,1,,Material,,Product Hierarchy Level 2 Description,,,Material.Product Hierarchy Level 2 Description,attribute::Material::Material::Product Hierarchy Level 2 Description
TI,semantic::ti::dimupdate - material::CREATES_ATTRIBUTE::attribute::material.product hierarchy level 3,SEMANTIC_KEY,1,1,CREATES_ATTRIBUTE,ATTRIBUTE_CATALOG_DEFERRED,ATTRIBUTE,EXISTING_CREATE_TARGET,Dimension and target name were supplied without hierarchy; create target already exists,1,,Material,,Product Hierarchy Level 3,,,Material.Product Hierarchy Level 3,attribute::Material::Material::Product Hierarchy Level 3
TI,semantic::ti::dimupdate - material::CREATES_ATTRIBUTE::attribute::material.product hierarchy level 3 description,SEMANTIC_KEY,1,1,CREATES_ATTRIBUTE,ATTRIBUTE_CATALOG_DEFERRED,ATTRIBUTE,EXISTING_CREATE_TARGET,Dimension and target name were supplied without hierarchy; create target already exists,1,,Material,,Product Hierarchy Level 3 Description,,,Material.Product Hierarchy Level 3 Description,attribute::Material::Material::Product Hierarchy Level 3 Description
TI,semantic::ti::dimupdate - material::CREATES_ATTRIBUTE::attribute::material.product hierarchy level 4,SEMANTIC_KEY,1,1,CREATES_ATTRIBUTE,ATTRIBUTE_CATALOG_DEFERRED,ATTRIBUTE,EXISTING_CREATE_TARGET,Dimension and target name were supplied without hierarchy; create target already exists,1,,Material,,Product Hierarchy Level 4,,,Material.Product Hierarchy Level 4,attribute::Material::Material::Product Hierarchy Level 4
TI,semantic::ti::dimupdate - material::CREATES_ATTRIBUTE::attribute::material.product hierarchy level 4 description,SEMANTIC_KEY,1,1,CREATES_ATTRIBUTE,ATTRIBUTE_CATALOG_DEFERRED,ATTRIBUTE,EXISTING_CREATE_TARGET,Dimension and target name were supplied without hierarchy; create target already exists,1,,Material,,Product Hierarchy Level 4 Description,,,Material.Product Hierarchy Level 4 Description,attribute::Material::Material::Product Hierarchy Level 4 Description
TI,semantic::ti::dimupdate - order::CREATES_ATTRIBUTE::attribute::order.caption,SEMANTIC_KEY,1,1,CREATES_ATTRIBUTE,ATTRIBUTE_CATALOG_DEFERRED,ATTRIBUTE,EXISTING_CREATE_TARGET,Dimension and target name were supplied without hierarchy; create target already exists,1,,Order,,CAPTION,,,Order.CAPTION,attribute::Order::Order::CAPTION
TI,semantic::ti::dimupdate - order::CREATES_ATTRIBUTE::attribute::order.change date,SEMANTIC_KEY,1,1,CREATES_ATTRIBUTE,ATTRIBUTE_CATALOG_DEFERRED,ATTRIBUTE,EXISTING_CREATE_TARGET,Dimension and target name were supplied without hierarchy; create target already exists,1,,Order,,Change Date,,,Order.Change Date,attribute::Order::Order::Change Date
TI,semantic::ti::dimupdate - order::CREATES_ATTRIBUTE::attribute::order.cocd,SEMANTIC_KEY,1,1,CREATES_ATTRIBUTE,ATTRIBUTE_CATALOG_DEFERRED,ATTRIBUTE,EXISTING_CREATE_TARGET,Dimension and target name were supplied without hierarchy; create target already exists,1,,Order,,CoCd,,,Order.CoCd,attribute::Order::Order::CoCd
TI,semantic::ti::dimupdate - order::CREATES_ATTRIBUTE::attribute::order.cost collector key,SEMANTIC_KEY,1,1,CREATES_ATTRIBUTE,ATTRIBUTE_CATALOG_DEFERRED,ATTRIBUTE,EXISTING_CREATE_TARGET,Dimension and target name were supplied without hierarchy; create target already exists,1,,Order,,Cost Collector Key,,,Order.Cost Collector Key,attribute::Order::Order::Cost Collector Key
TI,semantic::ti::dimupdate - order::CREATES_ATTRIBUTE::attribute::order.crcy,SEMANTIC_KEY,1,1,CREATES_ATTRIBUTE,ATTRIBUTE_CATALOG_DEFERRED,ATTRIBUTE,EXISTING_CREATE_TARGET,Dimension and target name were supplied without hierarchy; create target already exists,1,,Order,,Crcy,,,Order.Crcy,attribute::Order::Order::Crcy
TI,semantic::ti::dimupdate - order::CREATES_ATTRIBUTE::attribute::order.created on,SEMANTIC_KEY,1,1,CREATES_ATTRIBUTE,ATTRIBUTE_CATALOG_DEFERRED,ATTRIBUTE,EXISTING_CREATE_TARGET,Dimension and target name were supplied without hierarchy; create target already exists,1,,Order,,Created On,,,Order.Created On,attribute::Order::Order::Created On
TI,semantic::ti::dimupdate - order::CREATES_ATTRIBUTE::attribute::order.description,SEMANTIC_KEY,1,1,CREATES_ATTRIBUTE,ATTRIBUTE_CATALOG_DEFERRED,ATTRIBUTE,EXISTING_CREATE_TARGET,Dimension and target name were supplied without hierarchy; create target already exists,1,,Order,,Description,,,Order.Description,attribute::Order::Order::Description
TI,semantic::ti::dimupdate - order::CREATES_ATTRIBUTE::attribute::order.object number,SEMANTIC_KEY,1,1,CREATES_ATTRIBUTE,ATTRIBUTE_CATALOG_DEFERRED,ATTRIBUTE,EXISTING_CREATE_TARGET,Dimension and target name were supplied without hierarchy; create target already exists,1,,Order,,Object Number,,,Order.Object Number,attribute::Order::Order::Object Number
TI,semantic::ti::dimupdate - order::CREATES_ATTRIBUTE::attribute::order.order,SEMANTIC_KEY,1,1,CREATES_ATTRIBUTE,ATTRIBUTE_CATALOG_DEFERRED,ATTRIBUTE,EXISTING_CREATE_TARGET,Dimension and target name were supplied without hierarchy; create target already exists,1,,Order,,Order,,,Order.Order,attribute::Order::Order::Order
TI,semantic::ti::dimupdate - order::CREATES_ATTRIBUTE::attribute::order.plant,SEMANTIC_KEY,1,1,CREATES_ATTRIBUTE,ATTRIBUTE_CATALOG_DEFERRED,ATTRIBUTE,EXISTING_CREATE_TARGET,Dimension and target name were supplied without hierarchy; create target already exists,1,,Order,,Plant,,,Order.Plant,attribute::Order::Order::Plant
TI,semantic::ti::dimupdate - order::CREATES_ATTRIBUTE::attribute::order.profit ctr,SEMANTIC_KEY,1,1,CREATES_ATTRIBUTE,ATTRIBUTE_CATALOG_DEFERRED,ATTRIBUTE,EXISTING_CREATE_TARGET,Dimension and target name were supplied without hierarchy; create target already exists,1,,Order,,Profit Ctr,,,Order.Profit Ctr,attribute::Order::Order::Profit Ctr
TI,semantic::ti::dimupdate - order::CREATES_ATTRIBUTE::attribute::order.type,SEMANTIC_KEY,1,1,CREATES_ATTRIBUTE,ATTRIBUTE_CATALOG_DEFERRED,ATTRIBUTE,EXISTING_CREATE_TARGET,Dimension and target name were supplied without hierarchy; create target already exists,1,,Order,,Type,,,Order.Type,attribute::Order::Order::Type
TI,semantic::ti::dimupdate - order::CREATES_ATTRIBUTE::attribute::order.wbs element,SEMANTIC_KEY,1,1,CREATES_ATTRIBUTE,ATTRIBUTE_CATALOG_DEFERRED,ATTRIBUTE,EXISTING_CREATE_TARGET,Dimension and target name were supplied without hierarchy; create target already exists,1,,Order,,WBS Element,,,Order.WBS Element,attribute::Order::Order::WBS Element
TI,semantic::ti::dimupdate - pl account::CREATES_ATTRIBUTE::attribute::pl account.acgp,SEMANTIC_KEY,1,1,CREATES_ATTRIBUTE,ATTRIBUTE_CATALOG_DEFERRED,ATTRIBUTE,EXISTING_CREATE_TARGET,Dimension and target name were supplied without hierarchy; create target already exists,1,,PL Account,,AcGp,,,PL Account.AcGp,attribute::PL Account::PL Account::AcGp
TI,semantic::ti::dimupdate - pl account::CREATES_ATTRIBUTE::attribute::pl account.caption,SEMANTIC_KEY,1,1,CREATES_ATTRIBUTE,ATTRIBUTE_CATALOG_DEFERRED,ATTRIBUTE,EXISTING_CREATE_TARGET,Dimension and target name were supplied without hierarchy; create target already exists,1,,PL Account,,CAPTION,,,PL Account.CAPTION,attribute::PL Account::PL Account::CAPTION
TI,semantic::ti::dimupdate - pl account::CREATES_ATTRIBUTE::attribute::pl account.description,SEMANTIC_KEY,1,1,CREATES_ATTRIBUTE,ATTRIBUTE_CATALOG_DEFERRED,ATTRIBUTE,EXISTING_CREATE_TARGET,Dimension and target name were supplied without hierarchy; create target already exists,1,,PL Account,,Description,,,PL Account.Description,attribute::PL Account::PL Account::Description
TI,semantic::ti::dimupdate - pl account::CREATES_ATTRIBUTE::attribute::pl account.g/l account type,SEMANTIC_KEY,1,1,CREATES_ATTRIBUTE,ATTRIBUTE_CATALOG_DEFERRED,ATTRIBUTE,EXISTING_CREATE_TARGET,Dimension and target name were supplied without hierarchy; create target already exists,1,,PL Account,,G/L Account Type,,,PL Account.G/L Account Type,attribute::PL Account::PL Account::G/L Account Type
TI,semantic::ti::dimupdate - pl account::CREATES_ATTRIBUTE::attribute::pl account.g/l acct,SEMANTIC_KEY,1,1,CREATES_ATTRIBUTE,ATTRIBUTE_CATALOG_DEFERRED,ATTRIBUTE,EXISTING_CREATE_TARGET,Dimension and target name were supplied without hierarchy; create target already exists,1,,PL Account,,G/L Acct,,,PL Account.G/L Acct,attribute::PL Account::PL Account::G/L Acct
TI,semantic::ti::dimupdate - pl account::CREATES_ATTRIBUTE::attribute::pl account.group acct,SEMANTIC_KEY,1,1,CREATES_ATTRIBUTE,ATTRIBUTE_CATALOG_DEFERRED,ATTRIBUTE,EXISTING_CREATE_TARGET,Dimension and target name were supplied without hierarchy; create target already exists,1,,PL Account,,Group Acct,,,PL Account.Group Acct,attribute::PL Account::PL Account::Group Acct
TI,semantic::ti::dimupdate - pl account::CREATES_ATTRIBUTE::attribute::pl account.short description,SEMANTIC_KEY,1,1,CREATES_ATTRIBUTE,ATTRIBUTE_CATALOG_DEFERRED,ATTRIBUTE,EXISTING_CREATE_TARGET,Dimension and target name were supplied without hierarchy; create target already exists,1,,PL Account,,Short Description,,,PL Account.Short Description,attribute::PL Account::PL Account::Short Description
TI,semantic::ti::dimupdate - plant::CREATES_ATTRIBUTE::attribute::plant.address,SEMANTIC_KEY,1,1,CREATES_ATTRIBUTE,ATTRIBUTE_CATALOG_DEFERRED,ATTRIBUTE,EXISTING_CREATE_TARGET,Dimension and target name were supplied without hierarchy; create target already exists,1,,Plant,,Address,,,Plant.Address,attribute::Plant::Plant::Address
TI,semantic::ti::dimupdate - plant::CREATES_ATTRIBUTE::attribute::plant.alt description,SEMANTIC_KEY,1,1,CREATES_ATTRIBUTE,ATTRIBUTE_CATALOG_DEFERRED,ATTRIBUTE,EXISTING_CREATE_TARGET,Dimension and target name were supplied without hierarchy; create target already exists,1,,Plant,,Alt Description,,,Plant.Alt Description,attribute::Plant::Plant::Alt Description
TI,semantic::ti::dimupdate - plant::CREATES_ATTRIBUTE::attribute::plant.c/r,SEMANTIC_KEY,1,1,CREATES_ATTRIBUTE,ATTRIBUTE_CATALOG_DEFERRED,ATTRIBUTE,EXISTING_CREATE_TARGET,Dimension and target name were supplied without hierarchy; create target already exists,1,,Plant,,C/R,,,Plant.C/R,attribute::Plant::Plant::C/R
TI,semantic::ti::dimupdate - plant::CREATES_ATTRIBUTE::attribute::plant.caption,SEMANTIC_KEY,1,1,CREATES_ATTRIBUTE,ATTRIBUTE_CATALOG_DEFERRED,ATTRIBUTE,EXISTING_CREATE_TARGET,Dimension and target name were supplied without hierarchy; create target already exists,1,,Plant,,CAPTION,,,Plant.CAPTION,attribute::Plant::Plant::CAPTION
TI,semantic::ti::dimupdate - plant::CREATES_ATTRIBUTE::attribute::plant.city,SEMANTIC_KEY,1,1,CREATES_ATTRIBUTE,ATTRIBUTE_CATALOG_DEFERRED,ATTRIBUTE,EXISTING_CREATE_TARGET,Dimension and target name were supplied without hierarchy; create target already exists,1,,Plant,,City,,,Plant.City,attribute::Plant::Plant::City
TI,semantic::ti::dimupdate - plant::CREATES_ATTRIBUTE::attribute::plant.custnoplnt,SEMANTIC_KEY,1,1,CREATES_ATTRIBUTE,ATTRIBUTE_CATALOG_DEFERRED,ATTRIBUTE,EXISTING_CREATE_TARGET,Dimension and target name were supplied without hierarchy; create target already exists,1,,Plant,,CustNoPlnt,,,Plant.CustNoPlnt,attribute::Plant::Plant::CustNoPlnt
TI,semantic::ti::dimupdate - plant::CREATES_ATTRIBUTE::attribute::plant.description,SEMANTIC_KEY,1,1,CREATES_ATTRIBUTE,ATTRIBUTE_CATALOG_DEFERRED,ATTRIBUTE,EXISTING_CREATE_TARGET,Dimension and target name were supplied without hierarchy; create target already exists,1,,Plant,,Description,,,Plant.Description,attribute::Plant::Plant::Description
TI,semantic::ti::dimupdate - plant::CREATES_ATTRIBUTE::attribute::plant.po box,SEMANTIC_KEY,1,1,CREATES_ATTRIBUTE,ATTRIBUTE_CATALOG_DEFERRED,ATTRIBUTE,EXISTING_CREATE_TARGET,Dimension and target name were supplied without hierarchy; create target already exists,1,,Plant,,PO Box,,,Plant.PO Box,attribute::Plant::Plant::PO Box
TI,semantic::ti::dimupdate - plant::CREATES_ATTRIBUTE::attribute::plant.postal code,SEMANTIC_KEY,1,1,CREATES_ATTRIBUTE,ATTRIBUTE_CATALOG_DEFERRED,ATTRIBUTE,EXISTING_CREATE_TARGET,Dimension and target name were supplied without hierarchy; create target already exists,1,,Plant,,Postal Code,,,Plant.Postal Code,attribute::Plant::Plant::Postal Code
TI,semantic::ti::dimupdate - plant::CREATES_ATTRIBUTE::attribute::plant.rg,SEMANTIC_KEY,1,1,CREATES_ATTRIBUTE,ATTRIBUTE_CATALOG_DEFERRED,ATTRIBUTE,EXISTING_CREATE_TARGET,Dimension and target name were supplied without hierarchy; create target already exists,1,,Plant,,Rg,,,Plant.Rg,attribute::Plant::Plant::Rg
TI,semantic::ti::dimupdate - plant::CREATES_ATTRIBUTE::attribute::plant.tax jurisdiction,SEMANTIC_KEY,1,1,CREATES_ATTRIBUTE,ATTRIBUTE_CATALOG_DEFERRED,ATTRIBUTE,EXISTING_CREATE_TARGET,Dimension and target name were supplied without hierarchy; create target already exists,1,,Plant,,Tax Jurisdiction,,,Plant.Tax Jurisdiction,attribute::Plant::Plant::Tax Jurisdiction
TI,semantic::ti::dimupdate - production order::CREATES_ATTRIBUTE::attribute::production order.caption,SEMANTIC_KEY,1,1,CREATES_ATTRIBUTE,ATTRIBUTE_CATALOG_DEFERRED,ATTRIBUTE,EXISTING_CREATE_TARGET,Dimension and target name were supplied without hierarchy; create target already exists,1,,Production Order,,CAPTION,,,Production Order.CAPTION,attribute::Production Order::Production Order::CAPTION
TI,semantic::ti::dimupdate - production order::CREATES_ATTRIBUTE::attribute::production order.change date,SEMANTIC_KEY,1,1,CREATES_ATTRIBUTE,ATTRIBUTE_CATALOG_DEFERRED,ATTRIBUTE,EXISTING_CREATE_TARGET,Dimension and target name were supplied without hierarchy; create target already exists,1,,Production Order,,Change Date,,,Production Order.Change Date,attribute::Production Order::Production Order::Change Date
TI,semantic::ti::dimupdate - production order::CREATES_ATTRIBUTE::attribute::production order.cocd,SEMANTIC_KEY,1,1,CREATES_ATTRIBUTE,ATTRIBUTE_CATALOG_DEFERRED,ATTRIBUTE,EXISTING_CREATE_TARGET,Dimension and target name were supplied without hierarchy; create target already exists,1,,Production Order,,CoCd,,,Production Order.CoCd,attribute::Production Order::Production Order::CoCd
TI,semantic::ti::dimupdate - production order::CREATES_ATTRIBUTE::attribute::production order.company description,SEMANTIC_KEY,1,1,CREATES_ATTRIBUTE,ATTRIBUTE_CATALOG_DEFERRED,ATTRIBUTE,EXISTING_CREATE_TARGET,Dimension and target name were supplied without hierarchy; create target already exists,1,,Production Order,,Company Description,,,Production Order.Company Description,attribute::Production Order::Production Order::Company Description
TI,semantic::ti::dimupdate - production order::CREATES_ATTRIBUTE::attribute::production order.cost collector key,SEMANTIC_KEY,1,1,CREATES_ATTRIBUTE,ATTRIBUTE_CATALOG_DEFERRED,ATTRIBUTE,EXISTING_CREATE_TARGET,Dimension and target name were supplied without hierarchy; create target already exists,1,,Production Order,,Cost Collector Key,,,Production Order.Cost Collector Key,attribute::Production Order::Production Order::Cost Collector Key
TI,semantic::ti::dimupdate - production order::CREATES_ATTRIBUTE::attribute::production order.crcy,SEMANTIC_KEY,1,1,CREATES_ATTRIBUTE,ATTRIBUTE_CATALOG_DEFERRED,ATTRIBUTE,EXISTING_CREATE_TARGET,Dimension and target name were supplied without hierarchy; create target already exists,1,,Production Order,,Crcy,,,Production Order.Crcy,attribute::Production Order::Production Order::Crcy
TI,semantic::ti::dimupdate - production order::CREATES_ATTRIBUTE::attribute::production order.created on,SEMANTIC_KEY,1,1,CREATES_ATTRIBUTE,ATTRIBUTE_CATALOG_DEFERRED,ATTRIBUTE,EXISTING_CREATE_TARGET,Dimension and target name were supplied without hierarchy; create target already exists,1,,Production Order,,Created On,,,Production Order.Created On,attribute::Production Order::Production Order::Created On
TI,semantic::ti::dimupdate - production order::CREATES_ATTRIBUTE::attribute::production order.description,SEMANTIC_KEY,1,1,CREATES_ATTRIBUTE,ATTRIBUTE_CATALOG_DEFERRED,ATTRIBUTE,EXISTING_CREATE_TARGET,Dimension and target name were supplied without hierarchy; create target already exists,1,,Production Order,,Description,,,Production Order.Description,attribute::Production Order::Production Order::Description
TI,semantic::ti::dimupdate - production order::CREATES_ATTRIBUTE::attribute::production order.legacy,SEMANTIC_KEY,1,1,CREATES_ATTRIBUTE,ATTRIBUTE_CATALOG_DEFERRED,ATTRIBUTE,EXISTING_CREATE_TARGET,Dimension and target name were supplied without hierarchy; create target already exists,1,,Production Order,,Legacy,,,Production Order.Legacy,attribute::Production Order::Production Order::Legacy
TI,semantic::ti::dimupdate - production order::CREATES_ATTRIBUTE::attribute::production order.object number,SEMANTIC_KEY,1,1,CREATES_ATTRIBUTE,ATTRIBUTE_CATALOG_DEFERRED,ATTRIBUTE,EXISTING_CREATE_TARGET,Dimension and target name were supplied without hierarchy; create target already exists,1,,Production Order,,Object Number,,,Production Order.Object Number,attribute::Production Order::Production Order::Object Number
TI,semantic::ti::dimupdate - production order::CREATES_ATTRIBUTE::attribute::production order.order,SEMANTIC_KEY,1,1,CREATES_ATTRIBUTE,ATTRIBUTE_CATALOG_DEFERRED,ATTRIBUTE,EXISTING_CREATE_TARGET,Dimension and target name were supplied without hierarchy; create target already exists,1,,Production Order,,Order,,,Production Order.Order,attribute::Production Order::Production Order::Order
TI,semantic::ti::dimupdate - production order::CREATES_ATTRIBUTE::attribute::production order.order adj,SEMANTIC_KEY,1,1,CREATES_ATTRIBUTE,ATTRIBUTE_CATALOG_DEFERRED,ATTRIBUTE,EXISTING_CREATE_TARGET,Dimension and target name were supplied without hierarchy; create target already exists,1,,Production Order,,Order Adj,,,Production Order.Order Adj,attribute::Production Order::Production Order::Order Adj
TI,semantic::ti::dimupdate - production order::CREATES_ATTRIBUTE::attribute::production order.plant,SEMANTIC_KEY,1,1,CREATES_ATTRIBUTE,ATTRIBUTE_CATALOG_DEFERRED,ATTRIBUTE,EXISTING_CREATE_TARGET,Dimension and target name were supplied without hierarchy; create target already exists,1,,Production Order,,Plant,,,Production Order.Plant,attribute::Production Order::Production Order::Plant
TI,semantic::ti::dimupdate - production order::CREATES_ATTRIBUTE::attribute::production order.profit ctr,SEMANTIC_KEY,1,1,CREATES_ATTRIBUTE,ATTRIBUTE_CATALOG_DEFERRED,ATTRIBUTE,EXISTING_CREATE_TARGET,Dimension and target name were supplied without hierarchy; create target already exists,1,,Production Order,,Profit Ctr,,,Production Order.Profit Ctr,attribute::Production Order::Production Order::Profit Ctr
TI,semantic::ti::dimupdate - production order::CREATES_ATTRIBUTE::attribute::production order.type,SEMANTIC_KEY,1,1,CREATES_ATTRIBUTE,ATTRIBUTE_CATALOG_DEFERRED,ATTRIBUTE,EXISTING_CREATE_TARGET,Dimension and target name were supplied without hierarchy; create target already exists,1,,Production Order,,Type,,,Production Order.Type,attribute::Production Order::Production Order::Type
TI,semantic::ti::dimupdate - production order::CREATES_ATTRIBUTE::attribute::production order.wbs element,SEMANTIC_KEY,1,1,CREATES_ATTRIBUTE,ATTRIBUTE_CATALOG_DEFERRED,ATTRIBUTE,EXISTING_CREATE_TARGET,Dimension and target name were supplied without hierarchy; create target already exists,1,,Production Order,,WBS Element,,,Production Order.WBS Element,attribute::Production Order::Production Order::WBS Element
TI,semantic::ti::dimupdate - profit center::CREATES_ATTRIBUTE::attribute::profit center.caption,SEMANTIC_KEY,1,1,CREATES_ATTRIBUTE,ATTRIBUTE_CATALOG_DEFERRED,ATTRIBUTE,EXISTING_CREATE_TARGET,Dimension and target name were supplied without hierarchy; create target already exists,1,,Profit Center,,CAPTION,,,Profit Center.CAPTION,attribute::Profit Center::Profit Center::CAPTION
TI,semantic::ti::dimupdate - profit center::CREATES_ATTRIBUTE::attribute::profit center.cocd,SEMANTIC_KEY,1,1,CREATES_ATTRIBUTE,ATTRIBUTE_CATALOG_DEFERRED,ATTRIBUTE,EXISTING_CREATE_TARGET,Dimension and target name were supplied without hierarchy; create target already exists,1,,Profit Center,,CoCd,,,Profit Center.CoCd,attribute::Profit Center::Profit Center::CoCd
TI,semantic::ti::dimupdate - profit center::CREATES_ATTRIBUTE::attribute::profit center.description,SEMANTIC_KEY,1,1,CREATES_ATTRIBUTE,ATTRIBUTE_CATALOG_DEFERRED,ATTRIBUTE,EXISTING_CREATE_TARGET,Dimension and target name were supplied without hierarchy; create target already exists,1,,Profit Center,,Description,,,Profit Center.Description,attribute::Profit Center::Profit Center::Description
TI,semantic::ti::dimupdate - profit center::CREATES_ATTRIBUTE::attribute::profit center.hierarchy area,SEMANTIC_KEY,1,1,CREATES_ATTRIBUTE,ATTRIBUTE_CATALOG_DEFERRED,ATTRIBUTE,EXISTING_CREATE_TARGET,Dimension and target name were supplied without hierarchy; create target already exists,1,,Profit Center,,Hierarchy Area,,,Profit Center.Hierarchy Area,attribute::Profit Center::Profit Center::Hierarchy Area
TI,semantic::ti::dimupdate - profit center::CREATES_ATTRIBUTE::attribute::profit center.lock indicator,SEMANTIC_KEY,1,1,CREATES_ATTRIBUTE,ATTRIBUTE_CATALOG_DEFERRED,ATTRIBUTE,EXISTING_CREATE_TARGET,Dimension and target name were supplied without hierarchy; create target already exists,1,,Profit Center,,Lock Indicator,,,Profit Center.Lock Indicator,attribute::Profit Center::Profit Center::Lock Indicator
TI,semantic::ti::dimupdate - profit center::CREATES_ATTRIBUTE::attribute::profit center.profit ctr,SEMANTIC_KEY,1,1,CREATES_ATTRIBUTE,ATTRIBUTE_CATALOG_DEFERRED,ATTRIBUTE,EXISTING_CREATE_TARGET,Dimension and target name were supplied without hierarchy; create target already exists,1,,Profit Center,,Profit Ctr,,,Profit Center.Profit Ctr,attribute::Profit Center::Profit Center::Profit Ctr
TI,semantic::ti::dimupdate - profit center::CREATES_ATTRIBUTE::attribute::profit center.tax jusrisdiction,SEMANTIC_KEY,1,1,CREATES_ATTRIBUTE,ATTRIBUTE_CATALOG_DEFERRED,ATTRIBUTE,EXISTING_CREATE_TARGET,Dimension and target name were supplied without hierarchy; create target already exists,1,,Profit Center,,Tax Jusrisdiction,,,Profit Center.Tax Jusrisdiction,attribute::Profit Center::Profit Center::Tax Jusrisdiction
TI,semantic::ti::dimupdate - profit center::CREATES_ATTRIBUTE::attribute::profit center.valid from,SEMANTIC_KEY,1,1,CREATES_ATTRIBUTE,ATTRIBUTE_CATALOG_DEFERRED,ATTRIBUTE,EXISTING_CREATE_TARGET,Dimension and target name were supplied without hierarchy; create target already exists,1,,Profit Center,,Valid From,,,Profit Center.Valid From,attribute::Profit Center::Profit Center::Valid From
TI,semantic::ti::dimupdate - profit center::CREATES_ATTRIBUTE::attribute::profit center.valid to,SEMANTIC_KEY,1,1,CREATES_ATTRIBUTE,ATTRIBUTE_CATALOG_DEFERRED,ATTRIBUTE,EXISTING_CREATE_TARGET,Dimension and target name were supplied without hierarchy; create target already exists,1,,Profit Center,,Valid To,,,Profit Center.Valid To,attribute::Profit Center::Profit Center::Valid To
TI,semantic::ti::dimupdate - sys company hierarchy::CREATES_ATTRIBUTE::attribute::sys company hierarchy.caption,SEMANTIC_KEY,1,1,CREATES_ATTRIBUTE,ATTRIBUTE_CATALOG_DEFERRED,ATTRIBUTE,EXISTING_CREATE_TARGET,Dimension and target name were supplied without hierarchy; create target already exists,1,,SYS Company Hierarchy,,CAPTION,,,SYS Company Hierarchy.CAPTION,attribute::SYS Company Hierarchy::SYS Company Hierarchy::CAPTION
TI,semantic::ti::dimupdate - sys func area hierarchy::CREATES_ATTRIBUTE::attribute::sys func area hierarchy.caption,SEMANTIC_KEY,1,1,CREATES_ATTRIBUTE,ATTRIBUTE_CATALOG_DEFERRED,ATTRIBUTE,EXISTING_CREATE_TARGET,Dimension and target name were supplied without hierarchy; create target already exists,1,,SYS Func Area Hierarchy,,CAPTION,,,SYS Func Area Hierarchy.CAPTION,attribute::SYS Func Area Hierarchy::SYS Func Area Hierarchy::CAPTION
TI,semantic::ti::dimupdate - sys functional area hierarchy::CREATES_ATTRIBUTE::attribute::sys functional area hierarchy.caption,SEMANTIC_KEY,1,1,CREATES_ATTRIBUTE,ATTRIBUTE_CATALOG_DEFERRED,ATTRIBUTE,EXISTING_CREATE_TARGET,Dimension and target name were supplied without hierarchy; create target already exists,1,,SYS Functional Area Hierarchy,,CAPTION,,,SYS Functional Area Hierarchy.CAPTION,attribute::SYS Functional Area Hierarchy::SYS Functional Area Hierarchy::CAPTION
TI,semantic::ti::dimupdate - sys material hierarchy::CREATES_ATTRIBUTE::attribute::sys material hierarchy.caption,SEMANTIC_KEY,1,1,CREATES_ATTRIBUTE,ATTRIBUTE_CATALOG_DEFERRED,ATTRIBUTE,EXISTING_CREATE_TARGET,Dimension and target name were supplied without hierarchy; create target already exists,1,,SYS Material Hierarchy,,CAPTION,,,SYS Material Hierarchy.CAPTION,attribute::SYS Material Hierarchy::SYS Material Hierarchy::CAPTION
TI,semantic::ti::dimupdate - vendor::CREATES_ATTRIBUTE::attribute::vendor.account grp,SEMANTIC_KEY,1,1,CREATES_ATTRIBUTE,ATTRIBUTE_CATALOG_DEFERRED,ATTRIBUTE,EXISTING_CREATE_TARGET,Dimension and target name were supplied without hierarchy; create target already exists,1,,Vendor,,Account Grp,,,Vendor.Account Grp,attribute::Vendor::Vendor::Account Grp
TI,semantic::ti::dimupdate - vendor::CREATES_ATTRIBUTE::attribute::vendor.account grp description,SEMANTIC_KEY,1,1,CREATES_ATTRIBUTE,ATTRIBUTE_CATALOG_DEFERRED,ATTRIBUTE,EXISTING_CREATE_TARGET,Dimension and target name were supplied without hierarchy; create target already exists,1,,Vendor,,Account Grp Description,,,Vendor.Account Grp Description,attribute::Vendor::Vendor::Account Grp Description
TI,semantic::ti::dimupdate - vendor::CREATES_ATTRIBUTE::attribute::vendor.c/r,SEMANTIC_KEY,1,1,CREATES_ATTRIBUTE,ATTRIBUTE_CATALOG_DEFERRED,ATTRIBUTE,EXISTING_CREATE_TARGET,Dimension and target name were supplied without hierarchy; create target already exists,1,,Vendor,,C/R,,,Vendor.C/R,attribute::Vendor::Vendor::C/R
TI,semantic::ti::dimupdate - vendor::CREATES_ATTRIBUTE::attribute::vendor.caption,SEMANTIC_KEY,1,1,CREATES_ATTRIBUTE,ATTRIBUTE_CATALOG_DEFERRED,ATTRIBUTE,EXISTING_CREATE_TARGET,Dimension and target name were supplied without hierarchy; create target already exists,1,,Vendor,,CAPTION,,,Vendor.CAPTION,attribute::Vendor::Vendor::CAPTION
TI,semantic::ti::dimupdate - vendor::CREATES_ATTRIBUTE::attribute::vendor.description,SEMANTIC_KEY,1,1,CREATES_ATTRIBUTE,ATTRIBUTE_CATALOG_DEFERRED,ATTRIBUTE,EXISTING_CREATE_TARGET,Dimension and target name were supplied without hierarchy; create target already exists,1,,Vendor,,Description,,,Vendor.Description,attribute::Vendor::Vendor::Description
TI,semantic::ti::dimupdate - vendor::CREATES_ATTRIBUTE::attribute::vendor.postal code,SEMANTIC_KEY,1,1,CREATES_ATTRIBUTE,ATTRIBUTE_CATALOG_DEFERRED,ATTRIBUTE,EXISTING_CREATE_TARGET,Dimension and target name were supplied without hierarchy; create target already exists,1,,Vendor,,Postal Code,,,Vendor.Postal Code,attribute::Vendor::Vendor::Postal Code
TI,semantic::ti::dimupdate - vendor::CREATES_ATTRIBUTE::attribute::vendor.vendor,SEMANTIC_KEY,1,1,CREATES_ATTRIBUTE,ATTRIBUTE_CATALOG_DEFERRED,ATTRIBUTE,EXISTING_CREATE_TARGET,Dimension and target name were supplied without hierarchy; create target already exists,1,,Vendor,,Vendor,,,Vendor.Vendor,attribute::Vendor::Vendor::Vendor
TI,semantic::ti::dimupdate_kalnr::CREATES_ATTRIBUTE::attribute::kalnr.bklas,SEMANTIC_KEY,1,1,CREATES_ATTRIBUTE,ATTRIBUTE_CATALOG_DEFERRED,ATTRIBUTE,EXISTING_CREATE_TARGET,Dimension and target name were supplied without hierarchy; create target already exists,1,,KALNR,,BKLAS,,,KALNR.BKLAS,attribute::KALNR::KALNR::BKLAS
TI,semantic::ti::dimupdate_kalnr::CREATES_ATTRIBUTE::attribute::kalnr.bwtar,SEMANTIC_KEY,1,1,CREATES_ATTRIBUTE,ATTRIBUTE_CATALOG_DEFERRED,ATTRIBUTE,EXISTING_CREATE_TARGET,Dimension and target name were supplied without hierarchy; create target already exists,1,,KALNR,,BWTAR,,,KALNR.BWTAR,attribute::KALNR::KALNR::BWTAR
TI,semantic::ti::dimupdate_kalnr::CREATES_ATTRIBUTE::attribute::kalnr.material,SEMANTIC_KEY,1,1,CREATES_ATTRIBUTE,ATTRIBUTE_CATALOG_DEFERRED,ATTRIBUTE,EXISTING_CREATE_TARGET,Dimension and target name were supplied without hierarchy; create target already exists,1,,KALNR,,Material,,,KALNR.Material,attribute::KALNR::KALNR::Material
TI,semantic::ti::dimupdate_kalnr::CREATES_ATTRIBUTE::attribute::kalnr.meins,SEMANTIC_KEY,1,1,CREATES_ATTRIBUTE,ATTRIBUTE_CATALOG_DEFERRED,ATTRIBUTE,EXISTING_CREATE_TARGET,Dimension and target name were supplied without hierarchy; create target already exists,1,,KALNR,,MEINS,,,KALNR.MEINS,attribute::KALNR::KALNR::MEINS
TI,semantic::ti::dimupdate_kalnr::CREATES_ATTRIBUTE::attribute::kalnr.mtart,SEMANTIC_KEY,1,1,CREATES_ATTRIBUTE,ATTRIBUTE_CATALOG_DEFERRED,ATTRIBUTE,EXISTING_CREATE_TARGET,Dimension and target name were supplied without hierarchy; create target already exists,1,,KALNR,,MTART,,,KALNR.MTART,attribute::KALNR::KALNR::MTART
TI,semantic::ti::dimupdate_kalnr::CREATES_ATTRIBUTE::attribute::kalnr.plant,SEMANTIC_KEY,1,1,CREATES_ATTRIBUTE,ATTRIBUTE_CATALOG_DEFERRED,ATTRIBUTE,EXISTING_CREATE_TARGET,Dimension and target name were supplied without hierarchy; create target already exists,1,,KALNR,,Plant,,,KALNR.Plant,attribute::KALNR::KALNR::Plant
TI,semantic::ti::dimupdate_kalnr::CREATES_ATTRIBUTE::attribute::kalnr.profit center,SEMANTIC_KEY,1,1,CREATES_ATTRIBUTE,ATTRIBUTE_CATALOG_DEFERRED,ATTRIBUTE,EXISTING_CREATE_TARGET,Dimension and target name were supplied without hierarchy; create target already exists,1,,KALNR,,Profit Center,,,KALNR.Profit Center,attribute::KALNR::KALNR::Profit Center
TI,semantic::ti::dimupdate_kalnr::CREATES_ATTRIBUTE::attribute::kalnr.vprsv,SEMANTIC_KEY,1,1,CREATES_ATTRIBUTE,ATTRIBUTE_CATALOG_DEFERRED,ATTRIBUTE,EXISTING_CREATE_TARGET,Dimension and target name were supplied without hierarchy; create target already exists,1,,KALNR,,VPRSV,,,KALNR.VPRSV,attribute::KALNR::KALNR::VPRSV
TI,semantic::ti::ztemp_attrs_ bs doc no::CREATES_ATTRIBUTE::attribute::bs document no.flow code,SEMANTIC_KEY,1,1,CREATES_ATTRIBUTE,ATTRIBUTE_CATALOG_DEFERRED,ATTRIBUTE,EXISTING_CREATE_TARGET,Dimension and target name were supplied without hierarchy; create target already exists,1,,BS Document No,,Flow Code,,,BS Document No.Flow Code,attribute::BS Document No::BS Document No::Flow Code
TI,semantic::ti::ztemp_attrs_ bs doc no::CREATES_ATTRIBUTE::attribute::bs document no.profit center,SEMANTIC_KEY,1,1,CREATES_ATTRIBUTE,ATTRIBUTE_CATALOG_DEFERRED,ATTRIBUTE,EXISTING_CREATE_TARGET,Dimension and target name were supplied without hierarchy; create target already exists,1,,BS Document No,,Profit Center,,,BS Document No.Profit Center,attribute::BS Document No::BS Document No::Profit Center
TI,semantic::ti::ztemp_attrs_ bs doc no::CREATES_ATTRIBUTE::attribute::bs document no.trading partner,SEMANTIC_KEY,1,1,CREATES_ATTRIBUTE,ATTRIBUTE_CATALOG_DEFERRED,ATTRIBUTE,EXISTING_CREATE_TARGET,Dimension and target name were supplied without hierarchy; create target already exists,1,,BS Document No,,Trading Partner,,,BS Document No.Trading Partner,attribute::BS Document No::BS Document No::Trading Partner
TI,semantic::ti::ztemp_delete all document numbers::CREATES_ATTRIBUTE::attribute::document no.cocd,SEMANTIC_KEY,1,1,CREATES_ATTRIBUTE,ATTRIBUTE_CATALOG_DEFERRED,ATTRIBUTE,EXISTING_CREATE_TARGET,Dimension and target name were supplied without hierarchy; create target already exists,1,,Document No,,CoCd,,,Document No.CoCd,attribute::Document No::Document No::CoCd
TI,semantic::ti::ztemp_delete all document numbers::CREATES_ATTRIBUTE::attribute::document no.fiscal year,SEMANTIC_KEY,1,1,CREATES_ATTRIBUTE,ATTRIBUTE_CATALOG_DEFERRED,ATTRIBUTE,EXISTING_CREATE_TARGET,Dimension and target name were supplied without hierarchy; create target already exists,1,,Document No,,Fiscal Year,,,Document No.Fiscal Year,attribute::Document No::Document No::Fiscal Year
TI,semantic::ti::ztemp_insert attr::CREATES_ATTRIBUTE::attribute::wbs element.approved capital currency,SEMANTIC_KEY,1,1,CREATES_ATTRIBUTE,ATTRIBUTE_CATALOG_DEFERRED,ATTRIBUTE,EXISTING_CREATE_TARGET,Dimension and target name were supplied without hierarchy; create target already exists,1,,WBS Element,,Approved Capital Currency,,,WBS Element.Approved Capital Currency,attribute::WBS Element::WBS Element::Approved Capital Currency
TI,semantic::ti::ztemp_insert attr::CREATES_ATTRIBUTE::attribute::wbs element.approved expense currency,SEMANTIC_KEY,1,1,CREATES_ATTRIBUTE,ATTRIBUTE_CATALOG_DEFERRED,ATTRIBUTE,EXISTING_CREATE_TARGET,Dimension and target name were supplied without hierarchy; create target already exists,1,,WBS Element,,Approved Expense Currency,,,WBS Element.Approved Expense Currency,attribute::WBS Element::WBS Element::Approved Expense Currency
TI,semantic::ti::ztemp_insert attr::CREATES_ATTRIBUTE::attribute::wbs element.completion date,SEMANTIC_KEY,1,1,CREATES_ATTRIBUTE,ATTRIBUTE_CATALOG_DEFERRED,ATTRIBUTE,EXISTING_CREATE_TARGET,Dimension and target name were supplied without hierarchy; create target already exists,1,,WBS Element,,Completion Date,,,WBS Element.Completion Date,attribute::WBS Element::WBS Element::Completion Date
TI,semantic::ti::ztemp_intercompany::CREATES_ATTRIBUTE::attribute::plant.plant division,SEMANTIC_KEY,1,1,CREATES_ATTRIBUTE,ATTRIBUTE_CATALOG_DEFERRED,ATTRIBUTE,EXISTING_CREATE_TARGET,Dimension and target name were supplied without hierarchy; create target already exists,1,,Plant,,Plant Division,,,Plant.Plant Division,attribute::Plant::Plant::Plant Division
TI,semantic::ti::ztemp_intercompany::CREATES_ATTRIBUTE::attribute::profit center.division,SEMANTIC_KEY,1,1,CREATES_ATTRIBUTE,ATTRIBUTE_CATALOG_DEFERRED,ATTRIBUTE,EXISTING_CREATE_TARGET,Dimension and target name were supplied without hierarchy; create target already exists,1,,Profit Center,,Division,,,Profit Center.Division,attribute::Profit Center::Profit Center::Division
TI,semantic::ti::ztemp_intercompany::CREATES_ATTRIBUTE::attribute::profit center.plant division,SEMANTIC_KEY,1,1,CREATES_ATTRIBUTE,ATTRIBUTE_CATALOG_DEFERRED,ATTRIBUTE,EXISTING_CREATE_TARGET,Dimension and target name were supplied without hierarchy; create target already exists,1,,Profit Center,,Plant Division,,,Profit Center.Plant Division,attribute::Profit Center::Profit Center::Plant Division
TI,semantic::ti::ztemp_intercompany::CREATES_ATTRIBUTE::attribute::profit center.product group,SEMANTIC_KEY,1,1,CREATES_ATTRIBUTE,ATTRIBUTE_CATALOG_DEFERRED,ATTRIBUTE,EXISTING_CREATE_TARGET,Dimension and target name were supplied without hierarchy; create target already exists,1,,Profit Center,,Product Group,,,Profit Center.Product Group,attribute::Profit Center::Profit Center::Product Group
TI,semantic::ti::dimupdate - wbs element::WRITES_ATTRIBUTE::attribute::wbs element.respons.,SEMANTIC_KEY,1,1,WRITES_ATTRIBUTE,ATTRIBUTE_CATALOG_DEFERRED,ATTRIBUTE,INSUFFICIENT_CONTEXT,Required parent or target name is missing,0,,WBS Element.Respons,,,,,WBS Element.Respons.,
TI,semantic::ti::sys_dim_hierarchy_unwind_consolidation::DELETES_ATTRIBUTE::attribute::pdimension.bedrock.descendant,SEMANTIC_KEY,1,1,DELETES_ATTRIBUTE,ATTRIBUTE_CATALOG_DEFERRED,ATTRIBUTE,MISSING_DELETE_TARGET,Dimension and target name were supplied without hierarchy; delete target is absent,0,,pDimension.Bedrock,,Descendant,,,pDimension.Bedrock.Descendant,
TI,semantic::ti::ztemp_delete attrs::DELETES_ATTRIBUTE::attribute::wbs element.settlement rule 1,SEMANTIC_KEY,1,1,DELETES_ATTRIBUTE,ATTRIBUTE_CATALOG_DEFERRED,ATTRIBUTE,MISSING_DELETE_TARGET,Dimension and target name were supplied without hierarchy; delete target is absent,0,,WBS Element,,Settlement Rule 1,,,WBS Element.Settlement Rule 1,
TI,semantic::ti::ztemp_delete attrs::DELETES_ATTRIBUTE::attribute::wbs element.settlement rule 10,SEMANTIC_KEY,1,1,DELETES_ATTRIBUTE,ATTRIBUTE_CATALOG_DEFERRED,ATTRIBUTE,MISSING_DELETE_TARGET,Dimension and target name were supplied without hierarchy; delete target is absent,0,,WBS Element,,Settlement Rule 10,,,WBS Element.Settlement Rule 10,
TI,semantic::ti::ztemp_delete attrs::DELETES_ATTRIBUTE::attribute::wbs element.settlement rule 11,SEMANTIC_KEY,1,1,DELETES_ATTRIBUTE,ATTRIBUTE_CATALOG_DEFERRED,ATTRIBUTE,MISSING_DELETE_TARGET,Dimension and target name were supplied without hierarchy; delete target is absent,0,,WBS Element,,Settlement Rule 11,,,WBS Element.Settlement Rule 11,
TI,semantic::ti::ztemp_delete attrs::DELETES_ATTRIBUTE::attribute::wbs element.settlement rule 12,SEMANTIC_KEY,1,1,DELETES_ATTRIBUTE,ATTRIBUTE_CATALOG_DEFERRED,ATTRIBUTE,MISSING_DELETE_TARGET,Dimension and target name were supplied without hierarchy; delete target is absent,0,,WBS Element,,Settlement Rule 12,,,WBS Element.Settlement Rule 12,
TI,semantic::ti::ztemp_delete attrs::DELETES_ATTRIBUTE::attribute::wbs element.settlement rule 13,SEMANTIC_KEY,1,1,DELETES_ATTRIBUTE,ATTRIBUTE_CATALOG_DEFERRED,ATTRIBUTE,MISSING_DELETE_TARGET,Dimension and target name were supplied without hierarchy; delete target is absent,0,,WBS Element,,Settlement Rule 13,,,WBS Element.Settlement Rule 13,
TI,semantic::ti::ztemp_delete attrs::DELETES_ATTRIBUTE::attribute::wbs element.settlement rule 14,SEMANTIC_KEY,1,1,DELETES_ATTRIBUTE,ATTRIBUTE_CATALOG_DEFERRED,ATTRIBUTE,MISSING_DELETE_TARGET,Dimension and target name were supplied without hierarchy; delete target is absent,0,,WBS Element,,Settlement Rule 14,,,WBS Element.Settlement Rule 14,
TI,semantic::ti::ztemp_delete attrs::DELETES_ATTRIBUTE::attribute::wbs element.settlement rule 15,SEMANTIC_KEY,1,1,DELETES_ATTRIBUTE,ATTRIBUTE_CATALOG_DEFERRED,ATTRIBUTE,MISSING_DELETE_TARGET,Dimension and target name were supplied without hierarchy; delete target is absent,0,,WBS Element,,Settlement Rule 15,,,WBS Element.Settlement Rule 15,
TI,semantic::ti::ztemp_delete attrs::DELETES_ATTRIBUTE::attribute::wbs element.settlement rule 16,SEMANTIC_KEY,1,1,DELETES_ATTRIBUTE,ATTRIBUTE_CATALOG_DEFERRED,ATTRIBUTE,MISSING_DELETE_TARGET,Dimension and target name were supplied without hierarchy; delete target is absent,0,,WBS Element,,Settlement Rule 16,,,WBS Element.Settlement Rule 16,
TI,semantic::ti::ztemp_delete attrs::DELETES_ATTRIBUTE::attribute::wbs element.settlement rule 17,SEMANTIC_KEY,1,1,DELETES_ATTRIBUTE,ATTRIBUTE_CATALOG_DEFERRED,ATTRIBUTE,MISSING_DELETE_TARGET,Dimension and target name were supplied without hierarchy; delete target is absent,0,,WBS Element,,Settlement Rule 17,,,WBS Element.Settlement Rule 17,
TI,semantic::ti::ztemp_delete attrs::DELETES_ATTRIBUTE::attribute::wbs element.settlement rule 18,SEMANTIC_KEY,1,1,DELETES_ATTRIBUTE,ATTRIBUTE_CATALOG_DEFERRED,ATTRIBUTE,MISSING_DELETE_TARGET,Dimension and target name were supplied without hierarchy; delete target is absent,0,,WBS Element,,Settlement Rule 18,,,WBS Element.Settlement Rule 18,
TI,semantic::ti::ztemp_delete attrs::DELETES_ATTRIBUTE::attribute::wbs element.settlement rule 19,SEMANTIC_KEY,1,1,DELETES_ATTRIBUTE,ATTRIBUTE_CATALOG_DEFERRED,ATTRIBUTE,MISSING_DELETE_TARGET,Dimension and target name were supplied without hierarchy; delete target is absent,0,,WBS Element,,Settlement Rule 19,,,WBS Element.Settlement Rule 19,
TI,semantic::ti::ztemp_delete attrs::DELETES_ATTRIBUTE::attribute::wbs element.settlement rule 2,SEMANTIC_KEY,1,1,DELETES_ATTRIBUTE,ATTRIBUTE_CATALOG_DEFERRED,ATTRIBUTE,MISSING_DELETE_TARGET,Dimension and target name were supplied without hierarchy; delete target is absent,0,,WBS Element,,Settlement Rule 2,,,WBS Element.Settlement Rule 2,
TI,semantic::ti::ztemp_delete attrs::DELETES_ATTRIBUTE::attribute::wbs element.settlement rule 20,SEMANTIC_KEY,1,1,DELETES_ATTRIBUTE,ATTRIBUTE_CATALOG_DEFERRED,ATTRIBUTE,MISSING_DELETE_TARGET,Dimension and target name were supplied without hierarchy; delete target is absent,0,,WBS Element,,Settlement Rule 20,,,WBS Element.Settlement Rule 20,
TI,semantic::ti::ztemp_delete attrs::DELETES_ATTRIBUTE::attribute::wbs element.settlement rule 21,SEMANTIC_KEY,1,1,DELETES_ATTRIBUTE,ATTRIBUTE_CATALOG_DEFERRED,ATTRIBUTE,MISSING_DELETE_TARGET,Dimension and target name were supplied without hierarchy; delete target is absent,0,,WBS Element,,Settlement Rule 21,,,WBS Element.Settlement Rule 21,
TI,semantic::ti::ztemp_delete attrs::DELETES_ATTRIBUTE::attribute::wbs element.settlement rule 22,SEMANTIC_KEY,1,1,DELETES_ATTRIBUTE,ATTRIBUTE_CATALOG_DEFERRED,ATTRIBUTE,MISSING_DELETE_TARGET,Dimension and target name were supplied without hierarchy; delete target is absent,0,,WBS Element,,Settlement Rule 22,,,WBS Element.Settlement Rule 22,
TI,semantic::ti::ztemp_delete attrs::DELETES_ATTRIBUTE::attribute::wbs element.settlement rule 23,SEMANTIC_KEY,1,1,DELETES_ATTRIBUTE,ATTRIBUTE_CATALOG_DEFERRED,ATTRIBUTE,MISSING_DELETE_TARGET,Dimension and target name were supplied without hierarchy; delete target is absent,0,,WBS Element,,Settlement Rule 23,,,WBS Element.Settlement Rule 23,
TI,semantic::ti::ztemp_delete attrs::DELETES_ATTRIBUTE::attribute::wbs element.settlement rule 24,SEMANTIC_KEY,1,1,DELETES_ATTRIBUTE,ATTRIBUTE_CATALOG_DEFERRED,ATTRIBUTE,MISSING_DELETE_TARGET,Dimension and target name were supplied without hierarchy; delete target is absent,0,,WBS Element,,Settlement Rule 24,,,WBS Element.Settlement Rule 24,
TI,semantic::ti::ztemp_delete attrs::DELETES_ATTRIBUTE::attribute::wbs element.settlement rule 25,SEMANTIC_KEY,1,1,DELETES_ATTRIBUTE,ATTRIBUTE_CATALOG_DEFERRED,ATTRIBUTE,MISSING_DELETE_TARGET,Dimension and target name were supplied without hierarchy; delete target is absent,0,,WBS Element,,Settlement Rule 25,,,WBS Element.Settlement Rule 25,
TI,semantic::ti::ztemp_delete attrs::DELETES_ATTRIBUTE::attribute::wbs element.settlement rule 26,SEMANTIC_KEY,1,1,DELETES_ATTRIBUTE,ATTRIBUTE_CATALOG_DEFERRED,ATTRIBUTE,MISSING_DELETE_TARGET,Dimension and target name were supplied without hierarchy; delete target is absent,0,,WBS Element,,Settlement Rule 26,,,WBS Element.Settlement Rule 26,
TI,semantic::ti::ztemp_delete attrs::DELETES_ATTRIBUTE::attribute::wbs element.settlement rule 27,SEMANTIC_KEY,1,1,DELETES_ATTRIBUTE,ATTRIBUTE_CATALOG_DEFERRED,ATTRIBUTE,MISSING_DELETE_TARGET,Dimension and target name were supplied without hierarchy; delete target is absent,0,,WBS Element,,Settlement Rule 27,,,WBS Element.Settlement Rule 27,
TI,semantic::ti::ztemp_delete attrs::DELETES_ATTRIBUTE::attribute::wbs element.settlement rule 28,SEMANTIC_KEY,1,1,DELETES_ATTRIBUTE,ATTRIBUTE_CATALOG_DEFERRED,ATTRIBUTE,MISSING_DELETE_TARGET,Dimension and target name were supplied without hierarchy; delete target is absent,0,,WBS Element,,Settlement Rule 28,,,WBS Element.Settlement Rule 28,
TI,semantic::ti::ztemp_delete attrs::DELETES_ATTRIBUTE::attribute::wbs element.settlement rule 29,SEMANTIC_KEY,1,1,DELETES_ATTRIBUTE,ATTRIBUTE_CATALOG_DEFERRED,ATTRIBUTE,MISSING_DELETE_TARGET,Dimension and target name were supplied without hierarchy; delete target is absent,0,,WBS Element,,Settlement Rule 29,,,WBS Element.Settlement Rule 29,
TI,semantic::ti::ztemp_delete attrs::DELETES_ATTRIBUTE::attribute::wbs element.settlement rule 3,SEMANTIC_KEY,1,1,DELETES_ATTRIBUTE,ATTRIBUTE_CATALOG_DEFERRED,ATTRIBUTE,MISSING_DELETE_TARGET,Dimension and target name were supplied without hierarchy; delete target is absent,0,,WBS Element,,Settlement Rule 3,,,WBS Element.Settlement Rule 3,
TI,semantic::ti::ztemp_delete attrs::DELETES_ATTRIBUTE::attribute::wbs element.settlement rule 30,SEMANTIC_KEY,1,1,DELETES_ATTRIBUTE,ATTRIBUTE_CATALOG_DEFERRED,ATTRIBUTE,MISSING_DELETE_TARGET,Dimension and target name were supplied without hierarchy; delete target is absent,0,,WBS Element,,Settlement Rule 30,,,WBS Element.Settlement Rule 30,
TI,semantic::ti::ztemp_delete attrs::DELETES_ATTRIBUTE::attribute::wbs element.settlement rule 4,SEMANTIC_KEY,1,1,DELETES_ATTRIBUTE,ATTRIBUTE_CATALOG_DEFERRED,ATTRIBUTE,MISSING_DELETE_TARGET,Dimension and target name were supplied without hierarchy; delete target is absent,0,,WBS Element,,Settlement Rule 4,,,WBS Element.Settlement Rule 4,
TI,semantic::ti::ztemp_delete attrs::DELETES_ATTRIBUTE::attribute::wbs element.settlement rule 5,SEMANTIC_KEY,1,1,DELETES_ATTRIBUTE,ATTRIBUTE_CATALOG_DEFERRED,ATTRIBUTE,MISSING_DELETE_TARGET,Dimension and target name were supplied without hierarchy; delete target is absent,0,,WBS Element,,Settlement Rule 5,,,WBS Element.Settlement Rule 5,
TI,semantic::ti::ztemp_delete attrs::DELETES_ATTRIBUTE::attribute::wbs element.settlement rule 6,SEMANTIC_KEY,1,1,DELETES_ATTRIBUTE,ATTRIBUTE_CATALOG_DEFERRED,ATTRIBUTE,MISSING_DELETE_TARGET,Dimension and target name were supplied without hierarchy; delete target is absent,0,,WBS Element,,Settlement Rule 6,,,WBS Element.Settlement Rule 6,
TI,semantic::ti::ztemp_delete attrs::DELETES_ATTRIBUTE::attribute::wbs element.settlement rule 7,SEMANTIC_KEY,1,1,DELETES_ATTRIBUTE,ATTRIBUTE_CATALOG_DEFERRED,ATTRIBUTE,MISSING_DELETE_TARGET,Dimension and target name were supplied without hierarchy; delete target is absent,0,,WBS Element,,Settlement Rule 7,,,WBS Element.Settlement Rule 7,
TI,semantic::ti::ztemp_delete attrs::DELETES_ATTRIBUTE::attribute::wbs element.settlement rule 8,SEMANTIC_KEY,1,1,DELETES_ATTRIBUTE,ATTRIBUTE_CATALOG_DEFERRED,ATTRIBUTE,MISSING_DELETE_TARGET,Dimension and target name were supplied without hierarchy; delete target is absent,0,,WBS Element,,Settlement Rule 8,,,WBS Element.Settlement Rule 8,
TI,semantic::ti::ztemp_delete attrs::DELETES_ATTRIBUTE::attribute::wbs element.settlement rule 9,SEMANTIC_KEY,1,1,DELETES_ATTRIBUTE,ATTRIBUTE_CATALOG_DEFERRED,ATTRIBUTE,MISSING_DELETE_TARGET,Dimension and target name were supplied without hierarchy; delete target is absent,0,,WBS Element,,Settlement Rule 9,,,WBS Element.Settlement Rule 9,
TI,semantic::ti::dataupdate - intercompany sandbox::READS_ATTRIBUTE::attribute::profitcenter.cocd,SEMANTIC_KEY,1,1,READS_ATTRIBUTE,ATTRIBUTE_CATALOG_DEFERRED,ATTRIBUTE,TARGET_NOT_IN_CATALOG,Dimension and target name were supplied without hierarchy,0,,ProfitCenter,,CoCd,,,ProfitCenter.CoCd,
TI,semantic::ti::dataupdate - intercompany sandbox::READS_ATTRIBUTE::attribute::profitcenter.division,SEMANTIC_KEY,1,1,READS_ATTRIBUTE,ATTRIBUTE_CATALOG_DEFERRED,ATTRIBUTE,TARGET_NOT_IN_CATALOG,Dimension and target name were supplied without hierarchy,0,,ProfitCenter,,Division,,,ProfitCenter.Division,
TI,semantic::ti::dataupdate - intercompany sandbox::READS_ATTRIBUTE::attribute::profitcenter.plant,SEMANTIC_KEY,1,1,READS_ATTRIBUTE,ATTRIBUTE_CATALOG_DEFERRED,ATTRIBUTE,TARGET_NOT_IN_CATALOG,Dimension and target name were supplied without hierarchy,0,,ProfitCenter,,Plant,,,ProfitCenter.Plant,
TI,semantic::ti::dataupdate - intercompany sandbox::READS_ATTRIBUTE::attribute::profitcenter.plant division,SEMANTIC_KEY,1,1,READS_ATTRIBUTE,ATTRIBUTE_CATALOG_DEFERRED,ATTRIBUTE,TARGET_NOT_IN_CATALOG,Dimension and target name were supplied without hierarchy,0,,ProfitCenter,,Plant Division,,,ProfitCenter.Plant Division,
TI,semantic::ti::dataupdate - intercompany sandbox::READS_ATTRIBUTE::attribute::profitcenter.product group,SEMANTIC_KEY,1,1,READS_ATTRIBUTE,ATTRIBUTE_CATALOG_DEFERRED,ATTRIBUTE,TARGET_NOT_IN_CATALOG,Dimension and target name were supplied without hierarchy,0,,ProfitCenter,,Product Group,,,ProfitCenter.Product Group,
TI,semantic::ti::dataupdate - intercompany::READS_ATTRIBUTE::attribute::profitcenter.cocd,SEMANTIC_KEY,1,1,READS_ATTRIBUTE,ATTRIBUTE_CATALOG_DEFERRED,ATTRIBUTE,TARGET_NOT_IN_CATALOG,Dimension and target name were supplied without hierarchy,0,,ProfitCenter,,CoCd,,,ProfitCenter.CoCd,
TI,semantic::ti::dataupdate - intercompany::READS_ATTRIBUTE::attribute::profitcenter.division,SEMANTIC_KEY,1,1,READS_ATTRIBUTE,ATTRIBUTE_CATALOG_DEFERRED,ATTRIBUTE,TARGET_NOT_IN_CATALOG,Dimension and target name were supplied without hierarchy,0,,ProfitCenter,,Division,,,ProfitCenter.Division,
TI,semantic::ti::dataupdate - intercompany::READS_ATTRIBUTE::attribute::profitcenter.plant,SEMANTIC_KEY,1,1,READS_ATTRIBUTE,ATTRIBUTE_CATALOG_DEFERRED,ATTRIBUTE,TARGET_NOT_IN_CATALOG,Dimension and target name were supplied without hierarchy,0,,ProfitCenter,,Plant,,,ProfitCenter.Plant,
TI,semantic::ti::dataupdate - intercompany::READS_ATTRIBUTE::attribute::profitcenter.plant division,SEMANTIC_KEY,1,1,READS_ATTRIBUTE,ATTRIBUTE_CATALOG_DEFERRED,ATTRIBUTE,TARGET_NOT_IN_CATALOG,Dimension and target name were supplied without hierarchy,0,,ProfitCenter,,Plant Division,,,ProfitCenter.Plant Division,
TI,semantic::ti::dataupdate - intercompany::READS_ATTRIBUTE::attribute::profitcenter.product group,SEMANTIC_KEY,1,1,READS_ATTRIBUTE,ATTRIBUTE_CATALOG_DEFERRED,ATTRIBUTE,TARGET_NOT_IN_CATALOG,Dimension and target name were supplied without hierarchy,0,,ProfitCenter,,Product Group,,,ProfitCenter.Product Group,
TI,semantic::ti::dataupdate - sys gl account hierarchy::WRITES_ATTRIBUTE::attribute::sys gl account hierarchy.caption,SEMANTIC_KEY,1,1,WRITES_ATTRIBUTE,ATTRIBUTE_CATALOG_DEFERRED,ATTRIBUTE,TARGET_NOT_IN_CATALOG,Dimension and target name were supplied without hierarchy,0,,SYS GL Account Hierarchy,,CAPTION,,,SYS GL Account Hierarchy.CAPTION,
TI,semantic::ti::dataupdate - sys gl account hierarchy::WRITES_ATTRIBUTE::attribute::sys gl account hierarchy.code,SEMANTIC_KEY,1,1,WRITES_ATTRIBUTE,ATTRIBUTE_CATALOG_DEFERRED,ATTRIBUTE,TARGET_NOT_IN_CATALOG,Dimension and target name were supplied without hierarchy,0,,SYS GL Account Hierarchy,,CODE,,,SYS GL Account Hierarchy.CODE,
TI,semantic::ti::dimupdate - bs account::WRITES_ATTRIBUTE::attribute::bs account.tr.prt,SEMANTIC_KEY,1,1,WRITES_ATTRIBUTE,ATTRIBUTE_CATALOG_DEFERRED,ATTRIBUTE,TARGET_NOT_IN_CATALOG,Dimension and target name were supplied without hierarchy,0,,BS Account.Tr,,Prt,,,BS Account.Tr.Prt,
TI,semantic::ti::dimupdate - company::WRITES_ATTRIBUTE::attribute::company.jurisdict. code,SEMANTIC_KEY,1,1,WRITES_ATTRIBUTE,ATTRIBUTE_CATALOG_DEFERRED,ATTRIBUTE,TARGET_NOT_IN_CATALOG,Dimension and target name were supplied without hierarchy,0,,Company.Jurisdict,,Code,,,Company.Jurisdict. Code,
TI,semantic::ti::dimupdate - pl account::WRITES_ATTRIBUTE::attribute::pl account.tr.prt,SEMANTIC_KEY,1,1,WRITES_ATTRIBUTE,ATTRIBUTE_CATALOG_DEFERRED,ATTRIBUTE,TARGET_NOT_IN_CATALOG,Dimension and target name were supplied without hierarchy,0,,PL Account.Tr,,Prt,,,PL Account.Tr.Prt,
TI,semantic::ti::dimupdate - wbs element::WRITES_ATTRIBUTE::attribute::wbs element.name of resp. person,SEMANTIC_KEY,1,1,WRITES_ATTRIBUTE,ATTRIBUTE_CATALOG_DEFERRED,ATTRIBUTE,TARGET_NOT_IN_CATALOG,Dimension and target name were supplied without hierarchy,0,,WBS Element.Name of resp,,person,,,WBS Element.Name of resp. person,
TI,semantic::ti::dimupdate - wbs element::WRITES_ATTRIBUTE::attribute::wbs element.req. cc,SEMANTIC_KEY,1,1,WRITES_ATTRIBUTE,ATTRIBUTE_CATALOG_DEFERRED,ATTRIBUTE,TARGET_NOT_IN_CATALOG,Dimension and target name were supplied without hierarchy,0,,WBS Element.Req,,CC,,,WBS Element.Req. CC,
TI,semantic::ti::dimupdate - wbs element::WRITES_ATTRIBUTE::attribute::wbs element.resp. cc,SEMANTIC_KEY,1,1,WRITES_ATTRIBUTE,ATTRIBUTE_CATALOG_DEFERRED,ATTRIBUTE,TARGET_NOT_IN_CATALOG,Dimension and target name were supplied without hierarchy,0,,WBS Element.Resp,,CC,,,WBS Element.Resp. CC,
TI,semantic::ti::sys_dim_hierarchy_unwind_consolidation::READS_ATTRIBUTE::attribute::pdimension.bedrock.descendant,SEMANTIC_KEY,1,1,READS_ATTRIBUTE,ATTRIBUTE_CATALOG_DEFERRED,ATTRIBUTE,TARGET_NOT_IN_CATALOG,Dimension and target name were supplied without hierarchy,0,,pDimension.Bedrock,,Descendant,,,pDimension.Bedrock.Descendant,
TI,semantic::ti::sys_dim_hierarchy_unwind_consolidation::WRITES_ATTRIBUTE::attribute::pdimension.bedrock.descendant,SEMANTIC_KEY,1,1,WRITES_ATTRIBUTE,ATTRIBUTE_CATALOG_DEFERRED,ATTRIBUTE,TARGET_NOT_IN_CATALOG,Dimension and target name were supplied without hierarchy,0,,pDimension.Bedrock,,Descendant,,,pDimension.Bedrock.Descendant,
TI,semantic::ti::dataupdate - balance sheet - manual entry - clear out::CREATES_SUBSET::subset::manual input lineno.ssrcview,SEMANTIC_KEY,1,1,CREATES_SUBSET,RUNTIME_SUBSET_REFERENCE,SUBSET,DYNAMIC_REFERENCE,Expression contains dynamic tokens,0,,Manual Input LineNo,,,sSrcView,,Manual Input LineNo.sSrcView,
TI,semantic::ti::dataupdate - balance sheet - manual entry - clear out::DELETES_SUBSET::subset::manual input lineno.ssrcview,SEMANTIC_KEY,1,1,DELETES_SUBSET,RUNTIME_SUBSET_REFERENCE,SUBSET,DYNAMIC_REFERENCE,Expression contains dynamic tokens,0,,Manual Input LineNo,,,sSrcView,,Manual Input LineNo.sSrcView,
TI,semantic::ti::dataupdate - balance sheet - manual entry - clear out::UPDATES_SUBSET::subset::manual input lineno.ssrcview,SEMANTIC_KEY,1,1,UPDATES_SUBSET,RUNTIME_SUBSET_REFERENCE,SUBSET,DYNAMIC_REFERENCE,Expression contains dynamic tokens,0,,Manual Input LineNo,,,sSrcView,,Manual Input LineNo.sSrcView,
TI,semantic::ti::dataupdate - balance sheet - manual entry::CREATES_SUBSET::subset::manual input lineno.ssrcview,SEMANTIC_KEY,1,1,CREATES_SUBSET,RUNTIME_SUBSET_REFERENCE,SUBSET,DYNAMIC_REFERENCE,Expression contains dynamic tokens,0,,Manual Input LineNo,,,sSrcView,,Manual Input LineNo.sSrcView,
TI,semantic::ti::dataupdate - balance sheet - manual entry::DELETES_SUBSET::subset::manual input lineno.ssrcview,SEMANTIC_KEY,1,1,DELETES_SUBSET,RUNTIME_SUBSET_REFERENCE,SUBSET,DYNAMIC_REFERENCE,Expression contains dynamic tokens,0,,Manual Input LineNo,,,sSrcView,,Manual Input LineNo.sSrcView,
TI,semantic::ti::dataupdate - balance sheet - manual entry::UPDATES_SUBSET::subset::manual input lineno.ssrcview,SEMANTIC_KEY,1,1,UPDATES_SUBSET,RUNTIME_SUBSET_REFERENCE,SUBSET,DYNAMIC_REFERENCE,Expression contains dynamic tokens,0,,Manual Input LineNo,,,sSrcView,,Manual Input LineNo.sSrcView,
TI,semantic::ti::dataupdate - balance sheet - outlook seed actual::UPDATES_SUBSET::subset::fiscal period.ssrcview,SEMANTIC_KEY,1,1,UPDATES_SUBSET,RUNTIME_SUBSET_REFERENCE,SUBSET,DYNAMIC_REFERENCE,Expression contains dynamic tokens,0,,Fiscal Period,,,sSrcView,,Fiscal Period.sSrcView,
TI,semantic::ti::dataupdate - balance sheet - outlook seed actual::UPDATES_SUBSET::subset::fiscal period.stgtview,SEMANTIC_KEY,1,1,UPDATES_SUBSET,RUNTIME_SUBSET_REFERENCE,SUBSET,DYNAMIC_REFERENCE,Expression contains dynamic tokens,0,,Fiscal Period,,,sTgtView,,Fiscal Period.sTgtView,
TI,semantic::ti::dataupdate - balance sheet detail::UPDATES_SUBSET::subset::fiscal period.stgtview,SEMANTIC_KEY,1,1,UPDATES_SUBSET,RUNTIME_SUBSET_REFERENCE,SUBSET,DYNAMIC_REFERENCE,Expression contains dynamic tokens,0,,Fiscal Period,,,sTgtView,,Fiscal Period.sTgtView,
TI,semantic::ti::dataupdate - balance sheet::UPDATES_SUBSET::subset::fiscal period.ssrcview,SEMANTIC_KEY,1,1,UPDATES_SUBSET,RUNTIME_SUBSET_REFERENCE,SUBSET,DYNAMIC_REFERENCE,Expression contains dynamic tokens,0,,Fiscal Period,,,sSrcView,,Fiscal Period.sSrcView,
TI,semantic::ti::dataupdate - balance sheet::UPDATES_SUBSET::subset::fiscal period.stgtview,SEMANTIC_KEY,1,1,UPDATES_SUBSET,RUNTIME_SUBSET_REFERENCE,SUBSET,DYNAMIC_REFERENCE,Expression contains dynamic tokens,0,,Fiscal Period,,,sTgtView,,Fiscal Period.sTgtView,
TI,semantic::ti::dataupdate - below the line - actual::UPDATES_SUBSET::subset::fiscal period.ssrcview,SEMANTIC_KEY,1,1,UPDATES_SUBSET,RUNTIME_SUBSET_REFERENCE,SUBSET,DYNAMIC_REFERENCE,Expression contains dynamic tokens,0,,Fiscal Period,,,sSrcView,,Fiscal Period.sSrcView,
TI,semantic::ti::dataupdate - below the line - actual::UPDATES_SUBSET::subset::fiscal period.stgtview,SEMANTIC_KEY,1,1,UPDATES_SUBSET,RUNTIME_SUBSET_REFERENCE,SUBSET,DYNAMIC_REFERENCE,Expression contains dynamic tokens,0,,Fiscal Period,,,sTgtView,,Fiscal Period.sTgtView,
TI,semantic::ti::dataupdate - below the line - actual::UPDATES_SUBSET::subset::functional area.ssrcview,SEMANTIC_KEY,1,1,UPDATES_SUBSET,RUNTIME_SUBSET_REFERENCE,SUBSET,DYNAMIC_REFERENCE,Expression contains dynamic tokens,0,,Functional Area,,,sSrcView,,Functional Area.sSrcView,
TI,semantic::ti::dataupdate - below the line - corporate headcount::UPDATES_SUBSET::subset::fiscal period.ssrcview,SEMANTIC_KEY,1,1,UPDATES_SUBSET,RUNTIME_SUBSET_REFERENCE,SUBSET,DYNAMIC_REFERENCE,Expression contains dynamic tokens,0,,Fiscal Period,,,sSrcView,,Fiscal Period.sSrcView,
TI,semantic::ti::dataupdate - below the line - corporate headcount::UPDATES_SUBSET::subset::fiscal period.stgtview,SEMANTIC_KEY,1,1,UPDATES_SUBSET,RUNTIME_SUBSET_REFERENCE,SUBSET,DYNAMIC_REFERENCE,Expression contains dynamic tokens,0,,Fiscal Period,,,sTgtView,,Fiscal Period.sTgtView,
TI,semantic::ti::dataupdate - below the line - outlook seed actual::UPDATES_SUBSET::subset::fiscal period.ssrcview,SEMANTIC_KEY,1,1,UPDATES_SUBSET,RUNTIME_SUBSET_REFERENCE,SUBSET,DYNAMIC_REFERENCE,Expression contains dynamic tokens,0,,Fiscal Period,,,sSrcView,,Fiscal Period.sSrcView,
TI,semantic::ti::dataupdate - below the line - outlook seed actual::UPDATES_SUBSET::subset::fiscal period.stgtview,SEMANTIC_KEY,1,1,UPDATES_SUBSET,RUNTIME_SUBSET_REFERENCE,SUBSET,DYNAMIC_REFERENCE,Expression contains dynamic tokens,0,,Fiscal Period,,,sTgtView,,Fiscal Period.sTgtView,
TI,semantic::ti::dataupdate - below the line assessment - actual - assessment offset postings::UPDATES_SUBSET::subset::cost center.ssrcview,SEMANTIC_KEY,1,1,UPDATES_SUBSET,RUNTIME_SUBSET_REFERENCE,SUBSET,DYNAMIC_REFERENCE,Expression contains dynamic tokens,0,,Cost Center,,,sSrcView,,Cost Center.sSrcView,
TI,semantic::ti::dataupdate - below the line assessment - actual - assessment offset postings::UPDATES_SUBSET::subset::fiscal period.ssrcview,SEMANTIC_KEY,1,1,UPDATES_SUBSET,RUNTIME_SUBSET_REFERENCE,SUBSET,DYNAMIC_REFERENCE,Expression contains dynamic tokens,0,,Fiscal Period,,,sSrcView,,Fiscal Period.sSrcView,
TI,semantic::ti::dataupdate - below the line assessment - actual - assessment offset postings::UPDATES_SUBSET::subset::fiscal period.stgtview,SEMANTIC_KEY,1,1,UPDATES_SUBSET,RUNTIME_SUBSET_REFERENCE,SUBSET,DYNAMIC_REFERENCE,Expression contains dynamic tokens,0,,Fiscal Period,,,sTgtView,,Fiscal Period.sTgtView,
TI,semantic::ti::dataupdate - below the line assessment - actual - assessment postings::UPDATES_SUBSET::subset::cost center.ssrcview,SEMANTIC_KEY,1,1,UPDATES_SUBSET,RUNTIME_SUBSET_REFERENCE,SUBSET,DYNAMIC_REFERENCE,Expression contains dynamic tokens,0,,Cost Center,,,sSrcView,,Cost Center.sSrcView,
TI,semantic::ti::dataupdate - below the line assessment - actual - assessment postings::UPDATES_SUBSET::subset::fiscal period.ssrcview,SEMANTIC_KEY,1,1,UPDATES_SUBSET,RUNTIME_SUBSET_REFERENCE,SUBSET,DYNAMIC_REFERENCE,Expression contains dynamic tokens,0,,Fiscal Period,,,sSrcView,,Fiscal Period.sSrcView,
TI,semantic::ti::dataupdate - below the line assessment - actual - assessment postings::UPDATES_SUBSET::subset::fiscal period.stgtview,SEMANTIC_KEY,1,1,UPDATES_SUBSET,RUNTIME_SUBSET_REFERENCE,SUBSET,DYNAMIC_REFERENCE,Expression contains dynamic tokens,0,,Fiscal Period,,,sTgtView,,Fiscal Period.sTgtView,
TI,semantic::ti::dataupdate - below the line assessment - actual - assessment postings::UPDATES_SUBSET::subset::functional area.ssrcview,SEMANTIC_KEY,1,1,UPDATES_SUBSET,RUNTIME_SUBSET_REFERENCE,SUBSET,DYNAMIC_REFERENCE,Expression contains dynamic tokens,0,,Functional Area,,,sSrcView,,Functional Area.sSrcView,
TI,semantic::ti::dataupdate - below the line assessment - actual - assessment postings::UPDATES_SUBSET::subset::pl account.ssrcview,SEMANTIC_KEY,1,1,UPDATES_SUBSET,RUNTIME_SUBSET_REFERENCE,SUBSET,DYNAMIC_REFERENCE,Expression contains dynamic tokens,0,,PL Account,,,sSrcView,,PL Account.sSrcView,
TI,semantic::ti::dataupdate - below the line assessments - outlook - period range::UPDATES_SUBSET::subset::fiscal period.ssrcview,SEMANTIC_KEY,1,1,UPDATES_SUBSET,RUNTIME_SUBSET_REFERENCE,SUBSET,DYNAMIC_REFERENCE,Expression contains dynamic tokens,0,,Fiscal Period,,,sSrcView,,Fiscal Period.sSrcView,
TI,semantic::ti::dataupdate - below the line assessments - outlook - period range::UPDATES_SUBSET::subset::fiscal period.stgt2view,SEMANTIC_KEY,1,1,UPDATES_SUBSET,RUNTIME_SUBSET_REFERENCE,SUBSET,DYNAMIC_REFERENCE,Expression contains dynamic tokens,0,,Fiscal Period,,,sTgt2View,,Fiscal Period.sTgt2View,
TI,semantic::ti::dataupdate - below the line assessments - outlook - period range::UPDATES_SUBSET::subset::fiscal period.stgtview,SEMANTIC_KEY,1,1,UPDATES_SUBSET,RUNTIME_SUBSET_REFERENCE,SUBSET,DYNAMIC_REFERENCE,Expression contains dynamic tokens,0,,Fiscal Period,,,sTgtView,,Fiscal Period.sTgtView,
TI,semantic::ti::dataupdate - below the line assessments - outlook assessment percentage - plan::UPDATES_SUBSET::subset::below the line source.ssrcview,SEMANTIC_KEY,1,1,UPDATES_SUBSET,RUNTIME_SUBSET_REFERENCE,SUBSET,DYNAMIC_REFERENCE,Expression contains dynamic tokens,0,,Below the Line Source,,,sSrcView,,Below the Line Source.sSrcView,
TI,semantic::ti::dataupdate - below the line assessments - outlook assessment percentage - plan::UPDATES_SUBSET::subset::fiscal period.ssrcview,SEMANTIC_KEY,1,1,UPDATES_SUBSET,RUNTIME_SUBSET_REFERENCE,SUBSET,DYNAMIC_REFERENCE,Expression contains dynamic tokens,0,,Fiscal Period,,,sSrcView,,Fiscal Period.sSrcView,
TI,semantic::ti::dataupdate - below the line assessments - outlook assessment percentage::UPDATES_SUBSET::subset::below the line source.ssrcview,SEMANTIC_KEY,1,1,UPDATES_SUBSET,RUNTIME_SUBSET_REFERENCE,SUBSET,DYNAMIC_REFERENCE,Expression contains dynamic tokens,0,,Below the Line Source,,,sSrcView,,Below the Line Source.sSrcView,
TI,semantic::ti::dataupdate - below the line assessments - outlook assessment percentage::UPDATES_SUBSET::subset::fiscal period.ssrcview,SEMANTIC_KEY,1,1,UPDATES_SUBSET,RUNTIME_SUBSET_REFERENCE,SUBSET,DYNAMIC_REFERENCE,Expression contains dynamic tokens,0,,Fiscal Period,,,sSrcView,,Fiscal Period.sSrcView,
TI,semantic::ti::dataupdate - below the line assessments - outlook seed actual::UPDATES_SUBSET::subset::fiscal period.ssrcview,SEMANTIC_KEY,1,1,UPDATES_SUBSET,RUNTIME_SUBSET_REFERENCE,SUBSET,DYNAMIC_REFERENCE,Expression contains dynamic tokens,0,,Fiscal Period,,,sSrcView,,Fiscal Period.sSrcView,
TI,semantic::ti::dataupdate - below the line assessments - outlook seed actual::UPDATES_SUBSET::subset::fiscal period.stgtview,SEMANTIC_KEY,1,1,UPDATES_SUBSET,RUNTIME_SUBSET_REFERENCE,SUBSET,DYNAMIC_REFERENCE,Expression contains dynamic tokens,0,,Fiscal Period,,,sTgtView,,Fiscal Period.sTgtView,
TI,semantic::ti::dataupdate - corporate headcount - outlook seed actual::UPDATES_SUBSET::subset::fiscal period.ssrcview,SEMANTIC_KEY,1,1,UPDATES_SUBSET,RUNTIME_SUBSET_REFERENCE,SUBSET,DYNAMIC_REFERENCE,Expression contains dynamic tokens,0,,Fiscal Period,,,sSrcView,,Fiscal Period.sSrcView,
TI,semantic::ti::dataupdate - corporate headcount - outlook seed actual::UPDATES_SUBSET::subset::fiscal period.stgtview,SEMANTIC_KEY,1,1,UPDATES_SUBSET,RUNTIME_SUBSET_REFERENCE,SUBSET,DYNAMIC_REFERENCE,Expression contains dynamic tokens,0,,Fiscal Period,,,sTgtView,,Fiscal Period.sTgtView,
TI,semantic::ti::dataupdate - cost standards - keph::UPDATES_SUBSET::subset::element.stgtview,SEMANTIC_KEY,1,1,UPDATES_SUBSET,RUNTIME_SUBSET_REFERENCE,SUBSET,DYNAMIC_REFERENCE,Expression contains dynamic tokens,0,,ELEMENT,,,sTgtView,,ELEMENT.sTgtView,
TI,semantic::ti::dataupdate - customer profitability - outlook seed actual::UPDATES_SUBSET::subset::fiscal period.ssrcview,SEMANTIC_KEY,1,1,UPDATES_SUBSET,RUNTIME_SUBSET_REFERENCE,SUBSET,DYNAMIC_REFERENCE,Expression contains dynamic tokens,0,,Fiscal Period,,,sSrcView,,Fiscal Period.sSrcView,
TI,semantic::ti::dataupdate - customer profitability - outlook seed actual::UPDATES_SUBSET::subset::fiscal period.stgtview,SEMANTIC_KEY,1,1,UPDATES_SUBSET,RUNTIME_SUBSET_REFERENCE,SUBSET,DYNAMIC_REFERENCE,Expression contains dynamic tokens,0,,Fiscal Period,,,sTgtView,,Fiscal Period.sTgtView,
TI,semantic::ti::dataupdate - customer profitability::UPDATES_SUBSET::subset::fiscal period.ssrcview,SEMANTIC_KEY,1,1,UPDATES_SUBSET,RUNTIME_SUBSET_REFERENCE,SUBSET,DYNAMIC_REFERENCE,Expression contains dynamic tokens,0,,Fiscal Period,,,sSrcView,,Fiscal Period.sSrcView,
TI,semantic::ti::dataupdate - customer profitability::UPDATES_SUBSET::subset::fiscal period.stgtview,SEMANTIC_KEY,1,1,UPDATES_SUBSET,RUNTIME_SUBSET_REFERENCE,SUBSET,DYNAMIC_REFERENCE,Expression contains dynamic tokens,0,,Fiscal Period,,,sTgtView,,Fiscal Period.sTgtView,
TI,semantic::ti::dataupdate - fixed manufacturing cost - actual::UPDATES_SUBSET::subset::fiscal period.ssrcview,SEMANTIC_KEY,1,1,UPDATES_SUBSET,RUNTIME_SUBSET_REFERENCE,SUBSET,DYNAMIC_REFERENCE,Expression contains dynamic tokens,0,,Fiscal Period,,,sSrcView,,Fiscal Period.sSrcView,
TI,semantic::ti::dataupdate - fixed manufacturing cost - actual::UPDATES_SUBSET::subset::fiscal period.stgtview,SEMANTIC_KEY,1,1,UPDATES_SUBSET,RUNTIME_SUBSET_REFERENCE,SUBSET,DYNAMIC_REFERENCE,Expression contains dynamic tokens,0,,Fiscal Period,,,sTgtView,,Fiscal Period.sTgtView,
TI,semantic::ti::dataupdate - fixed manufacturing cost - actual::UPDATES_SUBSET::subset::functional area.ssrcview,SEMANTIC_KEY,1,1,UPDATES_SUBSET,RUNTIME_SUBSET_REFERENCE,SUBSET,DYNAMIC_REFERENCE,Expression contains dynamic tokens,0,,Functional Area,,,sSrcView,,Functional Area.sSrcView,
TI,semantic::ti::dataupdate - fixed manufacturing cost - load outlook to budinc::UPDATES_SUBSET::subset::plant.stgtview,SEMANTIC_KEY,1,1,UPDATES_SUBSET,RUNTIME_SUBSET_REFERENCE,SUBSET,DYNAMIC_REFERENCE,Expression contains dynamic tokens,0,,Plant,,,sTgtView,,Plant.sTgtView,
TI,semantic::ti::dataupdate - fixed manufacturing cost - outlook seed actual::UPDATES_SUBSET::subset::fiscal period.ssrcview,SEMANTIC_KEY,1,1,UPDATES_SUBSET,RUNTIME_SUBSET_REFERENCE,SUBSET,DYNAMIC_REFERENCE,Expression contains dynamic tokens,0,,Fiscal Period,,,sSrcView,,Fiscal Period.sSrcView,
TI,semantic::ti::dataupdate - fixed manufacturing cost - outlook seed actual::UPDATES_SUBSET::subset::fiscal period.stgtview,SEMANTIC_KEY,1,1,UPDATES_SUBSET,RUNTIME_SUBSET_REFERENCE,SUBSET,DYNAMIC_REFERENCE,Expression contains dynamic tokens,0,,Fiscal Period,,,sTgtView,,Fiscal Period.sTgtView,
TI,semantic::ti::dataupdate - fixed manufacturing cost assessment - t account assessment::UPDATES_SUBSET::subset::fiscal period.ssrcview,SEMANTIC_KEY,1,1,UPDATES_SUBSET,RUNTIME_SUBSET_REFERENCE,SUBSET,DYNAMIC_REFERENCE,Expression contains dynamic tokens,0,,Fiscal Period,,,sSrcView,,Fiscal Period.sSrcView,
TI,semantic::ti::dataupdate - fixed manufacturing cost assessment - t account assessment::UPDATES_SUBSET::subset::fiscal period.stgtview,SEMANTIC_KEY,1,1,UPDATES_SUBSET,RUNTIME_SUBSET_REFERENCE,SUBSET,DYNAMIC_REFERENCE,Expression contains dynamic tokens,0,,Fiscal Period,,,sTgtView,,Fiscal Period.sTgtView,
TI,semantic::ti::dataupdate - fixed manufacturing cost assessment::UPDATES_SUBSET::subset::fiscal period.ssrcview,SEMANTIC_KEY,1,1,UPDATES_SUBSET,RUNTIME_SUBSET_REFERENCE,SUBSET,DYNAMIC_REFERENCE,Expression contains dynamic tokens,0,,Fiscal Period,,,sSrcView,,Fiscal Period.sSrcView,
TI,semantic::ti::dataupdate - fixed manufacturing cost assessment::UPDATES_SUBSET::subset::fiscal period.stgtview,SEMANTIC_KEY,1,1,UPDATES_SUBSET,RUNTIME_SUBSET_REFERENCE,SUBSET,DYNAMIC_REFERENCE,Expression contains dynamic tokens,0,,Fiscal Period,,,sTgtView,,Fiscal Period.sTgtView,
TI,semantic::ti::dataupdate - fund flow::UPDATES_SUBSET::subset::fiscal period.ssrcview,SEMANTIC_KEY,1,1,UPDATES_SUBSET,RUNTIME_SUBSET_REFERENCE,SUBSET,DYNAMIC_REFERENCE,Expression contains dynamic tokens,0,,Fiscal Period,,,sSrcView,,Fiscal Period.sSrcView,
TI,semantic::ti::dataupdate - fund flow::UPDATES_SUBSET::subset::fiscal period.stgtview,SEMANTIC_KEY,1,1,UPDATES_SUBSET,RUNTIME_SUBSET_REFERENCE,SUBSET,DYNAMIC_REFERENCE,Expression contains dynamic tokens,0,,Fiscal Period,,,sTgtView,,Fiscal Period.sTgtView,
TI,semantic::ti::dataupdate - glenn springs project - actual::UPDATES_SUBSET::subset::fiscal period.ssrcview,SEMANTIC_KEY,1,1,UPDATES_SUBSET,RUNTIME_SUBSET_REFERENCE,SUBSET,DYNAMIC_REFERENCE,Expression contains dynamic tokens,0,,Fiscal Period,,,sSrcView,,Fiscal Period.sSrcView,
TI,semantic::ti::dataupdate - glenn springs project - actual::UPDATES_SUBSET::subset::fiscal period.stgtview,SEMANTIC_KEY,1,1,UPDATES_SUBSET,RUNTIME_SUBSET_REFERENCE,SUBSET,DYNAMIC_REFERENCE,Expression contains dynamic tokens,0,,Fiscal Period,,,sTgtView,,Fiscal Period.sTgtView,
TI,semantic::ti::dataupdate - glenn springs project - remaining unassigned::UPDATES_SUBSET::subset::fiscal period.ssrcview,SEMANTIC_KEY,1,1,UPDATES_SUBSET,RUNTIME_SUBSET_REFERENCE,SUBSET,DYNAMIC_REFERENCE,Expression contains dynamic tokens,0,,Fiscal Period,,,sSrcView,,Fiscal Period.sSrcView,
TI,semantic::ti::dataupdate - glenn springs project - unassigned::UPDATES_SUBSET::subset::fiscal period.ssrcview,SEMANTIC_KEY,1,1,UPDATES_SUBSET,RUNTIME_SUBSET_REFERENCE,SUBSET,DYNAMIC_REFERENCE,Expression contains dynamic tokens,0,,Fiscal Period,,,sSrcView,,Fiscal Period.sSrcView,
TI,semantic::ti::dataupdate - glenn springs project - unassigned::UPDATES_SUBSET::subset::glenn springs order.ssrcview,SEMANTIC_KEY,1,1,UPDATES_SUBSET,RUNTIME_SUBSET_REFERENCE,SUBSET,DYNAMIC_REFERENCE,Expression contains dynamic tokens,0,,Glenn Springs Order,,,sSrcView,,Glenn Springs Order.sSrcView,
TI,semantic::ti::dataupdate - intercompany - manual entry - clear out::CREATES_SUBSET::subset::manual input lineno.ssrcview,SEMANTIC_KEY,1,1,CREATES_SUBSET,RUNTIME_SUBSET_REFERENCE,SUBSET,DYNAMIC_REFERENCE,Expression contains dynamic tokens,0,,Manual Input LineNo,,,sSrcView,,Manual Input LineNo.sSrcView,
TI,semantic::ti::dataupdate - intercompany - manual entry - clear out::DELETES_SUBSET::subset::manual input lineno.ssrcview,SEMANTIC_KEY,1,1,DELETES_SUBSET,RUNTIME_SUBSET_REFERENCE,SUBSET,DYNAMIC_REFERENCE,Expression contains dynamic tokens,0,,Manual Input LineNo,,,sSrcView,,Manual Input LineNo.sSrcView,
TI,semantic::ti::dataupdate - intercompany - manual entry - clear out::UPDATES_SUBSET::subset::manual input lineno.ssrcview,SEMANTIC_KEY,1,1,UPDATES_SUBSET,RUNTIME_SUBSET_REFERENCE,SUBSET,DYNAMIC_REFERENCE,Expression contains dynamic tokens,0,,Manual Input LineNo,,,sSrcView,,Manual Input LineNo.sSrcView,
TI,semantic::ti::dataupdate - intercompany - manual entry::CREATES_SUBSET::subset::manual input lineno.ssrcview,SEMANTIC_KEY,1,1,CREATES_SUBSET,RUNTIME_SUBSET_REFERENCE,SUBSET,DYNAMIC_REFERENCE,Expression contains dynamic tokens,0,,Manual Input LineNo,,,sSrcView,,Manual Input LineNo.sSrcView,
TI,semantic::ti::dataupdate - intercompany - manual entry::DELETES_SUBSET::subset::manual input lineno.ssrcview,SEMANTIC_KEY,1,1,DELETES_SUBSET,RUNTIME_SUBSET_REFERENCE,SUBSET,DYNAMIC_REFERENCE,Expression contains dynamic tokens,0,,Manual Input LineNo,,,sSrcView,,Manual Input LineNo.sSrcView,
TI,semantic::ti::dataupdate - intercompany - manual entry::UPDATES_SUBSET::subset::manual input lineno.ssrcview,SEMANTIC_KEY,1,1,UPDATES_SUBSET,RUNTIME_SUBSET_REFERENCE,SUBSET,DYNAMIC_REFERENCE,Expression contains dynamic tokens,0,,Manual Input LineNo,,,sSrcView,,Manual Input LineNo.sSrcView,
TI,semantic::ti::dataupdate - intercompany sandbox - cos elim::UPDATES_SUBSET::subset::fiscal period.ssrcview,SEMANTIC_KEY,1,1,UPDATES_SUBSET,RUNTIME_SUBSET_REFERENCE,SUBSET,DYNAMIC_REFERENCE,Expression contains dynamic tokens,0,,Fiscal Period,,,sSrcView,,Fiscal Period.sSrcView,
TI,semantic::ti::dataupdate - intercompany sandbox - cos elim::UPDATES_SUBSET::subset::fiscal period.stgtview,SEMANTIC_KEY,1,1,UPDATES_SUBSET,RUNTIME_SUBSET_REFERENCE,SUBSET,DYNAMIC_REFERENCE,Expression contains dynamic tokens,0,,Fiscal Period,,,sTgtView,,Fiscal Period.sTgtView,
TI,semantic::ti::dataupdate - intercompany sandbox - cos elim::UPDATES_SUBSET::subset::fiscal period.stgtview2,SEMANTIC_KEY,1,1,UPDATES_SUBSET,RUNTIME_SUBSET_REFERENCE,SUBSET,DYNAMIC_REFERENCE,Expression contains dynamic tokens,0,,Fiscal Period,,,sTgtView2,,Fiscal Period.sTgtView2,
TI,semantic::ti::dataupdate - intercompany sandbox - cos elim::UPDATES_SUBSET::subset::mintercompany.ssrcview,SEMANTIC_KEY,1,1,UPDATES_SUBSET,RUNTIME_SUBSET_REFERENCE,SUBSET,DYNAMIC_REFERENCE,Expression contains dynamic tokens,0,,mInterCompany,,,sSrcView,,mInterCompany.sSrcView,
TI,semantic::ti::dataupdate - intercompany sandbox - internal markup::UPDATES_SUBSET::subset::fiscal period.ssrcview,SEMANTIC_KEY,1,1,UPDATES_SUBSET,RUNTIME_SUBSET_REFERENCE,SUBSET,DYNAMIC_REFERENCE,Expression contains dynamic tokens,0,,Fiscal Period,,,sSrcView,,Fiscal Period.sSrcView,
TI,semantic::ti::dataupdate - intercompany sandbox - internal markup::UPDATES_SUBSET::subset::mintercompany.ssrcview,SEMANTIC_KEY,1,1,UPDATES_SUBSET,RUNTIME_SUBSET_REFERENCE,SUBSET,DYNAMIC_REFERENCE,Expression contains dynamic tokens,0,,mInterCompany,,,sSrcView,,mInterCompany.sSrcView,
TI,semantic::ti::dataupdate - intercompany sandbox - internal markup::UPDATES_SUBSET::subset::pl account.ssrcview,SEMANTIC_KEY,1,1,UPDATES_SUBSET,RUNTIME_SUBSET_REFERENCE,SUBSET,DYNAMIC_REFERENCE,Expression contains dynamic tokens,0,,PL Account,,,sSrcView,,PL Account.sSrcView,
TI,semantic::ti::dataupdate - intercompany sandbox - sales elim::UPDATES_SUBSET::subset::fiscal period.ssrcview,SEMANTIC_KEY,1,1,UPDATES_SUBSET,RUNTIME_SUBSET_REFERENCE,SUBSET,DYNAMIC_REFERENCE,Expression contains dynamic tokens,0,,Fiscal Period,,,sSrcView,,Fiscal Period.sSrcView,
TI,semantic::ti::dataupdate - intercompany sandbox - sales elim::UPDATES_SUBSET::subset::fiscal period.stgtview,SEMANTIC_KEY,1,1,UPDATES_SUBSET,RUNTIME_SUBSET_REFERENCE,SUBSET,DYNAMIC_REFERENCE,Expression contains dynamic tokens,0,,Fiscal Period,,,sTgtView,,Fiscal Period.sTgtView,
TI,semantic::ti::dataupdate - intercompany sandbox - sales elim::UPDATES_SUBSET::subset::fiscal period.stgtview2,SEMANTIC_KEY,1,1,UPDATES_SUBSET,RUNTIME_SUBSET_REFERENCE,SUBSET,DYNAMIC_REFERENCE,Expression contains dynamic tokens,0,,Fiscal Period,,,sTgtView2,,Fiscal Period.sTgtView2,
TI,semantic::ti::dataupdate - intercompany sandbox - sales elim::UPDATES_SUBSET::subset::mintercompany.ssrcview,SEMANTIC_KEY,1,1,UPDATES_SUBSET,RUNTIME_SUBSET_REFERENCE,SUBSET,DYNAMIC_REFERENCE,Expression contains dynamic tokens,0,,mInterCompany,,,sSrcView,,mInterCompany.sSrcView,
TI,semantic::ti::dataupdate - intercompany sandbox::UPDATES_SUBSET::subset::fiscal period.ssrcview,SEMANTIC_KEY,1,1,UPDATES_SUBSET,RUNTIME_SUBSET_REFERENCE,SUBSET,DYNAMIC_REFERENCE,Expression contains dynamic tokens,0,,Fiscal Period,,,sSrcView,,Fiscal Period.sSrcView,
TI,semantic::ti::dataupdate - intercompany sandbox::UPDATES_SUBSET::subset::fiscal period.stgtview,SEMANTIC_KEY,1,1,UPDATES_SUBSET,RUNTIME_SUBSET_REFERENCE,SUBSET,DYNAMIC_REFERENCE,Expression contains dynamic tokens,0,,Fiscal Period,,,sTgtView,,Fiscal Period.sTgtView,
TI,semantic::ti::dataupdate - intercompany::UPDATES_SUBSET::subset::fiscal period.ssrcview,SEMANTIC_KEY,1,1,UPDATES_SUBSET,RUNTIME_SUBSET_REFERENCE,SUBSET,DYNAMIC_REFERENCE,Expression contains dynamic tokens,0,,Fiscal Period,,,sSrcView,,Fiscal Period.sSrcView,
TI,semantic::ti::dataupdate - intercompany::UPDATES_SUBSET::subset::fiscal period.stgtview,SEMANTIC_KEY,1,1,UPDATES_SUBSET,RUNTIME_SUBSET_REFERENCE,SUBSET,DYNAMIC_REFERENCE,Expression contains dynamic tokens,0,,Fiscal Period,,,sTgtView,,Fiscal Period.sTgtView,
TI,semantic::ti::dataupdate - inventory walk - manual entries::UPDATES_SUBSET::subset::fiscal period.ssrcview,SEMANTIC_KEY,1,1,UPDATES_SUBSET,RUNTIME_SUBSET_REFERENCE,SUBSET,DYNAMIC_REFERENCE,Expression contains dynamic tokens,0,,Fiscal Period,,,sSrcView,,Fiscal Period.sSrcView,
TI,semantic::ti::dataupdate - inventory walk - manual entries::UPDATES_SUBSET::subset::fiscal period.stgtview,SEMANTIC_KEY,1,1,UPDATES_SUBSET,RUNTIME_SUBSET_REFERENCE,SUBSET,DYNAMIC_REFERENCE,Expression contains dynamic tokens,0,,Fiscal Period,,,sTgtView,,Fiscal Period.sTgtView,
TI,semantic::ti::dataupdate - inventory walk - outlook seed actual::UPDATES_SUBSET::subset::fiscal period.ssrcview,SEMANTIC_KEY,1,1,UPDATES_SUBSET,RUNTIME_SUBSET_REFERENCE,SUBSET,DYNAMIC_REFERENCE,Expression contains dynamic tokens,0,,Fiscal Period,,,sSrcView,,Fiscal Period.sSrcView,
TI,semantic::ti::dataupdate - inventory walk - outlook seed actual::UPDATES_SUBSET::subset::fiscal period.stgtview,SEMANTIC_KEY,1,1,UPDATES_SUBSET,RUNTIME_SUBSET_REFERENCE,SUBSET,DYNAMIC_REFERENCE,Expression contains dynamic tokens,0,,Fiscal Period,,,sTgtView,,Fiscal Period.sTgtView,
TI,semantic::ti::dataupdate - inventory walk - production adjustment::UPDATES_SUBSET::subset::fiscal period.ssrcview,SEMANTIC_KEY,1,1,UPDATES_SUBSET,RUNTIME_SUBSET_REFERENCE,SUBSET,DYNAMIC_REFERENCE,Expression contains dynamic tokens,0,,Fiscal Period,,,sSrcView,,Fiscal Period.sSrcView,
TI,semantic::ti::dataupdate - inventory walk - production adjustment::UPDATES_SUBSET::subset::fiscal period.stgtview,SEMANTIC_KEY,1,1,UPDATES_SUBSET,RUNTIME_SUBSET_REFERENCE,SUBSET,DYNAMIC_REFERENCE,Expression contains dynamic tokens,0,,Fiscal Period,,,sTgtView,,Fiscal Period.sTgtView,
TI,semantic::ti::dataupdate - inventory walk::UPDATES_SUBSET::subset::fiscal period.ssrcview,SEMANTIC_KEY,1,1,UPDATES_SUBSET,RUNTIME_SUBSET_REFERENCE,SUBSET,DYNAMIC_REFERENCE,Expression contains dynamic tokens,0,,Fiscal Period,,,sSrcView,,Fiscal Period.sSrcView,
TI,semantic::ti::dataupdate - inventory walk::UPDATES_SUBSET::subset::fiscal period.stgtview,SEMANTIC_KEY,1,1,UPDATES_SUBSET,RUNTIME_SUBSET_REFERENCE,SUBSET,DYNAMIC_REFERENCE,Expression contains dynamic tokens,0,,Fiscal Period,,,sTgtView,,Fiscal Period.sTgtView,
TI,semantic::ti::dataupdate - inventory walk::UPDATES_SUBSET::subset::mbalance sheet detail.ssrcview,SEMANTIC_KEY,1,1,UPDATES_SUBSET,RUNTIME_SUBSET_REFERENCE,SUBSET,DYNAMIC_REFERENCE,Expression contains dynamic tokens,0,,mBalance Sheet Detail,,,sSrcView,,mBalance Sheet Detail.sSrcView,
TI,semantic::ti::dataupdate - manufacturing cost - exclude::UPDATES_SUBSET::subset::fiscal period.ssrcview,SEMANTIC_KEY,1,1,UPDATES_SUBSET,RUNTIME_SUBSET_REFERENCE,SUBSET,DYNAMIC_REFERENCE,Expression contains dynamic tokens,0,,Fiscal Period,,,sSrcView,,Fiscal Period.sSrcView,
TI,semantic::ti::dataupdate - manufacturing cost - exclude::UPDATES_SUBSET::subset::fiscal period.stgtview,SEMANTIC_KEY,1,1,UPDATES_SUBSET,RUNTIME_SUBSET_REFERENCE,SUBSET,DYNAMIC_REFERENCE,Expression contains dynamic tokens,0,,Fiscal Period,,,sTgtView,,Fiscal Period.sTgtView,
TI,semantic::ti::dataupdate - manufacturing cost - outlook seed actual::UPDATES_SUBSET::subset::fiscal period.ssrcview,SEMANTIC_KEY,1,1,UPDATES_SUBSET,RUNTIME_SUBSET_REFERENCE,SUBSET,DYNAMIC_REFERENCE,Expression contains dynamic tokens,0,,Fiscal Period,,,sSrcView,,Fiscal Period.sSrcView,
TI,semantic::ti::dataupdate - manufacturing cost - outlook seed actual::UPDATES_SUBSET::subset::fiscal period.stgtview,SEMANTIC_KEY,1,1,UPDATES_SUBSET,RUNTIME_SUBSET_REFERENCE,SUBSET,DYNAMIC_REFERENCE,Expression contains dynamic tokens,0,,Fiscal Period,,,sTgtView,,Fiscal Period.sTgtView,
TI,semantic::ti::dataupdate - manufacturing cost - transferred costs::UPDATES_SUBSET::subset::fiscal period.stgtview,SEMANTIC_KEY,1,1,UPDATES_SUBSET,RUNTIME_SUBSET_REFERENCE,SUBSET,DYNAMIC_REFERENCE,Expression contains dynamic tokens,0,,Fiscal Period,,,sTgtView,,Fiscal Period.sTgtView,
TI,semantic::ti::dataupdate - manufacturing cost balancing::UPDATES_SUBSET::subset::fiscal period.ssrcview,SEMANTIC_KEY,1,1,UPDATES_SUBSET,RUNTIME_SUBSET_REFERENCE,SUBSET,DYNAMIC_REFERENCE,Expression contains dynamic tokens,0,,Fiscal Period,,,sSrcView,,Fiscal Period.sSrcView,
TI,semantic::ti::dataupdate - manufacturing cost balancing::UPDATES_SUBSET::subset::pl account.ssrcview,SEMANTIC_KEY,1,1,UPDATES_SUBSET,RUNTIME_SUBSET_REFERENCE,SUBSET,DYNAMIC_REFERENCE,Expression contains dynamic tokens,0,,PL Account,,,sSrcView,,PL Account.sSrcView,
TI,semantic::ti::dataupdate - manufacturing cost::UPDATES_SUBSET::subset::fiscal period.stgtview,SEMANTIC_KEY,1,1,UPDATES_SUBSET,RUNTIME_SUBSET_REFERENCE,SUBSET,DYNAMIC_REFERENCE,Expression contains dynamic tokens,0,,Fiscal Period,,,sTgtView,,Fiscal Period.sTgtView,
TI,semantic::ti::dataupdate - material ledger - beginning and ending inventory::CREATES_SUBSET::subset::ml document.ssrcview,SEMANTIC_KEY,1,1,CREATES_SUBSET,RUNTIME_SUBSET_REFERENCE,SUBSET,DYNAMIC_REFERENCE,Expression contains dynamic tokens,0,,ML Document,,,sSrcView,,ML Document.sSrcView,
TI,semantic::ti::dataupdate - material ledger - beginning and ending inventory::DELETES_SUBSET::subset::ml document.ssrcview,SEMANTIC_KEY,1,1,DELETES_SUBSET,RUNTIME_SUBSET_REFERENCE,SUBSET,DYNAMIC_REFERENCE,Expression contains dynamic tokens,0,,ML Document,,,sSrcView,,ML Document.sSrcView,
TI,semantic::ti::dataupdate - material ledger - consumption - all other::CREATES_SUBSET::subset::ml document.ssrcview,SEMANTIC_KEY,1,1,CREATES_SUBSET,RUNTIME_SUBSET_REFERENCE,SUBSET,DYNAMIC_REFERENCE,Expression contains dynamic tokens,0,,ML Document,,,sSrcView,,ML Document.sSrcView,
TI,semantic::ti::dataupdate - material ledger - consumption - all other::DELETES_SUBSET::subset::ml document.ssrcview,SEMANTIC_KEY,1,1,DELETES_SUBSET,RUNTIME_SUBSET_REFERENCE,SUBSET,DYNAMIC_REFERENCE,Expression contains dynamic tokens,0,,ML Document,,,sSrcView,,ML Document.sSrcView,
TI,semantic::ti::dataupdate - material ledger - consumption - production::CREATES_SUBSET::subset::ml document.ssrcview,SEMANTIC_KEY,1,1,CREATES_SUBSET,RUNTIME_SUBSET_REFERENCE,SUBSET,DYNAMIC_REFERENCE,Expression contains dynamic tokens,0,,ML Document,,,sSrcView,,ML Document.sSrcView,
TI,semantic::ti::dataupdate - material ledger - consumption - production::DELETES_SUBSET::subset::ml document.ssrcview,SEMANTIC_KEY,1,1,DELETES_SUBSET,RUNTIME_SUBSET_REFERENCE,SUBSET,DYNAMIC_REFERENCE,Expression contains dynamic tokens,0,,ML Document,,,sSrcView,,ML Document.sSrcView,
TI,semantic::ti::dataupdate - material ledger - consumption - sales::CREATES_SUBSET::subset::ml document.ssrcview,SEMANTIC_KEY,1,1,CREATES_SUBSET,RUNTIME_SUBSET_REFERENCE,SUBSET,DYNAMIC_REFERENCE,Expression contains dynamic tokens,0,,ML Document,,,sSrcView,,ML Document.sSrcView,
TI,semantic::ti::dataupdate - material ledger - consumption - sales::DELETES_SUBSET::subset::ml document.ssrcview,SEMANTIC_KEY,1,1,DELETES_SUBSET,RUNTIME_SUBSET_REFERENCE,SUBSET,DYNAMIC_REFERENCE,Expression contains dynamic tokens,0,,ML Document,,,sSrcView,,ML Document.sSrcView,
TI,semantic::ti::dataupdate - material ledger - consumption - transfers::CREATES_SUBSET::subset::ml document.ssrcview,SEMANTIC_KEY,1,1,CREATES_SUBSET,RUNTIME_SUBSET_REFERENCE,SUBSET,DYNAMIC_REFERENCE,Expression contains dynamic tokens,0,,ML Document,,,sSrcView,,ML Document.sSrcView,
TI,semantic::ti::dataupdate - material ledger - consumption - transfers::DELETES_SUBSET::subset::ml document.ssrcview,SEMANTIC_KEY,1,1,DELETES_SUBSET,RUNTIME_SUBSET_REFERENCE,SUBSET,DYNAMIC_REFERENCE,Expression contains dynamic tokens,0,,ML Document,,,sSrcView,,ML Document.sSrcView,
TI,semantic::ti::dataupdate - material ledger - receipts - all other::CREATES_SUBSET::subset::ml document.ssrcview,SEMANTIC_KEY,1,1,CREATES_SUBSET,RUNTIME_SUBSET_REFERENCE,SUBSET,DYNAMIC_REFERENCE,Expression contains dynamic tokens,0,,ML Document,,,sSrcView,,ML Document.sSrcView,
TI,semantic::ti::dataupdate - material ledger - receipts - all other::DELETES_SUBSET::subset::ml document.ssrcview,SEMANTIC_KEY,1,1,DELETES_SUBSET,RUNTIME_SUBSET_REFERENCE,SUBSET,DYNAMIC_REFERENCE,Expression contains dynamic tokens,0,,ML Document,,,sSrcView,,ML Document.sSrcView,
TI,semantic::ti::dataupdate - material ledger - receipts - external procured receipts::CREATES_SUBSET::subset::ml document.ssrcview,SEMANTIC_KEY,1,1,CREATES_SUBSET,RUNTIME_SUBSET_REFERENCE,SUBSET,DYNAMIC_REFERENCE,Expression contains dynamic tokens,0,,ML Document,,,sSrcView,,ML Document.sSrcView,
TI,semantic::ti::dataupdate - material ledger - receipts - external procured receipts::DELETES_SUBSET::subset::ml document.ssrcview,SEMANTIC_KEY,1,1,DELETES_SUBSET,RUNTIME_SUBSET_REFERENCE,SUBSET,DYNAMIC_REFERENCE,Expression contains dynamic tokens,0,,ML Document,,,sSrcView,,ML Document.sSrcView,
TI,semantic::ti::dataupdate - material ledger - receipts - production::CREATES_SUBSET::subset::ml document.ssrcview,SEMANTIC_KEY,1,1,CREATES_SUBSET,RUNTIME_SUBSET_REFERENCE,SUBSET,DYNAMIC_REFERENCE,Expression contains dynamic tokens,0,,ML Document,,,sSrcView,,ML Document.sSrcView,
TI,semantic::ti::dataupdate - material ledger - receipts - production::DELETES_SUBSET::subset::ml document.ssrcview,SEMANTIC_KEY,1,1,DELETES_SUBSET,RUNTIME_SUBSET_REFERENCE,SUBSET,DYNAMIC_REFERENCE,Expression contains dynamic tokens,0,,ML Document,,,sSrcView,,ML Document.sSrcView,
TI,semantic::ti::dataupdate - material ledger - receipts - transfer posting::CREATES_SUBSET::subset::ml document.ssrcview,SEMANTIC_KEY,1,1,CREATES_SUBSET,RUNTIME_SUBSET_REFERENCE,SUBSET,DYNAMIC_REFERENCE,Expression contains dynamic tokens,0,,ML Document,,,sSrcView,,ML Document.sSrcView,
TI,semantic::ti::dataupdate - material ledger - receipts - transfer posting::DELETES_SUBSET::subset::ml document.ssrcview,SEMANTIC_KEY,1,1,DELETES_SUBSET,RUNTIME_SUBSET_REFERENCE,SUBSET,DYNAMIC_REFERENCE,Expression contains dynamic tokens,0,,ML Document,,,sSrcView,,ML Document.sSrcView,
TI,semantic::ti::dataupdate - material ledger - revaluation - all other::CREATES_SUBSET::subset::ml document.ssrcview,SEMANTIC_KEY,1,1,CREATES_SUBSET,RUNTIME_SUBSET_REFERENCE,SUBSET,DYNAMIC_REFERENCE,Expression contains dynamic tokens,0,,ML Document,,,sSrcView,,ML Document.sSrcView,
TI,semantic::ti::dataupdate - material ledger - revaluation - all other::DELETES_SUBSET::subset::ml document.ssrcview,SEMANTIC_KEY,1,1,DELETES_SUBSET,RUNTIME_SUBSET_REFERENCE,SUBSET,DYNAMIC_REFERENCE,Expression contains dynamic tokens,0,,ML Document,,,sSrcView,,ML Document.sSrcView,
TI,semantic::ti::dataupdate - material ledger - revaluation - change in material price::CREATES_SUBSET::subset::ml document.ssrcview,SEMANTIC_KEY,1,1,CREATES_SUBSET,RUNTIME_SUBSET_REFERENCE,SUBSET,DYNAMIC_REFERENCE,Expression contains dynamic tokens,0,,ML Document,,,sSrcView,,ML Document.sSrcView,
TI,semantic::ti::dataupdate - material ledger - revaluation - change in material price::DELETES_SUBSET::subset::ml document.ssrcview,SEMANTIC_KEY,1,1,DELETES_SUBSET,RUNTIME_SUBSET_REFERENCE,SUBSET,DYNAMIC_REFERENCE,Expression contains dynamic tokens,0,,ML Document,,,sSrcView,,ML Document.sSrcView,
TI,semantic::ti::dataupdate - material ledger - revaluation - external procured receipts::CREATES_SUBSET::subset::ml document.ssrcview,SEMANTIC_KEY,1,1,CREATES_SUBSET,RUNTIME_SUBSET_REFERENCE,SUBSET,DYNAMIC_REFERENCE,Expression contains dynamic tokens,0,,ML Document,,,sSrcView,,ML Document.sSrcView,
TI,semantic::ti::dataupdate - material ledger - revaluation - external procured receipts::DELETES_SUBSET::subset::ml document.ssrcview,SEMANTIC_KEY,1,1,DELETES_SUBSET,RUNTIME_SUBSET_REFERENCE,SUBSET,DYNAMIC_REFERENCE,Expression contains dynamic tokens,0,,ML Document,,,sSrcView,,ML Document.sSrcView,
TI,semantic::ti::dataupdate - material ledger - revaluation - production consumption::CREATES_SUBSET::subset::ml document.ssrcview,SEMANTIC_KEY,1,1,CREATES_SUBSET,RUNTIME_SUBSET_REFERENCE,SUBSET,DYNAMIC_REFERENCE,Expression contains dynamic tokens,0,,ML Document,,,sSrcView,,ML Document.sSrcView,
TI,semantic::ti::dataupdate - material ledger - revaluation - production consumption::DELETES_SUBSET::subset::ml document.ssrcview,SEMANTIC_KEY,1,1,DELETES_SUBSET,RUNTIME_SUBSET_REFERENCE,SUBSET,DYNAMIC_REFERENCE,Expression contains dynamic tokens,0,,ML Document,,,sSrcView,,ML Document.sSrcView,
TI,semantic::ti::dataupdate - material ledger - revaluation - production::CREATES_SUBSET::subset::ml document.ssrcview,SEMANTIC_KEY,1,1,CREATES_SUBSET,RUNTIME_SUBSET_REFERENCE,SUBSET,DYNAMIC_REFERENCE,Expression contains dynamic tokens,0,,ML Document,,,sSrcView,,ML Document.sSrcView,
TI,semantic::ti::dataupdate - material ledger - revaluation - production::DELETES_SUBSET::subset::ml document.ssrcview,SEMANTIC_KEY,1,1,DELETES_SUBSET,RUNTIME_SUBSET_REFERENCE,SUBSET,DYNAMIC_REFERENCE,Expression contains dynamic tokens,0,,ML Document,,,sSrcView,,ML Document.sSrcView,
TI,semantic::ti::dataupdate - material ledger - revaluation - sales::CREATES_SUBSET::subset::ml document.ssrcview,SEMANTIC_KEY,1,1,CREATES_SUBSET,RUNTIME_SUBSET_REFERENCE,SUBSET,DYNAMIC_REFERENCE,Expression contains dynamic tokens,0,,ML Document,,,sSrcView,,ML Document.sSrcView,
TI,semantic::ti::dataupdate - material ledger - revaluation - sales::DELETES_SUBSET::subset::ml document.ssrcview,SEMANTIC_KEY,1,1,DELETES_SUBSET,RUNTIME_SUBSET_REFERENCE,SUBSET,DYNAMIC_REFERENCE,Expression contains dynamic tokens,0,,ML Document,,,sSrcView,,ML Document.sSrcView,
TI,semantic::ti::dataupdate - material ledger - revaluation - transfer posting::CREATES_SUBSET::subset::ml document.ssrcview,SEMANTIC_KEY,1,1,CREATES_SUBSET,RUNTIME_SUBSET_REFERENCE,SUBSET,DYNAMIC_REFERENCE,Expression contains dynamic tokens,0,,ML Document,,,sSrcView,,ML Document.sSrcView,
TI,semantic::ti::dataupdate - material ledger - revaluation - transfer posting::DELETES_SUBSET::subset::ml document.ssrcview,SEMANTIC_KEY,1,1,DELETES_SUBSET,RUNTIME_SUBSET_REFERENCE,SUBSET,DYNAMIC_REFERENCE,Expression contains dynamic tokens,0,,ML Document,,,sSrcView,,ML Document.sSrcView,
TI,semantic::ti::dataupdate - material ledger - revaluation - transfers out::CREATES_SUBSET::subset::ml document.ssrcview,SEMANTIC_KEY,1,1,CREATES_SUBSET,RUNTIME_SUBSET_REFERENCE,SUBSET,DYNAMIC_REFERENCE,Expression contains dynamic tokens,0,,ML Document,,,sSrcView,,ML Document.sSrcView,
TI,semantic::ti::dataupdate - material ledger - revaluation - transfers out::DELETES_SUBSET::subset::ml document.ssrcview,SEMANTIC_KEY,1,1,DELETES_SUBSET,RUNTIME_SUBSET_REFERENCE,SUBSET,DYNAMIC_REFERENCE,Expression contains dynamic tokens,0,,ML Document,,,sSrcView,,ML Document.sSrcView,
TI,semantic::ti::dataupdate - plant assessment - actual::UPDATES_SUBSET::subset::fiscal period.ssrcview,SEMANTIC_KEY,1,1,UPDATES_SUBSET,RUNTIME_SUBSET_REFERENCE,SUBSET,DYNAMIC_REFERENCE,Expression contains dynamic tokens,0,,Fiscal Period,,,sSrcView,,Fiscal Period.sSrcView,
TI,semantic::ti::dataupdate - plant assessment - actual::UPDATES_SUBSET::subset::fiscal period.stgtview,SEMANTIC_KEY,1,1,UPDATES_SUBSET,RUNTIME_SUBSET_REFERENCE,SUBSET,DYNAMIC_REFERENCE,Expression contains dynamic tokens,0,,Fiscal Period,,,sTgtView,,Fiscal Period.sTgtView,
TI,semantic::ti::dataupdate - plant assessment - actual::UPDATES_SUBSET::subset::functional area.ssrcview,SEMANTIC_KEY,1,1,UPDATES_SUBSET,RUNTIME_SUBSET_REFERENCE,SUBSET,DYNAMIC_REFERENCE,Expression contains dynamic tokens,0,,Functional Area,,,sSrcView,,Functional Area.sSrcView,
TI,semantic::ti::dataupdate - profit and loss - actual::UPDATES_SUBSET::subset::fiscal period.ssrcview,SEMANTIC_KEY,1,1,UPDATES_SUBSET,RUNTIME_SUBSET_REFERENCE,SUBSET,DYNAMIC_REFERENCE,Expression contains dynamic tokens,0,,Fiscal Period,,,sSrcView,,Fiscal Period.sSrcView,
TI,semantic::ti::dataupdate - profit and loss - actual::UPDATES_SUBSET::subset::fiscal period.stgtview,SEMANTIC_KEY,1,1,UPDATES_SUBSET,RUNTIME_SUBSET_REFERENCE,SUBSET,DYNAMIC_REFERENCE,Expression contains dynamic tokens,0,,Fiscal Period,,,sTgtView,,Fiscal Period.sTgtView,
TI,semantic::ti::dataupdate - profit and loss - fixed manufacturing cost assessment - period range - plan::UPDATES_SUBSET::subset::fiscal period.stgtview,SEMANTIC_KEY,1,1,UPDATES_SUBSET,RUNTIME_SUBSET_REFERENCE,SUBSET,DYNAMIC_REFERENCE,Expression contains dynamic tokens,0,,Fiscal Period,,,sTgtView,,Fiscal Period.sTgtView,
TI,semantic::ti::dataupdate - profit and loss - fixed manufacturing cost assessment - period range - plan::UPDATES_SUBSET::subset::fiscal period.stgtview2,SEMANTIC_KEY,1,1,UPDATES_SUBSET,RUNTIME_SUBSET_REFERENCE,SUBSET,DYNAMIC_REFERENCE,Expression contains dynamic tokens,0,,Fiscal Period,,,sTgtView2,,Fiscal Period.sTgtView2,
TI,semantic::ti::dataupdate - profit and loss - fixed manufacturing cost assessment - period range::UPDATES_SUBSET::subset::fiscal period.stgtview,SEMANTIC_KEY,1,1,UPDATES_SUBSET,RUNTIME_SUBSET_REFERENCE,SUBSET,DYNAMIC_REFERENCE,Expression contains dynamic tokens,0,,Fiscal Period,,,sTgtView,,Fiscal Period.sTgtView,
TI,semantic::ti::dataupdate - profit and loss - fixed manufacturing cost assessment - period range::UPDATES_SUBSET::subset::fiscal period.stgtview2,SEMANTIC_KEY,1,1,UPDATES_SUBSET,RUNTIME_SUBSET_REFERENCE,SUBSET,DYNAMIC_REFERENCE,Expression contains dynamic tokens,0,,Fiscal Period,,,sTgtView2,,Fiscal Period.sTgtView2,
TI,semantic::ti::dataupdate - profit and loss - fixed manufacturing cost assessment - plan::UPDATES_SUBSET::subset::fiscal period.stgtview,SEMANTIC_KEY,1,1,UPDATES_SUBSET,RUNTIME_SUBSET_REFERENCE,SUBSET,DYNAMIC_REFERENCE,Expression contains dynamic tokens,0,,Fiscal Period,,,sTgtView,,Fiscal Period.sTgtView,
TI,semantic::ti::dataupdate - profit and loss - fixed manufacturing cost assessment - plan::UPDATES_SUBSET::subset::fiscal period.stgtview2,SEMANTIC_KEY,1,1,UPDATES_SUBSET,RUNTIME_SUBSET_REFERENCE,SUBSET,DYNAMIC_REFERENCE,Expression contains dynamic tokens,0,,Fiscal Period,,,sTgtView2,,Fiscal Period.sTgtView2,
TI,semantic::ti::dataupdate - profit and loss - fixed manufacturing cost assessment::UPDATES_SUBSET::subset::fiscal period.stgtview,SEMANTIC_KEY,1,1,UPDATES_SUBSET,RUNTIME_SUBSET_REFERENCE,SUBSET,DYNAMIC_REFERENCE,Expression contains dynamic tokens,0,,Fiscal Period,,,sTgtView,,Fiscal Period.sTgtView,
TI,semantic::ti::dataupdate - profit and loss - fixed manufacturing cost assessment::UPDATES_SUBSET::subset::fiscal period.stgtview2,SEMANTIC_KEY,1,1,UPDATES_SUBSET,RUNTIME_SUBSET_REFERENCE,SUBSET,DYNAMIC_REFERENCE,Expression contains dynamic tokens,0,,Fiscal Period,,,sTgtView2,,Fiscal Period.sTgtView2,
TI,semantic::ti::dataupdate - profit and loss - freight reclass with material detail::UPDATES_SUBSET::subset::fiscal period.ssrcview,SEMANTIC_KEY,1,1,UPDATES_SUBSET,RUNTIME_SUBSET_REFERENCE,SUBSET,DYNAMIC_REFERENCE,Expression contains dynamic tokens,0,,Fiscal Period,,,sSrcView,,Fiscal Period.sSrcView,
TI,semantic::ti::dataupdate - profit and loss - freight reclass with material detail::UPDATES_SUBSET::subset::fiscal period.stgtview,SEMANTIC_KEY,1,1,UPDATES_SUBSET,RUNTIME_SUBSET_REFERENCE,SUBSET,DYNAMIC_REFERENCE,Expression contains dynamic tokens,0,,Fiscal Period,,,sTgtView,,Fiscal Period.sTgtView,
TI,semantic::ti::dataupdate - profit and loss - freight reclass with material detail::UPDATES_SUBSET::subset::functional area.ssrcview,SEMANTIC_KEY,1,1,UPDATES_SUBSET,RUNTIME_SUBSET_REFERENCE,SUBSET,DYNAMIC_REFERENCE,Expression contains dynamic tokens,0,,Functional Area,,,sSrcView,,Functional Area.sSrcView,
TI,semantic::ti::dataupdate - profit and loss - freight reclass with material detail::UPDATES_SUBSET::subset::plant.ssrcview,SEMANTIC_KEY,1,1,UPDATES_SUBSET,RUNTIME_SUBSET_REFERENCE,SUBSET,DYNAMIC_REFERENCE,Expression contains dynamic tokens,0,,Plant,,,sSrcView,,Plant.sSrcView,
TI,semantic::ti::dataupdate - profit and loss - freight reclass with material detail::UPDATES_SUBSET::subset::profitcenter.ssrcview,SEMANTIC_KEY,1,1,UPDATES_SUBSET,RUNTIME_SUBSET_REFERENCE,SUBSET,DYNAMIC_REFERENCE,Expression contains dynamic tokens,0,,ProfitCenter,,,sSrcView,,ProfitCenter.sSrcView,
TI,semantic::ti::dataupdate - profit and loss - freight reclass::UPDATES_SUBSET::subset::fiscal period.ssrcview,SEMANTIC_KEY,1,1,UPDATES_SUBSET,RUNTIME_SUBSET_REFERENCE,SUBSET,DYNAMIC_REFERENCE,Expression contains dynamic tokens,0,,Fiscal Period,,,sSrcView,,Fiscal Period.sSrcView,
TI,semantic::ti::dataupdate - profit and loss - freight reclass::UPDATES_SUBSET::subset::fiscal period.stgtview,SEMANTIC_KEY,1,1,UPDATES_SUBSET,RUNTIME_SUBSET_REFERENCE,SUBSET,DYNAMIC_REFERENCE,Expression contains dynamic tokens,0,,Fiscal Period,,,sTgtView,,Fiscal Period.sTgtView,
TI,semantic::ti::dataupdate - profit and loss - freight reclass::UPDATES_SUBSET::subset::functional area.ssrcview,SEMANTIC_KEY,1,1,UPDATES_SUBSET,RUNTIME_SUBSET_REFERENCE,SUBSET,DYNAMIC_REFERENCE,Expression contains dynamic tokens,0,,Functional Area,,,sSrcView,,Functional Area.sSrcView,
TI,semantic::ti::dataupdate - profit and loss - freight reclass::UPDATES_SUBSET::subset::material.ssrcview,SEMANTIC_KEY,1,1,UPDATES_SUBSET,RUNTIME_SUBSET_REFERENCE,SUBSET,DYNAMIC_REFERENCE,Expression contains dynamic tokens,0,,Material,,,sSrcView,,Material.sSrcView,
TI,semantic::ti::dataupdate - profit and loss - freight reclass::UPDATES_SUBSET::subset::plant.ssrcview,SEMANTIC_KEY,1,1,UPDATES_SUBSET,RUNTIME_SUBSET_REFERENCE,SUBSET,DYNAMIC_REFERENCE,Expression contains dynamic tokens,0,,Plant,,,sSrcView,,Plant.sSrcView,
TI,semantic::ti::dataupdate - profit and loss - freight reclass::UPDATES_SUBSET::subset::profitcenter.ssrcview,SEMANTIC_KEY,1,1,UPDATES_SUBSET,RUNTIME_SUBSET_REFERENCE,SUBSET,DYNAMIC_REFERENCE,Expression contains dynamic tokens,0,,ProfitCenter,,,sSrcView,,ProfitCenter.sSrcView,
TI,semantic::ti::dataupdate - profit and loss - intercompany sandbox::UPDATES_SUBSET::subset::fiscal period.ssrcview,SEMANTIC_KEY,1,1,UPDATES_SUBSET,RUNTIME_SUBSET_REFERENCE,SUBSET,DYNAMIC_REFERENCE,Expression contains dynamic tokens,0,,Fiscal Period,,,sSrcView,,Fiscal Period.sSrcView,
TI,semantic::ti::dataupdate - profit and loss - intercompany sandbox::UPDATES_SUBSET::subset::fiscal period.stgtview,SEMANTIC_KEY,1,1,UPDATES_SUBSET,RUNTIME_SUBSET_REFERENCE,SUBSET,DYNAMIC_REFERENCE,Expression contains dynamic tokens,0,,Fiscal Period,,,sTgtView,,Fiscal Period.sTgtView,
TI,semantic::ti::dataupdate - profit and loss - intercompany::UPDATES_SUBSET::subset::fiscal period.ssrcview,SEMANTIC_KEY,1,1,UPDATES_SUBSET,RUNTIME_SUBSET_REFERENCE,SUBSET,DYNAMIC_REFERENCE,Expression contains dynamic tokens,0,,Fiscal Period,,,sSrcView,,Fiscal Period.sSrcView,
TI,semantic::ti::dataupdate - profit and loss - intercompany::UPDATES_SUBSET::subset::fiscal period.stgtview,SEMANTIC_KEY,1,1,UPDATES_SUBSET,RUNTIME_SUBSET_REFERENCE,SUBSET,DYNAMIC_REFERENCE,Expression contains dynamic tokens,0,,Fiscal Period,,,sTgtView,,Fiscal Period.sTgtView,
TI,semantic::ti::dataupdate - profit and loss - manual entry - clear out::CREATES_SUBSET::subset::manual input lineno.ssrcview,SEMANTIC_KEY,1,1,CREATES_SUBSET,RUNTIME_SUBSET_REFERENCE,SUBSET,DYNAMIC_REFERENCE,Expression contains dynamic tokens,0,,Manual Input LineNo,,,sSrcView,,Manual Input LineNo.sSrcView,
TI,semantic::ti::dataupdate - profit and loss - manual entry - clear out::DELETES_SUBSET::subset::manual input lineno.ssrcview,SEMANTIC_KEY,1,1,DELETES_SUBSET,RUNTIME_SUBSET_REFERENCE,SUBSET,DYNAMIC_REFERENCE,Expression contains dynamic tokens,0,,Manual Input LineNo,,,sSrcView,,Manual Input LineNo.sSrcView,
TI,semantic::ti::dataupdate - profit and loss - manual entry - clear out::UPDATES_SUBSET::subset::manual input lineno.ssrcview,SEMANTIC_KEY,1,1,UPDATES_SUBSET,RUNTIME_SUBSET_REFERENCE,SUBSET,DYNAMIC_REFERENCE,Expression contains dynamic tokens,0,,Manual Input LineNo,,,sSrcView,,Manual Input LineNo.sSrcView,
TI,semantic::ti::dataupdate - profit and loss - manual entry::CREATES_SUBSET::subset::manual input lineno.ssrcview,SEMANTIC_KEY,1,1,CREATES_SUBSET,RUNTIME_SUBSET_REFERENCE,SUBSET,DYNAMIC_REFERENCE,Expression contains dynamic tokens,0,,Manual Input LineNo,,,sSrcView,,Manual Input LineNo.sSrcView,
TI,semantic::ti::dataupdate - profit and loss - manual entry::DELETES_SUBSET::subset::manual input lineno.ssrcview,SEMANTIC_KEY,1,1,DELETES_SUBSET,RUNTIME_SUBSET_REFERENCE,SUBSET,DYNAMIC_REFERENCE,Expression contains dynamic tokens,0,,Manual Input LineNo,,,sSrcView,,Manual Input LineNo.sSrcView,
TI,semantic::ti::dataupdate - profit and loss - manual entry::UPDATES_SUBSET::subset::manual input lineno.ssrcview,SEMANTIC_KEY,1,1,UPDATES_SUBSET,RUNTIME_SUBSET_REFERENCE,SUBSET,DYNAMIC_REFERENCE,Expression contains dynamic tokens,0,,Manual Input LineNo,,,sSrcView,,Manual Input LineNo.sSrcView,
TI,semantic::ti::dataupdate - profit and loss - outlook seed actual::UPDATES_SUBSET::subset::fiscal period.ssrcview,SEMANTIC_KEY,1,1,UPDATES_SUBSET,RUNTIME_SUBSET_REFERENCE,SUBSET,DYNAMIC_REFERENCE,Expression contains dynamic tokens,0,,Fiscal Period,,,sSrcView,,Fiscal Period.sSrcView,
TI,semantic::ti::dataupdate - profit and loss - outlook seed actual::UPDATES_SUBSET::subset::fiscal period.stgtview,SEMANTIC_KEY,1,1,UPDATES_SUBSET,RUNTIME_SUBSET_REFERENCE,SUBSET,DYNAMIC_REFERENCE,Expression contains dynamic tokens,0,,Fiscal Period,,,sTgtView,,Fiscal Period.sTgtView,
TI,semantic::ti::dataupdate - profit and loss detail::UPDATES_SUBSET::subset::fiscal period.stgtview,SEMANTIC_KEY,1,1,UPDATES_SUBSET,RUNTIME_SUBSET_REFERENCE,SUBSET,DYNAMIC_REFERENCE,Expression contains dynamic tokens,0,,Fiscal Period,,,sTgtView,,Fiscal Period.sTgtView,
TI,semantic::ti::dataupdate - project spending - actual::UPDATES_SUBSET::subset::mproject spending.stgtview,SEMANTIC_KEY,1,1,UPDATES_SUBSET,RUNTIME_SUBSET_REFERENCE,SUBSET,DYNAMIC_REFERENCE,Expression contains dynamic tokens,0,,mProject Spending,,,sTgtView,,mProject Spending.sTgtView,
TI,semantic::ti::dataupdate - scenario archive - numeric::UPDATES_SUBSET::subset::fiscal period.sviewsrc,SEMANTIC_KEY,1,1,UPDATES_SUBSET,RUNTIME_SUBSET_REFERENCE,SUBSET,DYNAMIC_REFERENCE,Expression contains dynamic tokens,0,,Fiscal Period,,,sViewSrc,,Fiscal Period.sViewSrc,
TI,semantic::ti::dataupdate - scenario archive - numeric::UPDATES_SUBSET::subset::fiscal period.sviewtgt,SEMANTIC_KEY,1,1,UPDATES_SUBSET,RUNTIME_SUBSET_REFERENCE,SUBSET,DYNAMIC_REFERENCE,Expression contains dynamic tokens,0,,Fiscal Period,,,sViewTgt,,Fiscal Period.sViewTgt,
TI,semantic::ti::dataupdate - scenario archive - string::UPDATES_SUBSET::subset::fiscal period.sviewtgt,SEMANTIC_KEY,1,1,UPDATES_SUBSET,RUNTIME_SUBSET_REFERENCE,SUBSET,DYNAMIC_REFERENCE,Expression contains dynamic tokens,0,,Fiscal Period,,,sViewTgt,,Fiscal Period.sViewTgt,
TI,semantic::ti::dataupdate - sustainability - naturalgasrev::UPDATES_SUBSET::subset::manufacturing cost object.ssrcview,SEMANTIC_KEY,1,1,UPDATES_SUBSET,RUNTIME_SUBSET_REFERENCE,SUBSET,DYNAMIC_REFERENCE,Expression contains dynamic tokens,0,,Manufacturing Cost Object,,,sSrcView,,Manufacturing Cost Object.sSrcView,
TI,semantic::ti::dataupdate - sustainability - naturalgasrev::UPDATES_SUBSET::subset::manufacturing cost type.ssrcview,SEMANTIC_KEY,1,1,UPDATES_SUBSET,RUNTIME_SUBSET_REFERENCE,SUBSET,DYNAMIC_REFERENCE,Expression contains dynamic tokens,0,,Manufacturing Cost Type,,,sSrcView,,Manufacturing Cost Type.sSrcView,
TI,semantic::ti::dataupdate - sustainability - naturalgasrev::UPDATES_SUBSET::subset::material.ssrcview,SEMANTIC_KEY,1,1,UPDATES_SUBSET,RUNTIME_SUBSET_REFERENCE,SUBSET,DYNAMIC_REFERENCE,Expression contains dynamic tokens,0,,Material,,,sSrcView,,Material.sSrcView,
TI,semantic::ti::dataupdate - sustainability - naturalgasrev::UPDATES_SUBSET::subset::production filter.ssrcview,SEMANTIC_KEY,1,1,UPDATES_SUBSET,RUNTIME_SUBSET_REFERENCE,SUBSET,DYNAMIC_REFERENCE,Expression contains dynamic tokens,0,,Production Filter,,,sSrcView,,Production Filter.sSrcView,
TI,semantic::ti::dataupdate - sustainability - naturalgasrev::UPDATES_SUBSET::subset::production order.ssrcview,SEMANTIC_KEY,1,1,UPDATES_SUBSET,RUNTIME_SUBSET_REFERENCE,SUBSET,DYNAMIC_REFERENCE,Expression contains dynamic tokens,0,,Production Order,,,sSrcView,,Production Order.sSrcView,
TI,semantic::ti::dataupdate - sustainability variable_v2::UPDATES_SUBSET::subset::manufacturing cost object.ssrcview,SEMANTIC_KEY,1,1,UPDATES_SUBSET,RUNTIME_SUBSET_REFERENCE,SUBSET,DYNAMIC_REFERENCE,Expression contains dynamic tokens,0,,Manufacturing Cost Object,,,sSrcView,,Manufacturing Cost Object.sSrcView,
TI,semantic::ti::dataupdate - sustainability variable_v2::UPDATES_SUBSET::subset::manufacturing cost type.ssrcview,SEMANTIC_KEY,1,1,UPDATES_SUBSET,RUNTIME_SUBSET_REFERENCE,SUBSET,DYNAMIC_REFERENCE,Expression contains dynamic tokens,0,,Manufacturing Cost Type,,,sSrcView,,Manufacturing Cost Type.sSrcView,
TI,semantic::ti::dataupdate - sustainability variable_v2::UPDATES_SUBSET::subset::material.ssrcview,SEMANTIC_KEY,1,1,UPDATES_SUBSET,RUNTIME_SUBSET_REFERENCE,SUBSET,DYNAMIC_REFERENCE,Expression contains dynamic tokens,0,,Material,,,sSrcView,,Material.sSrcView,
TI,semantic::ti::dataupdate - sustainability variable_v2::UPDATES_SUBSET::subset::production filter.ssrcview,SEMANTIC_KEY,1,1,UPDATES_SUBSET,RUNTIME_SUBSET_REFERENCE,SUBSET,DYNAMIC_REFERENCE,Expression contains dynamic tokens,0,,Production Filter,,,sSrcView,,Production Filter.sSrcView,
TI,semantic::ti::dataupdate - sustainability variable_v2::UPDATES_SUBSET::subset::production order.ssrcview,SEMANTIC_KEY,1,1,UPDATES_SUBSET,RUNTIME_SUBSET_REFERENCE,SUBSET,DYNAMIC_REFERENCE,Expression contains dynamic tokens,0,,Production Order,,,sSrcView,,Production Order.sSrcView,
TI,semantic::ti::dataupdate - sys hierarchy validation - duplicate rollups::CREATES_SUBSET::subset::pdimension.ssubset,SEMANTIC_KEY,1,1,CREATES_SUBSET,RUNTIME_SUBSET_REFERENCE,SUBSET,DYNAMIC_REFERENCE,Expression contains dynamic tokens,0,,pDimension,,,sSubset,,pDimension.sSubset,
TI,semantic::ti::dataupdate - sys hierarchy validation - duplicate rollups::DELETES_SUBSET::subset::pdimension.ssubset,SEMANTIC_KEY,1,1,DELETES_SUBSET,RUNTIME_SUBSET_REFERENCE,SUBSET,DYNAMIC_REFERENCE,Expression contains dynamic tokens,0,,pDimension,,,sSubSet,,pDimension.sSubSet,
TI,semantic::ti::dataupdate - sys hierarchy validation::DELETES_SUBSET::subset::pdimension.ssubset,SEMANTIC_KEY,1,1,DELETES_SUBSET,RUNTIME_SUBSET_REFERENCE,SUBSET,DYNAMIC_REFERENCE,Expression contains dynamic tokens,0,,pDimension,,,sSubset,,pDimension.sSubset,
TI,semantic::ti::dataupdate - sys intercompany elim - cost of sales::UPDATES_SUBSET::subset::fiscal period.ssrcview,SEMANTIC_KEY,1,1,UPDATES_SUBSET,RUNTIME_SUBSET_REFERENCE,SUBSET,DYNAMIC_REFERENCE,Expression contains dynamic tokens,0,,Fiscal Period,,,sSrcView,,Fiscal Period.sSrcView,
TI,semantic::ti::dataupdate - sys intercompany elim::UPDATES_SUBSET::subset::fiscal period.ssrcview,SEMANTIC_KEY,1,1,UPDATES_SUBSET,RUNTIME_SUBSET_REFERENCE,SUBSET,DYNAMIC_REFERENCE,Expression contains dynamic tokens,0,,Fiscal Period,,,sSrcView,,Fiscal Period.sSrcView,
TI,semantic::ti::dataupdate - sys intercompany elim::UPDATES_SUBSET::subset::fiscal period.stgtview,SEMANTIC_KEY,1,1,UPDATES_SUBSET,RUNTIME_SUBSET_REFERENCE,SUBSET,DYNAMIC_REFERENCE,Expression contains dynamic tokens,0,,Fiscal Period,,,sTgtView,,Fiscal Period.sTgtView,
TI,semantic::ti::dataupdate - sys production order::UPDATES_SUBSET::subset::fiscal period.ssrcview,SEMANTIC_KEY,1,1,UPDATES_SUBSET,RUNTIME_SUBSET_REFERENCE,SUBSET,DYNAMIC_REFERENCE,Expression contains dynamic tokens,0,,Fiscal Period,,,sSrcView,,Fiscal Period.sSrcView,
TI,semantic::ti::dataupdate - sys production order::UPDATES_SUBSET::subset::fiscal period.stgtview,SEMANTIC_KEY,1,1,UPDATES_SUBSET,RUNTIME_SUBSET_REFERENCE,SUBSET,DYNAMIC_REFERENCE,Expression contains dynamic tokens,0,,Fiscal Period,,,sTgtView,,Fiscal Period.sTgtView,
TI,semantic::ti::dataupdate - turnaround and other asset - actual - manual assignments::UPDATES_SUBSET::subset::fiscal period.ssrcview,SEMANTIC_KEY,1,1,UPDATES_SUBSET,RUNTIME_SUBSET_REFERENCE,SUBSET,DYNAMIC_REFERENCE,Expression contains dynamic tokens,0,,Fiscal Period,,,sSrcView,,Fiscal Period.sSrcView,
TI,semantic::ti::dataupdate - turnaround and other asset - actual::UPDATES_SUBSET::subset::bs account.ssrcview,SEMANTIC_KEY,1,1,UPDATES_SUBSET,RUNTIME_SUBSET_REFERENCE,SUBSET,DYNAMIC_REFERENCE,Expression contains dynamic tokens,0,,BS Account,,,sSrcView,,BS Account.sSrcView,
TI,semantic::ti::dataupdate - turnaround and other asset - actual::UPDATES_SUBSET::subset::fiscal period.ssrcview,SEMANTIC_KEY,1,1,UPDATES_SUBSET,RUNTIME_SUBSET_REFERENCE,SUBSET,DYNAMIC_REFERENCE,Expression contains dynamic tokens,0,,Fiscal Period,,,sSrcView,,Fiscal Period.sSrcView,
TI,semantic::ti::dataupdate - turnaround and other asset - actual::UPDATES_SUBSET::subset::fiscal period.stgtview,SEMANTIC_KEY,1,1,UPDATES_SUBSET,RUNTIME_SUBSET_REFERENCE,SUBSET,DYNAMIC_REFERENCE,Expression contains dynamic tokens,0,,Fiscal Period,,,sTgtView,,Fiscal Period.sTgtView,
TI,semantic::ti::dataupdate - turnaround and other asset - outlook seed actual::UPDATES_SUBSET::subset::fiscal period.ssrcview,SEMANTIC_KEY,1,1,UPDATES_SUBSET,RUNTIME_SUBSET_REFERENCE,SUBSET,DYNAMIC_REFERENCE,Expression contains dynamic tokens,0,,Fiscal Period,,,sSrcView,,Fiscal Period.sSrcView,
TI,semantic::ti::dataupdate - turnaround and other asset - outlook seed actual::UPDATES_SUBSET::subset::fiscal period.stgtview,SEMANTIC_KEY,1,1,UPDATES_SUBSET,RUNTIME_SUBSET_REFERENCE,SUBSET,DYNAMIC_REFERENCE,Expression contains dynamic tokens,0,,Fiscal Period,,,sTgtView,,Fiscal Period.sTgtView,
TI,semantic::ti::dataupdate - turnaround reserve - actual::UPDATES_SUBSET::subset::bs account.ssrcview,SEMANTIC_KEY,1,1,UPDATES_SUBSET,RUNTIME_SUBSET_REFERENCE,SUBSET,DYNAMIC_REFERENCE,Expression contains dynamic tokens,0,,BS Account,,,sSrcView,,BS Account.sSrcView,
TI,semantic::ti::dataupdate - turnaround reserve - actual::UPDATES_SUBSET::subset::fiscal period.ssrcview,SEMANTIC_KEY,1,1,UPDATES_SUBSET,RUNTIME_SUBSET_REFERENCE,SUBSET,DYNAMIC_REFERENCE,Expression contains dynamic tokens,0,,Fiscal Period,,,sSrcView,,Fiscal Period.sSrcView,
TI,semantic::ti::dataupdate - turnaround reserve - actual::UPDATES_SUBSET::subset::fiscal period.stgtview,SEMANTIC_KEY,1,1,UPDATES_SUBSET,RUNTIME_SUBSET_REFERENCE,SUBSET,DYNAMIC_REFERENCE,Expression contains dynamic tokens,0,,Fiscal Period,,,sTgtView,,Fiscal Period.sTgtView,
TI,semantic::ti::dataupdate - turnaround reserve - outlook seed actual::UPDATES_SUBSET::subset::fiscal period.ssrcview,SEMANTIC_KEY,1,1,UPDATES_SUBSET,RUNTIME_SUBSET_REFERENCE,SUBSET,DYNAMIC_REFERENCE,Expression contains dynamic tokens,0,,Fiscal Period,,,sSrcView,,Fiscal Period.sSrcView,
TI,semantic::ti::dataupdate - turnaround reserve - outlook seed actual::UPDATES_SUBSET::subset::fiscal period.stgtview,SEMANTIC_KEY,1,1,UPDATES_SUBSET,RUNTIME_SUBSET_REFERENCE,SUBSET,DYNAMIC_REFERENCE,Expression contains dynamic tokens,0,,Fiscal Period,,,sTgtView,,Fiscal Period.sTgtView,
TI,semantic::ti::datawrapper - sys hierarchy validation::UPDATES_SUBSET::subset::sys hierarchy.sview,SEMANTIC_KEY,1,1,UPDATES_SUBSET,RUNTIME_SUBSET_REFERENCE,SUBSET,DYNAMIC_REFERENCE,Expression contains dynamic tokens,0,,SYS Hierarchy,,,sView,,SYS Hierarchy.sView,
TI,semantic::ti::datawrapper - sys hierarchy validation::UPDATES_SUBSET::subset::}dimensions.sview,SEMANTIC_KEY,1,1,UPDATES_SUBSET,RUNTIME_SUBSET_REFERENCE,SUBSET,DYNAMIC_REFERENCE,Expression contains dynamic tokens,0,,}Dimensions,,,sView,,}Dimensions.sView,
TI,semantic::ti::dimupdate - afe number - rollups::DELETES_SUBSET::subset::afe number.ssubset,SEMANTIC_KEY,1,1,DELETES_SUBSET,RUNTIME_SUBSET_REFERENCE,SUBSET,DYNAMIC_REFERENCE,Expression contains dynamic tokens,0,,AFE Number,,,sSubset,,AFE Number.sSubset,
TI,semantic::ti::dimupdate - bs account - hierarchies - leaf account::DELETES_SUBSET::subset::sys bs account hierarchy.ssubset,SEMANTIC_KEY,1,1,DELETES_SUBSET,RUNTIME_SUBSET_REFERENCE,SUBSET,DYNAMIC_REFERENCE,Expression contains dynamic tokens,0,,SYS BS Account Hierarchy,,,sSubset,,SYS BS Account Hierarchy.sSubset,
TI,semantic::ti::dimupdate - functional area - sap hierarchy import::CREATES_SUBSET::subset::sys func area hierarchy.ssrcsubset,SEMANTIC_KEY,1,1,CREATES_SUBSET,RUNTIME_SUBSET_REFERENCE,SUBSET,DYNAMIC_REFERENCE,Expression contains dynamic tokens,0,,SYS Func Area Hierarchy,,,sSrcSubset,,SYS Func Area Hierarchy.sSrcSubset,
TI,semantic::ti::dimupdate - functional area - sap hierarchy import::DELETES_SUBSET::subset::sys func area hierarchy.ssrcsubset,SEMANTIC_KEY,1,1,DELETES_SUBSET,RUNTIME_SUBSET_REFERENCE,SUBSET,DYNAMIC_REFERENCE,Expression contains dynamic tokens,0,,SYS Func Area Hierarchy,,,sSrcSubset,,SYS Func Area Hierarchy.sSrcSubset,
TI,semantic::ti::dimupdate - glenn springs order::DELETES_SUBSET::subset::order.ssubset,SEMANTIC_KEY,1,1,DELETES_SUBSET,RUNTIME_SUBSET_REFERENCE,SUBSET,DYNAMIC_REFERENCE,Expression contains dynamic tokens,0,,Order,,,sSubset,,Order.sSubset,
TI,semantic::ti::dimupdate - plant assessment cost object - plant orders::DELETES_SUBSET::subset::plant assessment cost object.ssubset,SEMANTIC_KEY,1,1,DELETES_SUBSET,RUNTIME_SUBSET_REFERENCE,SUBSET,DYNAMIC_REFERENCE,Expression contains dynamic tokens,0,,Plant Assessment Cost Object,,,sSubset,,Plant Assessment Cost Object.sSubset,
TI,semantic::ti::dimupdate - production order::DELETES_SUBSET::subset::order.ssubset,SEMANTIC_KEY,1,1,DELETES_SUBSET,RUNTIME_SUBSET_REFERENCE,SUBSET,DYNAMIC_REFERENCE,Expression contains dynamic tokens,0,,Order,,,sSubset,,Order.sSubset,
TI,semantic::ti::dimupdate - turnaround and other project::DELETES_SUBSET::subset::wbs element.ssubset,SEMANTIC_KEY,1,1,DELETES_SUBSET,RUNTIME_SUBSET_REFERENCE,SUBSET,DYNAMIC_REFERENCE,Expression contains dynamic tokens,0,,WBS Element,,,sSubset,,WBS Element.sSubset,
TI,semantic::ti::notification - below the line::UPDATES_SUBSET::subset::below the line source.ssrcview,SEMANTIC_KEY,1,1,UPDATES_SUBSET,RUNTIME_SUBSET_REFERENCE,SUBSET,DYNAMIC_REFERENCE,Expression contains dynamic tokens,0,,Below the Line Source,,,sSrcView,,Below the Line Source.sSrcView,
TI,semantic::ti::notification - below the line::UPDATES_SUBSET::subset::mbelow the line assessment.ssrcview,SEMANTIC_KEY,1,1,UPDATES_SUBSET,RUNTIME_SUBSET_REFERENCE,SUBSET,DYNAMIC_REFERENCE,Expression contains dynamic tokens,0,,mBelow the Line Assessment,,,sSrcView,,mBelow the Line Assessment.sSrcView,
TI,semantic::ti::notification - below the line::UPDATES_SUBSET::subset::pl account.ssrcview,SEMANTIC_KEY,1,1,UPDATES_SUBSET,RUNTIME_SUBSET_REFERENCE,SUBSET,DYNAMIC_REFERENCE,Expression contains dynamic tokens,0,,PL Account,,,sSrcView,,PL Account.sSrcView,
TI,semantic::ti::notification - below the line::UPDATES_SUBSET::subset::profit center.ssrcview,SEMANTIC_KEY,1,1,UPDATES_SUBSET,RUNTIME_SUBSET_REFERENCE,SUBSET,DYNAMIC_REFERENCE,Expression contains dynamic tokens,0,,Profit Center,,,sSrcView,,Profit Center.sSrcView,
TI,semantic::ti::notification - intercompany - sales elim profit center::UPDATES_SUBSET::subset::fiscal period.ssrcview,SEMANTIC_KEY,1,1,UPDATES_SUBSET,RUNTIME_SUBSET_REFERENCE,SUBSET,DYNAMIC_REFERENCE,Expression contains dynamic tokens,0,,Fiscal Period,,,sSrcView,,Fiscal Period.sSrcView,
TI,semantic::ti::notification - profit and loss - clearing accounts::UPDATES_SUBSET::subset::functional area.ssrcview,SEMANTIC_KEY,1,1,UPDATES_SUBSET,RUNTIME_SUBSET_REFERENCE,SUBSET,DYNAMIC_REFERENCE,Expression contains dynamic tokens,0,,Functional Area,,,sSrcView,,Functional Area.sSrcView,
TI,semantic::ti::notification - profit and loss - clearing accounts::UPDATES_SUBSET::subset::material.ssrcview,SEMANTIC_KEY,1,1,UPDATES_SUBSET,RUNTIME_SUBSET_REFERENCE,SUBSET,DYNAMIC_REFERENCE,Expression contains dynamic tokens,0,,Material,,,sSrcView,,Material.sSrcView,
TI,semantic::ti::notification - profit and loss - clearing accounts::UPDATES_SUBSET::subset::plant.ssrcview,SEMANTIC_KEY,1,1,UPDATES_SUBSET,RUNTIME_SUBSET_REFERENCE,SUBSET,DYNAMIC_REFERENCE,Expression contains dynamic tokens,0,,Plant,,,sSrcView,,Plant.sSrcView,
TI,semantic::ti::notification - profit and loss - clearing accounts::UPDATES_SUBSET::subset::profit and loss source.ssrcview,SEMANTIC_KEY,1,1,UPDATES_SUBSET,RUNTIME_SUBSET_REFERENCE,SUBSET,DYNAMIC_REFERENCE,Expression contains dynamic tokens,0,,Profit and Loss Source,,,sSrcView,,Profit and Loss Source.sSrcView,
TI,semantic::ti::securityupdate - element security - hierarchy archive::UPDATES_SUBSET::subset::}groups.stgtview,SEMANTIC_KEY,1,1,UPDATES_SUBSET,RUNTIME_SUBSET_REFERENCE,SUBSET,DYNAMIC_REFERENCE,Expression contains dynamic tokens,0,,}Groups,,,sTgtView,,}Groups.sTgtView,
TI,semantic::ti::securityupdate - element security - plant - hierarchy archive::UPDATES_SUBSET::subset::}groups.stgtview,SEMANTIC_KEY,1,1,UPDATES_SUBSET,RUNTIME_SUBSET_REFERENCE,SUBSET,DYNAMIC_REFERENCE,Expression contains dynamic tokens,0,,}Groups,,,sTgtView,,}Groups.sTgtView,
TI,semantic::ti::securityupdate - element security - plant::UPDATES_SUBSET::subset::}groups.stgtview,SEMANTIC_KEY,1,1,UPDATES_SUBSET,RUNTIME_SUBSET_REFERENCE,SUBSET,DYNAMIC_REFERENCE,Expression contains dynamic tokens,0,,}Groups,,,sTgtView,,}Groups.sTgtView,
TI,semantic::ti::securityupdate - element security::UPDATES_SUBSET::subset::}groups.stgtview,SEMANTIC_KEY,1,1,UPDATES_SUBSET,RUNTIME_SUBSET_REFERENCE,SUBSET,DYNAMIC_REFERENCE,Expression contains dynamic tokens,0,,}Groups,,,sTgtView,,}Groups.sTgtView,
TI,semantic::ti::sys_attribute hierarchy::DELETES_SUBSET::subset::pdimension.ssubset,SEMANTIC_KEY,1,1,DELETES_SUBSET,RUNTIME_SUBSET_REFERENCE,SUBSET,DYNAMIC_REFERENCE,Expression contains dynamic tokens,0,,pDimension,,,sSubset,,pDimension.sSubset,
TI,semantic::ti::sys_cube_view_create::CREATES_SUBSET::subset::.ssubset,SEMANTIC_KEY,1,1,CREATES_SUBSET,RUNTIME_SUBSET_REFERENCE,SUBSET,DYNAMIC_REFERENCE,Expression contains dynamic tokens,0,,,,,sSubset,,.sSubset,
TI,semantic::ti::sys_cube_view_create::UPDATES_SUBSET::subset::.ssubset,SEMANTIC_KEY,1,1,UPDATES_SUBSET,RUNTIME_SUBSET_REFERENCE,SUBSET,DYNAMIC_REFERENCE,Expression contains dynamic tokens,0,,,,,sSubset,,.sSubset,
TI,semantic::ti::sys_cube_view_create_mdx::CREATES_SUBSET::subset::.ssubset,SEMANTIC_KEY,1,1,CREATES_SUBSET,RUNTIME_SUBSET_REFERENCE,SUBSET,DYNAMIC_REFERENCE,Expression contains dynamic tokens,0,,,,,sSubset,,.sSubset,
TI,semantic::ti::sys_cube_view_create_mdx::UPDATES_SUBSET::subset::.ssubset,SEMANTIC_KEY,1,1,UPDATES_SUBSET,RUNTIME_SUBSET_REFERENCE,SUBSET,DYNAMIC_REFERENCE,Expression contains dynamic tokens,0,,,,,sSubset,,.sSubset,
TI,semantic::ti::sys_cube_viewandsubsets.create::CREATES_SUBSET::subset::sdimension.csubset,SEMANTIC_KEY,1,1,CREATES_SUBSET,RUNTIME_SUBSET_REFERENCE,SUBSET,DYNAMIC_REFERENCE,Expression contains dynamic tokens,0,,sDimension,,,cSubset,,sDimension.cSubset,
TI,semantic::ti::sys_cube_viewandsubsets_delete::DELETES_SUBSET::subset::sdimname.csubset,SEMANTIC_KEY,1,1,DELETES_SUBSET,RUNTIME_SUBSET_REFERENCE,SUBSET,DYNAMIC_REFERENCE,Expression contains dynamic tokens,0,,sDimName,,,cSubset,,sDimName.cSubset,
TI,semantic::ti::sys_delete_views_and_subsets_by_pattern::DELETES_SUBSET::subset::vdim.vsub,SEMANTIC_KEY,1,1,DELETES_SUBSET,RUNTIME_SUBSET_REFERENCE,SUBSET,DYNAMIC_REFERENCE,Expression contains dynamic tokens,0,,vDim,,,vSub,,vDim.vSub,
TI,semantic::ti::sys_dim_clone::CREATES_SUBSET::subset::psourcedim.csubset,SEMANTIC_KEY,1,1,CREATES_SUBSET,RUNTIME_SUBSET_REFERENCE,SUBSET,DYNAMIC_REFERENCE,Expression contains dynamic tokens,0,,pSourceDim,,,cSubset,,pSourceDim.cSubset,
TI,semantic::ti::sys_dim_create_derived_dim_frommdx::CREATES_SUBSET::subset::ssubset,SEMANTIC_KEY,1,1,CREATES_SUBSET,RUNTIME_SUBSET_REFERENCE,SUBSET,DYNAMIC_REFERENCE,Expression contains dynamic tokens,0,,,,,sSubset,,sSubset,
TI,semantic::ti::sys_dim_create_derived_dim_frommdx::DELETES_SUBSET::subset::pdim.ssubset,SEMANTIC_KEY,1,1,DELETES_SUBSET,RUNTIME_SUBSET_REFERENCE,SUBSET,DYNAMIC_REFERENCE,Expression contains dynamic tokens,0,,pDim,,,sSubset,,pDim.sSubset,
TI,semantic::ti::sys_dim_create_derived_dim_frommdx::DELETES_SUBSET::subset::psrcdim.ssubset,SEMANTIC_KEY,1,1,DELETES_SUBSET,RUNTIME_SUBSET_REFERENCE,SUBSET,DYNAMIC_REFERENCE,Expression contains dynamic tokens,0,,pSrcDim,,,sSubset,,pSrcDim.sSubset,
TI,semantic::ti::sys_dim_element_delete.fromsubset::DELETES_SUBSET::subset::pdimension.psubset,SEMANTIC_KEY,1,1,DELETES_SUBSET,RUNTIME_SUBSET_REFERENCE,SUBSET,DYNAMIC_REFERENCE,Expression contains dynamic tokens,0,,pDimension,,,pSubset,,pDimension.pSubset,
TI,semantic::ti::sys_dim_hierarchy_create_fromattribute::CREATES_SUBSET::subset::sdim.cdataview,SEMANTIC_KEY,1,1,CREATES_SUBSET,RUNTIME_SUBSET_REFERENCE,SUBSET,DYNAMIC_REFERENCE,Expression contains dynamic tokens,0,,sDim,,,cDataView,,sDim.cDataView,
TI,semantic::ti::sys_dim_hierarchy_create_fromattribute::DELETES_SUBSET::subset::sdim.cdataview,SEMANTIC_KEY,1,1,DELETES_SUBSET,RUNTIME_SUBSET_REFERENCE,SUBSET,DYNAMIC_REFERENCE,Expression contains dynamic tokens,0,,sDim,,,cDataView,,sDim.cDataView,
TI,semantic::ti::sys_dim_hierarchy_create_fromattribute::UPDATES_SUBSET::subset::sdim.cdataview,SEMANTIC_KEY,1,1,UPDATES_SUBSET,RUNTIME_SUBSET_REFERENCE,SUBSET,DYNAMIC_REFERENCE,Expression contains dynamic tokens,0,,sDim,,,cDataView,,sDim.cDataView,
TI,semantic::ti::sys_dim_hierarchy_create_fromattribute_v2::CREATES_SUBSET::subset::sdim.cdataview,SEMANTIC_KEY,1,1,CREATES_SUBSET,RUNTIME_SUBSET_REFERENCE,SUBSET,DYNAMIC_REFERENCE,Expression contains dynamic tokens,0,,sDim,,,cDataView,,sDim.cDataView,
TI,semantic::ti::sys_dim_hierarchy_create_fromattribute_v2::DELETES_SUBSET::subset::sdim.cdataview,SEMANTIC_KEY,1,1,DELETES_SUBSET,RUNTIME_SUBSET_REFERENCE,SUBSET,DYNAMIC_REFERENCE,Expression contains dynamic tokens,0,,sDim,,,cDataView,,sDim.cDataView,
TI,semantic::ti::sys_dim_hierarchy_create_fromattribute_v2::UPDATES_SUBSET::subset::sdim.cdataview,SEMANTIC_KEY,1,1,UPDATES_SUBSET,RUNTIME_SUBSET_REFERENCE,SUBSET,DYNAMIC_REFERENCE,Expression contains dynamic tokens,0,,sDim,,,cDataView,,sDim.cDataView,
TI,semantic::ti::sys_dim_hierarchy_create_frommdxsubset::CREATES_SUBSET::subset::ssrcsubset,SEMANTIC_KEY,1,1,CREATES_SUBSET,RUNTIME_SUBSET_REFERENCE,SUBSET,DYNAMIC_REFERENCE,Expression contains dynamic tokens,0,,,,,sSrcSubset,,sSrcSubset,
TI,semantic::ti::sys_dim_hierarchy_create_frommdxsubset::DELETES_SUBSET::subset::pdim.ssrcsubset,SEMANTIC_KEY,1,1,DELETES_SUBSET,RUNTIME_SUBSET_REFERENCE,SUBSET,DYNAMIC_REFERENCE,Expression contains dynamic tokens,0,,pDim,,,sSrcSubset,,pDim.sSrcSubset,
TI,semantic::ti::sys_dim_hierarchy_unwind_consolidation_large::CREATES_SUBSET::subset::pdimension.ssubset,SEMANTIC_KEY,1,1,CREATES_SUBSET,RUNTIME_SUBSET_REFERENCE,SUBSET,DYNAMIC_REFERENCE,Expression contains dynamic tokens,0,,pDimension,,,sSubset,,pDimension.sSubset,
TI,semantic::ti::sys_dim_hierarchy_unwind_consolidation_large::DELETES_SUBSET::subset::pdimension.ssubset,SEMANTIC_KEY,1,1,DELETES_SUBSET,RUNTIME_SUBSET_REFERENCE,SUBSET,DYNAMIC_REFERENCE,Expression contains dynamic tokens,0,,pDimension,,,sSubset,,pDimension.sSubset,
TI,semantic::ti::sys_dim_sub_clone::CREATES_SUBSET::subset::pdimension.ptargetsub,SEMANTIC_KEY,1,1,CREATES_SUBSET,RUNTIME_SUBSET_REFERENCE,SUBSET,DYNAMIC_REFERENCE,Expression contains dynamic tokens,0,,pDimension,,,pTargetSub,,pDimension.pTargetSub,
TI,semantic::ti::sys_dim_sub_clone::UPDATES_SUBSET::subset::pdimension.ptargetsub,SEMANTIC_KEY,1,1,UPDATES_SUBSET,RUNTIME_SUBSET_REFERENCE,SUBSET,DYNAMIC_REFERENCE,Expression contains dynamic tokens,0,,pDimension,,,pTargetSub,,pDimension.pTargetSub,
TI,semantic::ti::sys_dim_sub_create::CREATES_SUBSET::subset::pdimension.psubset,SEMANTIC_KEY,1,1,CREATES_SUBSET,RUNTIME_SUBSET_REFERENCE,SUBSET,DYNAMIC_REFERENCE,Expression contains dynamic tokens,0,,pDimension,,,pSubset,,pDimension.pSubset,
TI,semantic::ti::sys_dim_sub_create::UPDATES_SUBSET::subset::pdimension.psubset,SEMANTIC_KEY,1,1,UPDATES_SUBSET,RUNTIME_SUBSET_REFERENCE,SUBSET,DYNAMIC_REFERENCE,Expression contains dynamic tokens,0,,pDimension,,,pSubset,,pDimension.pSubset,
TI,semantic::ti::sys_dim_sub_create_bymdx::CREATES_SUBSET::subset::psubset,SEMANTIC_KEY,1,1,CREATES_SUBSET,RUNTIME_SUBSET_REFERENCE,SUBSET,DYNAMIC_REFERENCE,Expression contains dynamic tokens,0,,,,,pSubset,,pSubset,
TI,semantic::ti::sys_dim_sub_create_bymdx::DELETES_SUBSET::subset::pdimension.ctempsubset,SEMANTIC_KEY,1,1,DELETES_SUBSET,RUNTIME_SUBSET_REFERENCE,SUBSET,DYNAMIC_REFERENCE,Expression contains dynamic tokens,0,,pDimension,,,cTempSubset,,pDimension.cTempSubset,
TI,semantic::ti::sys_dim_sub_create_bymdx::DELETES_SUBSET::subset::pdimension.psubset,SEMANTIC_KEY,1,1,DELETES_SUBSET,RUNTIME_SUBSET_REFERENCE,SUBSET,DYNAMIC_REFERENCE,Expression contains dynamic tokens,0,,pDimension,,,pSubset,,pDimension.pSubset,
TI,semantic::ti::sys_dim_sub_create_bymdx::UPDATES_SUBSET::subset::pdimension.ctempsubset,SEMANTIC_KEY,1,1,UPDATES_SUBSET,RUNTIME_SUBSET_REFERENCE,SUBSET,DYNAMIC_REFERENCE,Expression contains dynamic tokens,0,,pDimension,,,cTempSubset,,pDimension.cTempSubset,
TI,semantic::ti::sys_dim_sub_create_bymdx_full::CREATES_SUBSET::subset::psubset,SEMANTIC_KEY,1,1,CREATES_SUBSET,RUNTIME_SUBSET_REFERENCE,SUBSET,DYNAMIC_REFERENCE,Expression contains dynamic tokens,0,,,,,pSubset,,pSubset,
TI,semantic::ti::sys_dim_sub_create_from_delimited_string::CREATES_SUBSET::subset::pdimension.psubset,SEMANTIC_KEY,1,1,CREATES_SUBSET,RUNTIME_SUBSET_REFERENCE,SUBSET,DYNAMIC_REFERENCE,Expression contains dynamic tokens,0,,pDimension,,,pSubset,,pDimension.pSubset,
TI,semantic::ti::sys_dim_sub_create_from_delimited_string::UPDATES_SUBSET::subset::pdimension.psubset,SEMANTIC_KEY,1,1,UPDATES_SUBSET,RUNTIME_SUBSET_REFERENCE,SUBSET,DYNAMIC_REFERENCE,Expression contains dynamic tokens,0,,pDimension,,,pSubset,,pDimension.pSubset,
TI,semantic::ti::sys_dim_sub_delete::DELETES_SUBSET::subset::sdimension.ssubset,SEMANTIC_KEY,1,1,DELETES_SUBSET,RUNTIME_SUBSET_REFERENCE,SUBSET,DYNAMIC_REFERENCE,Expression contains dynamic tokens,0,,sDimension,,,sSubset,,sDimension.sSubset,
TI,semantic::ti::sys_dim_sub_delete_all_control::DELETES_SUBSET::subset::cdim.ssubset,SEMANTIC_KEY,1,1,DELETES_SUBSET,RUNTIME_SUBSET_REFERENCE,SUBSET,DYNAMIC_REFERENCE,Expression contains dynamic tokens,0,,cDim,,,sSubset,,cDim.sSubset,
TI,semantic::ti::sys_generic_alternate dimension hierarchies::CREATES_SUBSET::subset::psrcdim.ssubset,SEMANTIC_KEY,1,1,CREATES_SUBSET,RUNTIME_SUBSET_REFERENCE,SUBSET,DYNAMIC_REFERENCE,Expression contains dynamic tokens,0,,pSrcDim,,,sSubset,,pSrcDim.sSubset,
TI,semantic::ti::sys_generic_alternate dimension hierarchies::DELETES_SUBSET::subset::psrcdim.ssubset,SEMANTIC_KEY,1,1,DELETES_SUBSET,RUNTIME_SUBSET_REFERENCE,SUBSET,DYNAMIC_REFERENCE,Expression contains dynamic tokens,0,,pSrcDim,,,sSubset,,pSrcDim.sSubset,
TI,semantic::ti::sys_generic_rollup undefined::CREATES_SUBSET::subset::pdimension.ssubset,SEMANTIC_KEY,1,1,CREATES_SUBSET,RUNTIME_SUBSET_REFERENCE,SUBSET,DYNAMIC_REFERENCE,Expression contains dynamic tokens,0,,pDimension,,,sSubset,,pDimension.sSubset,
TI,semantic::ti::sys_generic_rollup undefined::DELETES_SUBSET::subset::pdimension.ssubset,SEMANTIC_KEY,1,1,DELETES_SUBSET,RUNTIME_SUBSET_REFERENCE,SUBSET,DYNAMIC_REFERENCE,Expression contains dynamic tokens,0,,pDimension,,,sSubset,,pDimension.sSubset,
TI,semantic::ti::sys_generic_rollup undefined::UPDATES_SUBSET::subset::pdimension.ssubset,SEMANTIC_KEY,1,1,UPDATES_SUBSET,RUNTIME_SUBSET_REFERENCE,SUBSET,DYNAMIC_REFERENCE,Expression contains dynamic tokens,0,,pDimension,,,sSubset,,pDimension.sSubset,
TI,semantic::ti::sys_virtual dimension::DELETES_SUBSET::subset::pdimension.ssubset,SEMANTIC_KEY,1,1,DELETES_SUBSET,RUNTIME_SUBSET_REFERENCE,SUBSET,DYNAMIC_REFERENCE,Expression contains dynamic tokens,0,,pDimension,,,sSubset,,pDimension.sSubset,
TI,semantic::ti::ztemp - profit and loss - correct legacy qty::UPDATES_SUBSET::subset::fiscal period.ssrcview,SEMANTIC_KEY,1,1,UPDATES_SUBSET,RUNTIME_SUBSET_REFERENCE,SUBSET,DYNAMIC_REFERENCE,Expression contains dynamic tokens,0,,Fiscal Period,,,sSrcView,,Fiscal Period.sSrcView,
TI,semantic::ti::ztemp_ intercompany - export profit centers::UPDATES_SUBSET::subset::fiscal period.ssrcview,SEMANTIC_KEY,1,1,UPDATES_SUBSET,RUNTIME_SUBSET_REFERENCE,SUBSET,DYNAMIC_REFERENCE,Expression contains dynamic tokens,0,,Fiscal Period,,,sSrcView,,Fiscal Period.sSrcView,
TI,semantic::ti::ztemp_dataupdate - below the line assessments - outlook - period range::UPDATES_SUBSET::subset::fiscal period.ssrcview,SEMANTIC_KEY,1,1,UPDATES_SUBSET,RUNTIME_SUBSET_REFERENCE,SUBSET,DYNAMIC_REFERENCE,Expression contains dynamic tokens,0,,Fiscal Period,,,sSrcView,,Fiscal Period.sSrcView,
TI,semantic::ti::ztemp_dataupdate - below the line assessments - outlook - period range::UPDATES_SUBSET::subset::fiscal period.stgtview,SEMANTIC_KEY,1,1,UPDATES_SUBSET,RUNTIME_SUBSET_REFERENCE,SUBSET,DYNAMIC_REFERENCE,Expression contains dynamic tokens,0,,Fiscal Period,,,sTgtView,,Fiscal Period.sTgtView,
TI,semantic::ti::ztemp_document no_index::UPDATES_SUBSET::subset::fiscal period.ssrcview,SEMANTIC_KEY,1,1,UPDATES_SUBSET,RUNTIME_SUBSET_REFERENCE,SUBSET,DYNAMIC_REFERENCE,Expression contains dynamic tokens,0,,Fiscal Period,,,sSrcView,,Fiscal Period.sSrcView,
TI,semantic::ti::ztemp_document no_index::UPDATES_SUBSET::subset::functional area.ssrcview,SEMANTIC_KEY,1,1,UPDATES_SUBSET,RUNTIME_SUBSET_REFERENCE,SUBSET,DYNAMIC_REFERENCE,Expression contains dynamic tokens,0,,Functional Area,,,sSrcView,,Functional Area.sSrcView,
TI,semantic::ti::ztemp_export intercompany sandbox issues::UPDATES_SUBSET::subset::fiscal period.ssrcview,SEMANTIC_KEY,1,1,UPDATES_SUBSET,RUNTIME_SUBSET_REFERENCE,SUBSET,DYNAMIC_REFERENCE,Expression contains dynamic tokens,0,,Fiscal Period,,,sSrcView,,Fiscal Period.sSrcView,
TI,semantic::ti::ztemp_test::UPDATES_SUBSET::subset::fiscal period.sviewsrc,SEMANTIC_KEY,1,1,UPDATES_SUBSET,RUNTIME_SUBSET_REFERENCE,SUBSET,DYNAMIC_REFERENCE,Expression contains dynamic tokens,0,,Fiscal Period,,,sViewSrc,,Fiscal Period.sViewSrc,
TI,semantic::ti::}drill_balance sheet source::CREATES_SUBSET::subset::balance sheet source.sview,SEMANTIC_KEY,1,1,CREATES_SUBSET,RUNTIME_SUBSET_REFERENCE,SUBSET,DYNAMIC_REFERENCE,Expression contains dynamic tokens,0,,Balance Sheet Source,,,sView,,Balance Sheet Source.sView,
TI,semantic::ti::}drill_balance sheet source::CREATES_SUBSET::subset::bs account.sview,SEMANTIC_KEY,1,1,CREATES_SUBSET,RUNTIME_SUBSET_REFERENCE,SUBSET,DYNAMIC_REFERENCE,Expression contains dynamic tokens,0,,BS Account,,,sView,,BS Account.sView,
TI,semantic::ti::}drill_balance sheet source::CREATES_SUBSET::subset::company.sview,SEMANTIC_KEY,1,1,CREATES_SUBSET,RUNTIME_SUBSET_REFERENCE,SUBSET,DYNAMIC_REFERENCE,Expression contains dynamic tokens,0,,Company,,,sView,,Company.sView,
TI,semantic::ti::}drill_balance sheet source::CREATES_SUBSET::subset::fiscal period.sview,SEMANTIC_KEY,1,1,CREATES_SUBSET,RUNTIME_SUBSET_REFERENCE,SUBSET,DYNAMIC_REFERENCE,Expression contains dynamic tokens,0,,Fiscal Period,,,sView,,Fiscal Period.sView,
TI,semantic::ti::}drill_balance sheet source::CREATES_SUBSET::subset::flow code.sview,SEMANTIC_KEY,1,1,CREATES_SUBSET,RUNTIME_SUBSET_REFERENCE,SUBSET,DYNAMIC_REFERENCE,Expression contains dynamic tokens,0,,Flow Code,,,sView,,Flow Code.sView,
TI,semantic::ti::}drill_balance sheet source::CREATES_SUBSET::subset::mbalance sheet.sview,SEMANTIC_KEY,1,1,CREATES_SUBSET,RUNTIME_SUBSET_REFERENCE,SUBSET,DYNAMIC_REFERENCE,Expression contains dynamic tokens,0,,mBalance Sheet,,,sView,,mBalance Sheet.sView,
TI,semantic::ti::}drill_balance sheet source::CREATES_SUBSET::subset::profit center.sview,SEMANTIC_KEY,1,1,CREATES_SUBSET,RUNTIME_SUBSET_REFERENCE,SUBSET,DYNAMIC_REFERENCE,Expression contains dynamic tokens,0,,Profit Center,,,sView,,Profit Center.sView,
TI,semantic::ti::}drill_balance sheet source::CREATES_SUBSET::subset::scenario.sview,SEMANTIC_KEY,1,1,CREATES_SUBSET,RUNTIME_SUBSET_REFERENCE,SUBSET,DYNAMIC_REFERENCE,Expression contains dynamic tokens,0,,Scenario,,,sView,,Scenario.sView,
TI,semantic::ti::}drill_balance sheet source::CREATES_SUBSET::subset::trading partner.sview,SEMANTIC_KEY,1,1,CREATES_SUBSET,RUNTIME_SUBSET_REFERENCE,SUBSET,DYNAMIC_REFERENCE,Expression contains dynamic tokens,0,,Trading Partner,,,sView,,Trading Partner.sView,
TI,semantic::ti::}drill_balance sheet source::UPDATES_SUBSET::subset::balance sheet source.sview,SEMANTIC_KEY,1,1,UPDATES_SUBSET,RUNTIME_SUBSET_REFERENCE,SUBSET,DYNAMIC_REFERENCE,Expression contains dynamic tokens,0,,Balance Sheet Source,,,sView,,Balance Sheet Source.sView,
TI,semantic::ti::}drill_balance sheet source::UPDATES_SUBSET::subset::bs account.sview,SEMANTIC_KEY,1,1,UPDATES_SUBSET,RUNTIME_SUBSET_REFERENCE,SUBSET,DYNAMIC_REFERENCE,Expression contains dynamic tokens,0,,BS Account,,,sView,,BS Account.sView,
TI,semantic::ti::}drill_balance sheet source::UPDATES_SUBSET::subset::company.sview,SEMANTIC_KEY,1,1,UPDATES_SUBSET,RUNTIME_SUBSET_REFERENCE,SUBSET,DYNAMIC_REFERENCE,Expression contains dynamic tokens,0,,Company,,,sView,,Company.sView,
TI,semantic::ti::}drill_balance sheet source::UPDATES_SUBSET::subset::fiscal period.sview,SEMANTIC_KEY,1,1,UPDATES_SUBSET,RUNTIME_SUBSET_REFERENCE,SUBSET,DYNAMIC_REFERENCE,Expression contains dynamic tokens,0,,Fiscal Period,,,sView,,Fiscal Period.sView,
TI,semantic::ti::}drill_balance sheet source::UPDATES_SUBSET::subset::flow code.sview,SEMANTIC_KEY,1,1,UPDATES_SUBSET,RUNTIME_SUBSET_REFERENCE,SUBSET,DYNAMIC_REFERENCE,Expression contains dynamic tokens,0,,Flow Code,,,sView,,Flow Code.sView,
TI,semantic::ti::}drill_balance sheet source::UPDATES_SUBSET::subset::mbalance sheet.sview,SEMANTIC_KEY,1,1,UPDATES_SUBSET,RUNTIME_SUBSET_REFERENCE,SUBSET,DYNAMIC_REFERENCE,Expression contains dynamic tokens,0,,mBalance Sheet,,,sView,,mBalance Sheet.sView,
TI,semantic::ti::}drill_balance sheet source::UPDATES_SUBSET::subset::profit center.sview,SEMANTIC_KEY,1,1,UPDATES_SUBSET,RUNTIME_SUBSET_REFERENCE,SUBSET,DYNAMIC_REFERENCE,Expression contains dynamic tokens,0,,Profit Center,,,sView,,Profit Center.sView,
TI,semantic::ti::}drill_balance sheet source::UPDATES_SUBSET::subset::scenario.sview,SEMANTIC_KEY,1,1,UPDATES_SUBSET,RUNTIME_SUBSET_REFERENCE,SUBSET,DYNAMIC_REFERENCE,Expression contains dynamic tokens,0,,Scenario,,,sView,,Scenario.sView,
TI,semantic::ti::}drill_balance sheet source::UPDATES_SUBSET::subset::trading partner.sview,SEMANTIC_KEY,1,1,UPDATES_SUBSET,RUNTIME_SUBSET_REFERENCE,SUBSET,DYNAMIC_REFERENCE,Expression contains dynamic tokens,0,,Trading Partner,,,sView,,Trading Partner.sView,
TI,semantic::ti::}drill_btl - corporate headcount::UPDATES_SUBSET::subset::employee.sview,SEMANTIC_KEY,1,1,UPDATES_SUBSET,RUNTIME_SUBSET_REFERENCE,SUBSET,DYNAMIC_REFERENCE,Expression contains dynamic tokens,0,,Employee,,,sView,,Employee.sView,
TI,semantic::ti::}drill_btl - manual pax entry::UPDATES_SUBSET::subset::manual input lineno.sview,SEMANTIC_KEY,1,1,UPDATES_SUBSET,RUNTIME_SUBSET_REFERENCE,SUBSET,DYNAMIC_REFERENCE,Expression contains dynamic tokens,0,,Manual Input LineNo,,,sView,,Manual Input LineNo.sView,
TI,semantic::ti::}drill_btl report - corporate headcount::UPDATES_SUBSET::subset::employee.sview,SEMANTIC_KEY,1,1,UPDATES_SUBSET,RUNTIME_SUBSET_REFERENCE,SUBSET,DYNAMIC_REFERENCE,Expression contains dynamic tokens,0,,Employee,,,sView,,Employee.sView,
TI,semantic::ti::}drill_btl report - manual pax entry::UPDATES_SUBSET::subset::manual input lineno.sview,SEMANTIC_KEY,1,1,UPDATES_SUBSET,RUNTIME_SUBSET_REFERENCE,SUBSET,DYNAMIC_REFERENCE,Expression contains dynamic tokens,0,,Manual Input LineNo,,,sView,,Manual Input LineNo.sView,
TI,semantic::ti::dataupdate - balance sheet - outlook seed actual::USES_VIEW::view::balance sheet.stgtview,SEMANTIC_KEY,1,1,USES_VIEW,RUNTIME_VIEW_REFERENCE,VIEW,DYNAMIC_REFERENCE,Expression contains dynamic tokens,0,Balance Sheet,,,,,sTgtView,Balance Sheet.sTgtView,
TI,semantic::ti::dataupdate - balance sheet - period 13::USES_VIEW::view::balance sheet.stgtview,SEMANTIC_KEY,1,1,USES_VIEW,RUNTIME_VIEW_REFERENCE,VIEW,DYNAMIC_REFERENCE,Expression contains dynamic tokens,0,Balance Sheet,,,,,sTgtView,Balance Sheet.sTgtView,
TI,semantic::ti::dataupdate - balance sheet detail::USES_VIEW::view::balance sheet detail.stgtview,SEMANTIC_KEY,1,1,USES_VIEW,RUNTIME_VIEW_REFERENCE,VIEW,DYNAMIC_REFERENCE,Expression contains dynamic tokens,0,Balance Sheet Detail,,,,,sTgtView,Balance Sheet Detail.sTgtView,
TI,semantic::ti::dataupdate - balance sheet::USES_VIEW::view::balance sheet.stgtview,SEMANTIC_KEY,1,1,USES_VIEW,RUNTIME_VIEW_REFERENCE,VIEW,DYNAMIC_REFERENCE,Expression contains dynamic tokens,0,Balance Sheet,,,,,sTgtView,Balance Sheet.sTgtView,
TI,semantic::ti::dataupdate - below the line - actual::USES_VIEW::view::below the line.stgtview,SEMANTIC_KEY,1,1,USES_VIEW,RUNTIME_VIEW_REFERENCE,VIEW,DYNAMIC_REFERENCE,Expression contains dynamic tokens,0,Below the Line,,,,,sTgtView,Below the Line.sTgtView,
TI,semantic::ti::dataupdate - below the line - corporate headcount::USES_VIEW::view::below the line.stgtview,SEMANTIC_KEY,1,1,USES_VIEW,RUNTIME_VIEW_REFERENCE,VIEW,DYNAMIC_REFERENCE,Expression contains dynamic tokens,0,Below the Line,,,,,sTgtView,Below the Line.sTgtView,
TI,semantic::ti::dataupdate - below the line - load outlook to budinc::USES_VIEW::view::budinc.stgtview,SEMANTIC_KEY,1,1,USES_VIEW,RUNTIME_VIEW_REFERENCE,VIEW,DYNAMIC_REFERENCE,Expression contains dynamic tokens,0,BudInc,,,,,sTgtView,BudInc.sTgtView,
TI,semantic::ti::dataupdate - below the line - manual entry::USES_VIEW::view::below the line assessment.stgtview2,SEMANTIC_KEY,1,1,USES_VIEW,RUNTIME_VIEW_REFERENCE,VIEW,DYNAMIC_REFERENCE,Expression contains dynamic tokens,0,Below the Line Assessment,,,,,sTgtView2,Below the Line Assessment.sTgtView2,
TI,semantic::ti::dataupdate - below the line - manual entry::USES_VIEW::view::below the line.stgtview,SEMANTIC_KEY,1,1,USES_VIEW,RUNTIME_VIEW_REFERENCE,VIEW,DYNAMIC_REFERENCE,Expression contains dynamic tokens,0,Below the Line,,,,,sTgtView,Below the Line.sTgtView,
TI,semantic::ti::dataupdate - below the line - outlook seed actual::USES_VIEW::view::below the line.stgtview,SEMANTIC_KEY,1,1,USES_VIEW,RUNTIME_VIEW_REFERENCE,VIEW,DYNAMIC_REFERENCE,Expression contains dynamic tokens,0,Below the Line,,,,,sTgtView,Below the Line.sTgtView,
TI,semantic::ti::dataupdate - below the line assessment - actual - assessment offset postings::USES_VIEW::view::below the line assessment.stgtview,SEMANTIC_KEY,1,1,USES_VIEW,RUNTIME_VIEW_REFERENCE,VIEW,DYNAMIC_REFERENCE,Expression contains dynamic tokens,0,Below the Line Assessment,,,,,sTgtView,Below the Line Assessment.sTgtView,
TI,semantic::ti::dataupdate - below the line assessment - actual - assessment postings::USES_VIEW::view::below the line assessment.stgtview,SEMANTIC_KEY,1,1,USES_VIEW,RUNTIME_VIEW_REFERENCE,VIEW,DYNAMIC_REFERENCE,Expression contains dynamic tokens,0,Below the Line Assessment,,,,,sTgtView,Below the Line Assessment.sTgtView,
TI,semantic::ti::dataupdate - below the line assessment - actual - manual entry::USES_VIEW::view::below the line assessment.stgtview,SEMANTIC_KEY,1,1,USES_VIEW,RUNTIME_VIEW_REFERENCE,VIEW,DYNAMIC_REFERENCE,Expression contains dynamic tokens,0,Below the Line Assessment,,,,,sTgtView,Below the Line Assessment.sTgtView,
TI,semantic::ti::dataupdate - below the line assessment - actual - manual entry::USES_VIEW::view::profit and loss.stgt2view,SEMANTIC_KEY,1,1,USES_VIEW,RUNTIME_VIEW_REFERENCE,VIEW,DYNAMIC_REFERENCE,Expression contains dynamic tokens,0,Profit and Loss,,,,,sTgt2View,Profit and Loss.sTgt2View,
TI,semantic::ti::dataupdate - below the line assessment - copy assess % override - plan::USES_VIEW::view::below the line assessment.stgtview,SEMANTIC_KEY,1,1,USES_VIEW,RUNTIME_VIEW_REFERENCE,VIEW,DYNAMIC_REFERENCE,Expression contains dynamic tokens,0,Below the Line Assessment,,,,,sTgtView,Below the Line Assessment.sTgtView,
TI,semantic::ti::dataupdate - below the line assessment - copy assess % override::USES_VIEW::view::below the line assessment.stgtview,SEMANTIC_KEY,1,1,USES_VIEW,RUNTIME_VIEW_REFERENCE,VIEW,DYNAMIC_REFERENCE,Expression contains dynamic tokens,0,Below the Line Assessment,,,,,sTgtView,Below the Line Assessment.sTgtView,
TI,semantic::ti::dataupdate - below the line assessments - outlook - period range::USES_VIEW::view::below the line assessment.stgtview,SEMANTIC_KEY,1,1,USES_VIEW,RUNTIME_VIEW_REFERENCE,VIEW,DYNAMIC_REFERENCE,Expression contains dynamic tokens,0,Below the Line Assessment,,,,,sTgtView,Below the Line Assessment.sTgtView,
TI,semantic::ti::dataupdate - below the line assessments - outlook - period range::USES_VIEW::view::profit and loss.stgt2view,SEMANTIC_KEY,1,1,USES_VIEW,RUNTIME_VIEW_REFERENCE,VIEW,DYNAMIC_REFERENCE,Expression contains dynamic tokens,0,Profit and Loss,,,,,sTgt2View,Profit and Loss.sTgt2View,
TI,semantic::ti::dataupdate - below the line assessments - outlook assessment percentage - plan::USES_VIEW::view::below the line assessment.stgtview,SEMANTIC_KEY,1,1,USES_VIEW,RUNTIME_VIEW_REFERENCE,VIEW,DYNAMIC_REFERENCE,Expression contains dynamic tokens,0,Below the Line Assessment,,,,,sTgtView,Below the Line Assessment.sTgtView,
TI,semantic::ti::dataupdate - below the line assessments - outlook assessment percentage - plan::USES_VIEW::view::below the line assessment.stgtview2,SEMANTIC_KEY,1,1,USES_VIEW,RUNTIME_VIEW_REFERENCE,VIEW,DYNAMIC_REFERENCE,Expression contains dynamic tokens,0,Below the Line Assessment,,,,,sTgtView2,Below the Line Assessment.sTgtView2,
TI,semantic::ti::dataupdate - below the line assessments - outlook assessment percentage::USES_VIEW::view::below the line assessment.stgtview,SEMANTIC_KEY,1,1,USES_VIEW,RUNTIME_VIEW_REFERENCE,VIEW,DYNAMIC_REFERENCE,Expression contains dynamic tokens,0,Below the Line Assessment,,,,,sTgtView,Below the Line Assessment.sTgtView,
TI,semantic::ti::dataupdate - below the line assessments - outlook assessment percentage::USES_VIEW::view::below the line assessment.stgtview2,SEMANTIC_KEY,1,1,USES_VIEW,RUNTIME_VIEW_REFERENCE,VIEW,DYNAMIC_REFERENCE,Expression contains dynamic tokens,0,Below the Line Assessment,,,,,sTgtView2,Below the Line Assessment.sTgtView2,
TI,semantic::ti::dataupdate - below the line assessments - outlook seed actual::USES_VIEW::view::below the line assessment.stgtview,SEMANTIC_KEY,1,1,USES_VIEW,RUNTIME_VIEW_REFERENCE,VIEW,DYNAMIC_REFERENCE,Expression contains dynamic tokens,0,Below the Line Assessment,,,,,sTgtView,Below the Line Assessment.sTgtView,
TI,semantic::ti::dataupdate - below the line assessments - outlook::USES_VIEW::view::below the line assessment.stgtview,SEMANTIC_KEY,1,1,USES_VIEW,RUNTIME_VIEW_REFERENCE,VIEW,DYNAMIC_REFERENCE,Expression contains dynamic tokens,0,Below the Line Assessment,,,,,sTgtView,Below the Line Assessment.sTgtView,
TI,semantic::ti::dataupdate - below the line assessments - outlook::USES_VIEW::view::profit and loss.stgt2view,SEMANTIC_KEY,1,1,USES_VIEW,RUNTIME_VIEW_REFERENCE,VIEW,DYNAMIC_REFERENCE,Expression contains dynamic tokens,0,Profit and Loss,,,,,sTgt2View,Profit and Loss.sTgt2View,
TI,semantic::ti::dataupdate - below the line assessments - plan::USES_VIEW::view::below the line assessment.stgtview,SEMANTIC_KEY,1,1,USES_VIEW,RUNTIME_VIEW_REFERENCE,VIEW,DYNAMIC_REFERENCE,Expression contains dynamic tokens,0,Below the Line Assessment,,,,,sTgtView,Below the Line Assessment.sTgtView,
TI,semantic::ti::dataupdate - below the line assessments - plan::USES_VIEW::view::profit and loss.stgt2view,SEMANTIC_KEY,1,1,USES_VIEW,RUNTIME_VIEW_REFERENCE,VIEW,DYNAMIC_REFERENCE,Expression contains dynamic tokens,0,Profit and Loss,,,,,sTgt2View,Profit and Loss.sTgt2View,
TI,semantic::ti::dataupdate - corporate headcount - outlook seed actual::USES_VIEW::view::corporate headcount.stgtview,SEMANTIC_KEY,1,1,USES_VIEW,RUNTIME_VIEW_REFERENCE,VIEW,DYNAMIC_REFERENCE,Expression contains dynamic tokens,0,Corporate Headcount,,,,,sTgtView,Corporate Headcount.sTgtView,
TI,semantic::ti::dataupdate - corporate headcount::USES_VIEW::view::corporate headcount.stgtview,SEMANTIC_KEY,1,1,USES_VIEW,RUNTIME_VIEW_REFERENCE,VIEW,DYNAMIC_REFERENCE,Expression contains dynamic tokens,0,Corporate Headcount,,,,,sTgtView,Corporate Headcount.sTgtView,
TI,semantic::ti::dataupdate - cost standards - keph::USES_VIEW::view::cost standards.stgtview,SEMANTIC_KEY,1,1,USES_VIEW,RUNTIME_VIEW_REFERENCE,VIEW,DYNAMIC_REFERENCE,Expression contains dynamic tokens,0,Cost Standards,,,,,sTgtView,Cost Standards.sTgtView,
TI,semantic::ti::dataupdate - customer profitability - outlook seed actual::USES_VIEW::view::customer profitability.stgtview,SEMANTIC_KEY,1,1,USES_VIEW,RUNTIME_VIEW_REFERENCE,VIEW,DYNAMIC_REFERENCE,Expression contains dynamic tokens,0,Customer Profitability,,,,,sTgtView,Customer Profitability.sTgtView,
TI,semantic::ti::dataupdate - customer profitability::USES_VIEW::view::customer profitability.stgtview,SEMANTIC_KEY,1,1,USES_VIEW,RUNTIME_VIEW_REFERENCE,VIEW,DYNAMIC_REFERENCE,Expression contains dynamic tokens,0,Customer Profitability,,,,,sTgtView,Customer Profitability.sTgtView,
TI,semantic::ti::dataupdate - fixed manufacturing cost - actual::USES_VIEW::view::fixed manufacturing cost.stgtview,SEMANTIC_KEY,1,1,USES_VIEW,RUNTIME_VIEW_REFERENCE,VIEW,DYNAMIC_REFERENCE,Expression contains dynamic tokens,0,Fixed Manufacturing Cost,,,,,sTgtView,Fixed Manufacturing Cost.sTgtView,
TI,semantic::ti::dataupdate - fixed manufacturing cost - load outlook to budinc::USES_VIEW::view::budinc.stgtview,SEMANTIC_KEY,1,1,USES_VIEW,RUNTIME_VIEW_REFERENCE,VIEW,DYNAMIC_REFERENCE,Expression contains dynamic tokens,0,BudInc,,,,,sTgtView,BudInc.sTgtView,
TI,semantic::ti::dataupdate - fixed manufacturing cost - outlook seed actual::USES_VIEW::view::fixed manufacturing cost.stgtview,SEMANTIC_KEY,1,1,USES_VIEW,RUNTIME_VIEW_REFERENCE,VIEW,DYNAMIC_REFERENCE,Expression contains dynamic tokens,0,Fixed Manufacturing Cost,,,,,sTgtView,Fixed Manufacturing Cost.sTgtView,
TI,semantic::ti::dataupdate - fixed manufacturing cost - plan::USES_VIEW::view::fixed manufacturing cost.stgtview,SEMANTIC_KEY,1,1,USES_VIEW,RUNTIME_VIEW_REFERENCE,VIEW,DYNAMIC_REFERENCE,Expression contains dynamic tokens,0,Fixed Manufacturing Cost,,,,,sTgtView,Fixed Manufacturing Cost.sTgtView,
TI,semantic::ti::dataupdate - fixed manufacturing cost assessment - copy assess % override - plan::USES_VIEW::view::fixed manufacturing cost assessment.stgtview,SEMANTIC_KEY,1,1,USES_VIEW,RUNTIME_VIEW_REFERENCE,VIEW,DYNAMIC_REFERENCE,Expression contains dynamic tokens,0,Fixed Manufacturing Cost Assessment,,,,,sTgtView,Fixed Manufacturing Cost Assessment.sTgtView,
TI,semantic::ti::dataupdate - fixed manufacturing cost assessment - copy assess % override::USES_VIEW::view::fixed manufacturing cost assessment.stgtview,SEMANTIC_KEY,1,1,USES_VIEW,RUNTIME_VIEW_REFERENCE,VIEW,DYNAMIC_REFERENCE,Expression contains dynamic tokens,0,Fixed Manufacturing Cost Assessment,,,,,sTgtView,Fixed Manufacturing Cost Assessment.sTgtView,
TI,semantic::ti::dataupdate - fixed manufacturing cost assessment - t account assessment::USES_VIEW::view::fixed manufacturing cost.stgtview,SEMANTIC_KEY,1,1,USES_VIEW,RUNTIME_VIEW_REFERENCE,VIEW,DYNAMIC_REFERENCE,Expression contains dynamic tokens,0,Fixed Manufacturing Cost,,,,,sTgtView,Fixed Manufacturing Cost.sTgtView,
TI,semantic::ti::dataupdate - fixed manufacturing cost assessment::USES_VIEW::view::fixed manufacturing cost assessment.stgtview,SEMANTIC_KEY,1,1,USES_VIEW,RUNTIME_VIEW_REFERENCE,VIEW,DYNAMIC_REFERENCE,Expression contains dynamic tokens,0,Fixed Manufacturing Cost Assessment,,,,,sTgtView,Fixed Manufacturing Cost Assessment.sTgtView,
TI,semantic::ti::dataupdate - fund flow::USES_VIEW::view::fund flow.stgtview,SEMANTIC_KEY,1,1,USES_VIEW,RUNTIME_VIEW_REFERENCE,VIEW,DYNAMIC_REFERENCE,Expression contains dynamic tokens,0,Fund Flow,,,,,sTgtView,Fund Flow.sTgtView,
TI,semantic::ti::dataupdate - glenn springs project - actual::USES_VIEW::view::glenn springs project.stgtview,SEMANTIC_KEY,1,1,USES_VIEW,RUNTIME_VIEW_REFERENCE,VIEW,DYNAMIC_REFERENCE,Expression contains dynamic tokens,0,Glenn Springs Project,,,,,sTgtView,Glenn Springs Project.sTgtView,
TI,semantic::ti::dataupdate - intercompany sandbox - cos elim::USES_VIEW::view::intercompany sandbox.stgtview,SEMANTIC_KEY,1,1,USES_VIEW,RUNTIME_VIEW_REFERENCE,VIEW,DYNAMIC_REFERENCE,Expression contains dynamic tokens,0,Intercompany Sandbox,,,,,sTgtView,Intercompany Sandbox.sTgtView,
TI,semantic::ti::dataupdate - intercompany sandbox - cos elim::USES_VIEW::view::intercompany sandbox.stgtview2,SEMANTIC_KEY,1,1,USES_VIEW,RUNTIME_VIEW_REFERENCE,VIEW,DYNAMIC_REFERENCE,Expression contains dynamic tokens,0,Intercompany Sandbox,,,,,sTgtView2,Intercompany Sandbox.sTgtView2,
TI,semantic::ti::dataupdate - intercompany sandbox - sales elim::USES_VIEW::view::intercompany sandbox.stgtview,SEMANTIC_KEY,1,1,USES_VIEW,RUNTIME_VIEW_REFERENCE,VIEW,DYNAMIC_REFERENCE,Expression contains dynamic tokens,0,Intercompany Sandbox,,,,,sTgtView,Intercompany Sandbox.sTgtView,
TI,semantic::ti::dataupdate - intercompany sandbox - sales elim::USES_VIEW::view::intercompany sandbox.stgtview2,SEMANTIC_KEY,1,1,USES_VIEW,RUNTIME_VIEW_REFERENCE,VIEW,DYNAMIC_REFERENCE,Expression contains dynamic tokens,0,Intercompany Sandbox,,,,,sTgtView2,Intercompany Sandbox.sTgtView2,
TI,semantic::ti::dataupdate - intercompany sandbox::USES_VIEW::view::intercompany sandbox.stgtview,SEMANTIC_KEY,1,1,USES_VIEW,RUNTIME_VIEW_REFERENCE,VIEW,DYNAMIC_REFERENCE,Expression contains dynamic tokens,0,Intercompany Sandbox,,,,,sTgtView,Intercompany Sandbox.sTgtView,
TI,semantic::ti::dataupdate - intercompany::USES_VIEW::view::intercompany.stgtview,SEMANTIC_KEY,1,1,USES_VIEW,RUNTIME_VIEW_REFERENCE,VIEW,DYNAMIC_REFERENCE,Expression contains dynamic tokens,0,Intercompany,,,,,sTgtView,Intercompany.sTgtView,
TI,semantic::ti::dataupdate - inventory walk - manual entries::USES_VIEW::view::inventory walk.stgtview,SEMANTIC_KEY,1,1,USES_VIEW,RUNTIME_VIEW_REFERENCE,VIEW,DYNAMIC_REFERENCE,Expression contains dynamic tokens,0,Inventory Walk,,,,,sTgtView,Inventory Walk.sTgtView,
TI,semantic::ti::dataupdate - inventory walk - outlook seed actual::USES_VIEW::view::inventory walk.stgtview,SEMANTIC_KEY,1,1,USES_VIEW,RUNTIME_VIEW_REFERENCE,VIEW,DYNAMIC_REFERENCE,Expression contains dynamic tokens,0,Inventory Walk,,,,,sTgtView,Inventory Walk.sTgtView,
TI,semantic::ti::dataupdate - inventory walk - production adjustment::USES_VIEW::view::inventory walk.stgtview,SEMANTIC_KEY,1,1,USES_VIEW,RUNTIME_VIEW_REFERENCE,VIEW,DYNAMIC_REFERENCE,Expression contains dynamic tokens,0,Inventory Walk,,,,,sTgtView,Inventory Walk.sTgtView,
TI,semantic::ti::dataupdate - inventory walk::USES_VIEW::view::inventory walk detail.stgtview2,SEMANTIC_KEY,1,1,USES_VIEW,RUNTIME_VIEW_REFERENCE,VIEW,DYNAMIC_REFERENCE,Expression contains dynamic tokens,0,Inventory Walk Detail,,,,,sTgtView2,Inventory Walk Detail.sTgtView2,
TI,semantic::ti::dataupdate - inventory walk::USES_VIEW::view::inventory walk.stgtview,SEMANTIC_KEY,1,1,USES_VIEW,RUNTIME_VIEW_REFERENCE,VIEW,DYNAMIC_REFERENCE,Expression contains dynamic tokens,0,Inventory Walk,,,,,sTgtView,Inventory Walk.sTgtView,
TI,semantic::ti::dataupdate - manual input balance sheet::USES_VIEW::view::manual upload balance sheet.stgtview,SEMANTIC_KEY,1,1,USES_VIEW,RUNTIME_VIEW_REFERENCE,VIEW,DYNAMIC_REFERENCE,Expression contains dynamic tokens,0,Manual Upload Balance Sheet,,,,,sTgtView,Manual Upload Balance Sheet.sTgtView,
TI,semantic::ti::dataupdate - manual input below the line::USES_VIEW::view::manual upload below the line.stgtview,SEMANTIC_KEY,1,1,USES_VIEW,RUNTIME_VIEW_REFERENCE,VIEW,DYNAMIC_REFERENCE,Expression contains dynamic tokens,0,Manual Upload Below the Line,,,,,sTgtView,Manual Upload Below the Line.sTgtView,
TI,semantic::ti::dataupdate - manual input::USES_VIEW::view::manual upload.stgtview,SEMANTIC_KEY,1,1,USES_VIEW,RUNTIME_VIEW_REFERENCE,VIEW,DYNAMIC_REFERENCE,Expression contains dynamic tokens,0,Manual Upload,,,,,sTgtView,Manual Upload.sTgtView,
TI,semantic::ti::dataupdate - manufacturing cost - bw::USES_VIEW::view::manufacturing cost.stgtview,SEMANTIC_KEY,1,1,USES_VIEW,RUNTIME_VIEW_REFERENCE,VIEW,DYNAMIC_REFERENCE,Expression contains dynamic tokens,0,Manufacturing Cost,,,,,sTgtView,Manufacturing Cost.sTgtView,
TI,semantic::ti::dataupdate - manufacturing cost - exclude::USES_VIEW::view::manufacturing cost.stgtview,SEMANTIC_KEY,1,1,USES_VIEW,RUNTIME_VIEW_REFERENCE,VIEW,DYNAMIC_REFERENCE,Expression contains dynamic tokens,0,Manufacturing Cost,,,,,sTgtView,Manufacturing Cost.sTgtView,
TI,semantic::ti::dataupdate - manufacturing cost - outlook seed actual::USES_VIEW::view::manufacturing cost.stgtview,SEMANTIC_KEY,1,1,USES_VIEW,RUNTIME_VIEW_REFERENCE,VIEW,DYNAMIC_REFERENCE,Expression contains dynamic tokens,0,Manufacturing Cost,,,,,sTgtView,Manufacturing Cost.sTgtView,
TI,semantic::ti::dataupdate - manufacturing cost - transferred costs::USES_VIEW::view::manufacturing cost.stgtview,SEMANTIC_KEY,1,1,USES_VIEW,RUNTIME_VIEW_REFERENCE,VIEW,DYNAMIC_REFERENCE,Expression contains dynamic tokens,0,Manufacturing Cost,,,,,sTgtView,Manufacturing Cost.sTgtView,
TI,semantic::ti::dataupdate - manufacturing cost::USES_VIEW::view::manufacturing cost.stgtview,SEMANTIC_KEY,1,1,USES_VIEW,RUNTIME_VIEW_REFERENCE,VIEW,DYNAMIC_REFERENCE,Expression contains dynamic tokens,0,Manufacturing Cost,,,,,sTgtView,Manufacturing Cost.sTgtView,
TI,semantic::ti::dataupdate - material ledger - beginning and ending inventory::USES_VIEW::view::material ledger.stgtview,SEMANTIC_KEY,1,1,USES_VIEW,RUNTIME_VIEW_REFERENCE,VIEW,DYNAMIC_REFERENCE,Expression contains dynamic tokens,0,Material Ledger,,,,,sTgtView,Material Ledger.sTgtView,
TI,semantic::ti::dataupdate - material ledger - consumption - all other::USES_VIEW::view::material ledger.stgtview,SEMANTIC_KEY,1,1,USES_VIEW,RUNTIME_VIEW_REFERENCE,VIEW,DYNAMIC_REFERENCE,Expression contains dynamic tokens,0,Material Ledger,,,,,sTgtView,Material Ledger.sTgtView,
TI,semantic::ti::dataupdate - material ledger - consumption - production - materials produced - price diff::USES_VIEW::view::material ledger.stgtview,SEMANTIC_KEY,1,1,USES_VIEW,RUNTIME_VIEW_REFERENCE,VIEW,DYNAMIC_REFERENCE,Expression contains dynamic tokens,0,Material Ledger,,,,,sTgtView,Material Ledger.sTgtView,
TI,semantic::ti::dataupdate - material ledger - consumption - production - materials produced - std::USES_VIEW::view::material ledger.stgtview,SEMANTIC_KEY,1,1,USES_VIEW,RUNTIME_VIEW_REFERENCE,VIEW,DYNAMIC_REFERENCE,Expression contains dynamic tokens,0,Material Ledger,,,,,sTgtView,Material Ledger.sTgtView,
TI,semantic::ti::dataupdate - material ledger - consumption - production::USES_VIEW::view::material ledger.stgtview,SEMANTIC_KEY,1,1,USES_VIEW,RUNTIME_VIEW_REFERENCE,VIEW,DYNAMIC_REFERENCE,Expression contains dynamic tokens,0,Material Ledger,,,,,sTgtView,Material Ledger.sTgtView,
TI,semantic::ti::dataupdate - material ledger - consumption - sales::USES_VIEW::view::material ledger.stgtview,SEMANTIC_KEY,1,1,USES_VIEW,RUNTIME_VIEW_REFERENCE,VIEW,DYNAMIC_REFERENCE,Expression contains dynamic tokens,0,Material Ledger,,,,,sTgtView,Material Ledger.sTgtView,
TI,semantic::ti::dataupdate - material ledger - consumption - transfers - receiving material and plant::USES_VIEW::view::material ledger.stgtview,SEMANTIC_KEY,1,1,USES_VIEW,RUNTIME_VIEW_REFERENCE,VIEW,DYNAMIC_REFERENCE,Expression contains dynamic tokens,0,Material Ledger,,,,,sTgtView,Material Ledger.sTgtView,
TI,semantic::ti::dataupdate - material ledger - consumption - transfers::USES_VIEW::view::material ledger.stgtview,SEMANTIC_KEY,1,1,USES_VIEW,RUNTIME_VIEW_REFERENCE,VIEW,DYNAMIC_REFERENCE,Expression contains dynamic tokens,0,Material Ledger,,,,,sTgtView,Material Ledger.sTgtView,
TI,semantic::ti::dataupdate - material ledger - receipts - all other::USES_VIEW::view::material ledger.stgtview,SEMANTIC_KEY,1,1,USES_VIEW,RUNTIME_VIEW_REFERENCE,VIEW,DYNAMIC_REFERENCE,Expression contains dynamic tokens,0,Material Ledger,,,,,sTgtView,Material Ledger.sTgtView,
TI,semantic::ti::dataupdate - material ledger - receipts - external procured receipts::USES_VIEW::view::material ledger.stgtview,SEMANTIC_KEY,1,1,USES_VIEW,RUNTIME_VIEW_REFERENCE,VIEW,DYNAMIC_REFERENCE,Expression contains dynamic tokens,0,Material Ledger,,,,,sTgtView,Material Ledger.sTgtView,
TI,semantic::ti::dataupdate - material ledger - receipts - production - components consumed::USES_VIEW::view::material ledger.stgtview,SEMANTIC_KEY,1,1,USES_VIEW,RUNTIME_VIEW_REFERENCE,VIEW,DYNAMIC_REFERENCE,Expression contains dynamic tokens,0,Material Ledger,,,,,sTgtView,Material Ledger.sTgtView,
TI,semantic::ti::dataupdate - material ledger - receipts - production::USES_VIEW::view::material ledger.stgtview,SEMANTIC_KEY,1,1,USES_VIEW,RUNTIME_VIEW_REFERENCE,VIEW,DYNAMIC_REFERENCE,Expression contains dynamic tokens,0,Material Ledger,,,,,sTgtView,Material Ledger.sTgtView,
TI,semantic::ti::dataupdate - material ledger - receipts - transfer posting - components consumed::USES_VIEW::view::material ledger.stgtview,SEMANTIC_KEY,1,1,USES_VIEW,RUNTIME_VIEW_REFERENCE,VIEW,DYNAMIC_REFERENCE,Expression contains dynamic tokens,0,Material Ledger,,,,,sTgtView,Material Ledger.sTgtView,
TI,semantic::ti::dataupdate - material ledger - receipts - transfer posting::USES_VIEW::view::material ledger.stgtview,SEMANTIC_KEY,1,1,USES_VIEW,RUNTIME_VIEW_REFERENCE,VIEW,DYNAMIC_REFERENCE,Expression contains dynamic tokens,0,Material Ledger,,,,,sTgtView,Material Ledger.sTgtView,
TI,semantic::ti::dataupdate - material ledger - revaluation - all other::USES_VIEW::view::material ledger.stgtview,SEMANTIC_KEY,1,1,USES_VIEW,RUNTIME_VIEW_REFERENCE,VIEW,DYNAMIC_REFERENCE,Expression contains dynamic tokens,0,Material Ledger,,,,,sTgtView,Material Ledger.sTgtView,
TI,semantic::ti::dataupdate - material ledger - revaluation - change in material price::USES_VIEW::view::material ledger.stgtview,SEMANTIC_KEY,1,1,USES_VIEW,RUNTIME_VIEW_REFERENCE,VIEW,DYNAMIC_REFERENCE,Expression contains dynamic tokens,0,Material Ledger,,,,,sTgtView,Material Ledger.sTgtView,
TI,semantic::ti::dataupdate - material ledger - revaluation - external procured receipts::USES_VIEW::view::material ledger.stgtview,SEMANTIC_KEY,1,1,USES_VIEW,RUNTIME_VIEW_REFERENCE,VIEW,DYNAMIC_REFERENCE,Expression contains dynamic tokens,0,Material Ledger,,,,,sTgtView,Material Ledger.sTgtView,
TI,semantic::ti::dataupdate - material ledger - revaluation - production consumption::USES_VIEW::view::material ledger.stgtview,SEMANTIC_KEY,1,1,USES_VIEW,RUNTIME_VIEW_REFERENCE,VIEW,DYNAMIC_REFERENCE,Expression contains dynamic tokens,0,Material Ledger,,,,,sTgtView,Material Ledger.sTgtView,
TI,semantic::ti::dataupdate - material ledger - revaluation - production::USES_VIEW::view::material ledger.stgtview,SEMANTIC_KEY,1,1,USES_VIEW,RUNTIME_VIEW_REFERENCE,VIEW,DYNAMIC_REFERENCE,Expression contains dynamic tokens,0,Material Ledger,,,,,sTgtView,Material Ledger.sTgtView,
TI,semantic::ti::dataupdate - material ledger - revaluation - sales::USES_VIEW::view::material ledger.stgtview,SEMANTIC_KEY,1,1,USES_VIEW,RUNTIME_VIEW_REFERENCE,VIEW,DYNAMIC_REFERENCE,Expression contains dynamic tokens,0,Material Ledger,,,,,sTgtView,Material Ledger.sTgtView,
TI,semantic::ti::dataupdate - material ledger - revaluation - transfer posting::USES_VIEW::view::material ledger.stgtview,SEMANTIC_KEY,1,1,USES_VIEW,RUNTIME_VIEW_REFERENCE,VIEW,DYNAMIC_REFERENCE,Expression contains dynamic tokens,0,Material Ledger,,,,,sTgtView,Material Ledger.sTgtView,
TI,semantic::ti::dataupdate - material ledger - revaluation - transfers out::USES_VIEW::view::material ledger.stgtview,SEMANTIC_KEY,1,1,USES_VIEW,RUNTIME_VIEW_REFERENCE,VIEW,DYNAMIC_REFERENCE,Expression contains dynamic tokens,0,Material Ledger,,,,,sTgtView,Material Ledger.sTgtView,
TI,semantic::ti::dataupdate - plant assessment - actual::USES_VIEW::view::plant assessment.stgtview,SEMANTIC_KEY,1,1,USES_VIEW,RUNTIME_VIEW_REFERENCE,VIEW,DYNAMIC_REFERENCE,Expression contains dynamic tokens,0,Plant Assessment,,,,,sTgtView,Plant Assessment.sTgtView,
TI,semantic::ti::dataupdate - profit and loss - actual::USES_VIEW::view::profit and loss.stgtview,SEMANTIC_KEY,1,1,USES_VIEW,RUNTIME_VIEW_REFERENCE,VIEW,DYNAMIC_REFERENCE,Expression contains dynamic tokens,0,Profit and Loss,,,,,sTgtView,Profit and Loss.sTgtView,
TI,semantic::ti::dataupdate - profit and loss - fixed manufacturing cost assessment - period range - plan::USES_VIEW::view::fixed manufacturing cost assessment.stgtview,SEMANTIC_KEY,1,1,USES_VIEW,RUNTIME_VIEW_REFERENCE,VIEW,DYNAMIC_REFERENCE,Expression contains dynamic tokens,0,Fixed Manufacturing Cost Assessment,,,,,sTgtView,Fixed Manufacturing Cost Assessment.sTgtView,
TI,semantic::ti::dataupdate - profit and loss - fixed manufacturing cost assessment - period range - plan::USES_VIEW::view::profit and loss.stgtview2,SEMANTIC_KEY,1,1,USES_VIEW,RUNTIME_VIEW_REFERENCE,VIEW,DYNAMIC_REFERENCE,Expression contains dynamic tokens,0,Profit and Loss,,,,,sTgtView2,Profit and Loss.sTgtView2,
TI,semantic::ti::dataupdate - profit and loss - fixed manufacturing cost assessment - period range::USES_VIEW::view::fixed manufacturing cost assessment.stgtview,SEMANTIC_KEY,1,1,USES_VIEW,RUNTIME_VIEW_REFERENCE,VIEW,DYNAMIC_REFERENCE,Expression contains dynamic tokens,0,Fixed Manufacturing Cost Assessment,,,,,sTgtView,Fixed Manufacturing Cost Assessment.sTgtView,
TI,semantic::ti::dataupdate - profit and loss - fixed manufacturing cost assessment - period range::USES_VIEW::view::profit and loss.stgtview2,SEMANTIC_KEY,1,1,USES_VIEW,RUNTIME_VIEW_REFERENCE,VIEW,DYNAMIC_REFERENCE,Expression contains dynamic tokens,0,Profit and Loss,,,,,sTgtView2,Profit and Loss.sTgtView2,
TI,semantic::ti::dataupdate - profit and loss - fixed manufacturing cost assessment - plan::USES_VIEW::view::fixed manufacturing cost assessment.stgtview,SEMANTIC_KEY,1,1,USES_VIEW,RUNTIME_VIEW_REFERENCE,VIEW,DYNAMIC_REFERENCE,Expression contains dynamic tokens,0,Fixed Manufacturing Cost Assessment,,,,,sTgtView,Fixed Manufacturing Cost Assessment.sTgtView,
TI,semantic::ti::dataupdate - profit and loss - fixed manufacturing cost assessment - plan::USES_VIEW::view::profit and loss.stgtview2,SEMANTIC_KEY,1,1,USES_VIEW,RUNTIME_VIEW_REFERENCE,VIEW,DYNAMIC_REFERENCE,Expression contains dynamic tokens,0,Profit and Loss,,,,,sTgtView2,Profit and Loss.sTgtView2,
TI,semantic::ti::dataupdate - profit and loss - fixed manufacturing cost assessment::USES_VIEW::view::fixed manufacturing cost assessment.stgtview,SEMANTIC_KEY,1,1,USES_VIEW,RUNTIME_VIEW_REFERENCE,VIEW,DYNAMIC_REFERENCE,Expression contains dynamic tokens,0,Fixed Manufacturing Cost Assessment,,,,,sTgtView,Fixed Manufacturing Cost Assessment.sTgtView,
TI,semantic::ti::dataupdate - profit and loss - fixed manufacturing cost assessment::USES_VIEW::view::profit and loss.stgtview2,SEMANTIC_KEY,1,1,USES_VIEW,RUNTIME_VIEW_REFERENCE,VIEW,DYNAMIC_REFERENCE,Expression contains dynamic tokens,0,Profit and Loss,,,,,sTgtView2,Profit and Loss.sTgtView2,
TI,semantic::ti::dataupdate - profit and loss - freight reclass with material detail::USES_VIEW::view::manual input.stgtview2,SEMANTIC_KEY,1,1,USES_VIEW,RUNTIME_VIEW_REFERENCE,VIEW,DYNAMIC_REFERENCE,Expression contains dynamic tokens,0,Manual Input,,,,,sTgtView2,Manual Input.sTgtView2,
TI,semantic::ti::dataupdate - profit and loss - freight reclass with material detail::USES_VIEW::view::profit and loss.stgtview,SEMANTIC_KEY,1,1,USES_VIEW,RUNTIME_VIEW_REFERENCE,VIEW,DYNAMIC_REFERENCE,Expression contains dynamic tokens,0,Profit and Loss,,,,,sTgtView,Profit and Loss.sTgtView,
TI,semantic::ti::dataupdate - profit and loss - freight reclass::USES_VIEW::view::manual input.stgtview2,SEMANTIC_KEY,1,1,USES_VIEW,RUNTIME_VIEW_REFERENCE,VIEW,DYNAMIC_REFERENCE,Expression contains dynamic tokens,0,Manual Input,,,,,sTgtView2,Manual Input.sTgtView2,
TI,semantic::ti::dataupdate - profit and loss - freight reclass::USES_VIEW::view::profit and loss.stgtview,SEMANTIC_KEY,1,1,USES_VIEW,RUNTIME_VIEW_REFERENCE,VIEW,DYNAMIC_REFERENCE,Expression contains dynamic tokens,0,Profit and Loss,,,,,sTgtView,Profit and Loss.sTgtView,
TI,semantic::ti::dataupdate - profit and loss - intercompany sandbox::USES_VIEW::view::profit and loss.stgtview,SEMANTIC_KEY,1,1,USES_VIEW,RUNTIME_VIEW_REFERENCE,VIEW,DYNAMIC_REFERENCE,Expression contains dynamic tokens,0,Profit and Loss,,,,,sTgtView,Profit and Loss.sTgtView,
TI,semantic::ti::dataupdate - profit and loss - intercompany::USES_VIEW::view::profit and loss.stgtview,SEMANTIC_KEY,1,1,USES_VIEW,RUNTIME_VIEW_REFERENCE,VIEW,DYNAMIC_REFERENCE,Expression contains dynamic tokens,0,Profit and Loss,,,,,sTgtView,Profit and Loss.sTgtView,
TI,semantic::ti::dataupdate - profit and loss - outlook seed actual::USES_VIEW::view::profit and loss.stgtview,SEMANTIC_KEY,1,1,USES_VIEW,RUNTIME_VIEW_REFERENCE,VIEW,DYNAMIC_REFERENCE,Expression contains dynamic tokens,0,Profit and Loss,,,,,sTgtView,Profit and Loss.sTgtView,
TI,semantic::ti::dataupdate - profit and loss detail::USES_VIEW::view::profit and loss detail.stgtview,SEMANTIC_KEY,1,1,USES_VIEW,RUNTIME_VIEW_REFERENCE,VIEW,DYNAMIC_REFERENCE,Expression contains dynamic tokens,0,Profit and Loss Detail,,,,,sTgtView,Profit and Loss Detail.sTgtView,
TI,semantic::ti::dataupdate - project spending - actual::USES_VIEW::view::project spending.stgtview,SEMANTIC_KEY,1,1,USES_VIEW,RUNTIME_VIEW_REFERENCE,VIEW,DYNAMIC_REFERENCE,Expression contains dynamic tokens,0,Project Spending,,,,,sTgtView,Project Spending.sTgtView,
TI,semantic::ti::dataupdate - project spending - manual::USES_VIEW::view::project spending.stgtview,SEMANTIC_KEY,1,1,USES_VIEW,RUNTIME_VIEW_REFERENCE,VIEW,DYNAMIC_REFERENCE,Expression contains dynamic tokens,0,Project Spending,,,,,sTgtView,Project Spending.sTgtView,
TI,semantic::ti::dataupdate - project spending - validation - manual::USES_VIEW::view::}elementattributes_afe number.stgtview2,SEMANTIC_KEY,1,1,USES_VIEW,RUNTIME_VIEW_REFERENCE,VIEW,DYNAMIC_REFERENCE,Expression contains dynamic tokens,0,}ElementAttributes_AFE Number,,,,,sTgtView2,}ElementAttributes_AFE Number.sTgtView2,
TI,semantic::ti::dataupdate - project spending - validation - manual::USES_VIEW::view::}elementattributes_wbs element.stgtview,SEMANTIC_KEY,1,1,USES_VIEW,RUNTIME_VIEW_REFERENCE,VIEW,DYNAMIC_REFERENCE,Expression contains dynamic tokens,0,}ElementAttributes_WBS Element,,,,,sTgtView,}ElementAttributes_WBS Element.sTgtView,
TI,semantic::ti::dataupdate - project spending - validation::USES_VIEW::view::}elementattributes_afe number.stgtview2,SEMANTIC_KEY,1,1,USES_VIEW,RUNTIME_VIEW_REFERENCE,VIEW,DYNAMIC_REFERENCE,Expression contains dynamic tokens,0,}ElementAttributes_AFE Number,,,,,sTgtView2,}ElementAttributes_AFE Number.sTgtView2,
TI,semantic::ti::dataupdate - project spending - validation::USES_VIEW::view::}elementattributes_wbs element.stgtview,SEMANTIC_KEY,1,1,USES_VIEW,RUNTIME_VIEW_REFERENCE,VIEW,DYNAMIC_REFERENCE,Expression contains dynamic tokens,0,}ElementAttributes_WBS Element,,,,,sTgtView,}ElementAttributes_WBS Element.sTgtView,
TI,semantic::ti::dataupdate - scenario archive - numeric::USES_VIEW::view::scube.sviewtgt,SEMANTIC_KEY,1,1,USES_VIEW,RUNTIME_VIEW_REFERENCE,VIEW,DYNAMIC_REFERENCE,Expression contains dynamic tokens,0,sCube,,,,,sViewTgt,sCube.sViewTgt,
TI,semantic::ti::dataupdate - scenario archive - string::USES_VIEW::view::scube.sviewtgt,SEMANTIC_KEY,1,1,USES_VIEW,RUNTIME_VIEW_REFERENCE,VIEW,DYNAMIC_REFERENCE,Expression contains dynamic tokens,0,sCube,,,,,sViewTgt,sCube.sViewTgt,
TI,semantic::ti::dataupdate - sustainability - naturalgasrev::DELETES_VIEW::view::manufacturing cost.ssrcview,SEMANTIC_KEY,1,1,DELETES_VIEW,RUNTIME_VIEW_REFERENCE,VIEW,DYNAMIC_REFERENCE,Expression contains dynamic tokens,0,Manufacturing Cost,,,,,sSrcView,Manufacturing Cost.sSrcView,
TI,semantic::ti::dataupdate - sustainability - naturalgasrev::USES_VIEW::view::sustainability.stgtview,SEMANTIC_KEY,1,1,USES_VIEW,RUNTIME_VIEW_REFERENCE,VIEW,DYNAMIC_REFERENCE,Expression contains dynamic tokens,0,Sustainability,,,,,sTgtView,Sustainability.sTgtView,
TI,semantic::ti::dataupdate - sustainability variable v2::USES_VIEW::view::sustainability.stgtview,SEMANTIC_KEY,1,1,USES_VIEW,RUNTIME_VIEW_REFERENCE,VIEW,DYNAMIC_REFERENCE,Expression contains dynamic tokens,0,Sustainability,,,,,sTgtView,Sustainability.sTgtView,
TI,semantic::ti::dataupdate - sustainability variable::USES_VIEW::view::sustainability.stgtview,SEMANTIC_KEY,1,1,USES_VIEW,RUNTIME_VIEW_REFERENCE,VIEW,DYNAMIC_REFERENCE,Expression contains dynamic tokens,0,Sustainability,,,,,sTgtView,Sustainability.sTgtView,
TI,semantic::ti::dataupdate - sustainability variable_v2::USES_VIEW::view::sustainability.stgtview,SEMANTIC_KEY,1,1,USES_VIEW,RUNTIME_VIEW_REFERENCE,VIEW,DYNAMIC_REFERENCE,Expression contains dynamic tokens,0,Sustainability,,,,,sTgtView,Sustainability.sTgtView,
TI,semantic::ti::dataupdate - sys hierarchy validation - duplicate rollups::USES_VIEW::view::sys hierarchy validation.stgtview,SEMANTIC_KEY,1,1,USES_VIEW,RUNTIME_VIEW_REFERENCE,VIEW,DYNAMIC_REFERENCE,Expression contains dynamic tokens,0,SYS Hierarchy Validation,,,,,sTgtView,SYS Hierarchy Validation.sTgtView,
TI,semantic::ti::dataupdate - sys hierarchy validation::USES_VIEW::view::sys hierarchy validation.stgtview,SEMANTIC_KEY,1,1,USES_VIEW,RUNTIME_VIEW_REFERENCE,VIEW,DYNAMIC_REFERENCE,Expression contains dynamic tokens,0,SYS Hierarchy Validation,,,,,sTgtView,SYS Hierarchy Validation.sTgtView,
TI,semantic::ti::dataupdate - sys intercompany elim::USES_VIEW::view::sys intercompany elim.stgtview,SEMANTIC_KEY,1,1,USES_VIEW,RUNTIME_VIEW_REFERENCE,VIEW,DYNAMIC_REFERENCE,Expression contains dynamic tokens,0,SYS Intercompany Elim,,,,,sTgtView,SYS Intercompany Elim.sTgtView,
TI,semantic::ti::dataupdate - sys production order::USES_VIEW::view::sys production order.stgtview,SEMANTIC_KEY,1,1,USES_VIEW,RUNTIME_VIEW_REFERENCE,VIEW,DYNAMIC_REFERENCE,Expression contains dynamic tokens,0,SYS Production Order,,,,,sTgtView,SYS Production Order.sTgtView,
TI,semantic::ti::dataupdate - turnaround and other asset - actual::USES_VIEW::view::turnaround and other asset.stgtview,SEMANTIC_KEY,1,1,USES_VIEW,RUNTIME_VIEW_REFERENCE,VIEW,DYNAMIC_REFERENCE,Expression contains dynamic tokens,0,Turnaround and Other Asset,,,,,sTgtView,Turnaround and Other Asset.sTgtView,
TI,semantic::ti::dataupdate - turnaround and other asset - outlook seed actual::USES_VIEW::view::turnaround and other asset.stgtview,SEMANTIC_KEY,1,1,USES_VIEW,RUNTIME_VIEW_REFERENCE,VIEW,DYNAMIC_REFERENCE,Expression contains dynamic tokens,0,Turnaround and Other Asset,,,,,sTgtView,Turnaround and Other Asset.sTgtView,
TI,semantic::ti::dataupdate - turnaround reserve - actual::USES_VIEW::view::turnaround reserve.stgtview,SEMANTIC_KEY,1,1,USES_VIEW,RUNTIME_VIEW_REFERENCE,VIEW,DYNAMIC_REFERENCE,Expression contains dynamic tokens,0,Turnaround Reserve,,,,,sTgtView,Turnaround Reserve.sTgtView,
TI,semantic::ti::dataupdate - turnaround reserve - outlook seed actual::USES_VIEW::view::turnaround reserve.stgtview,SEMANTIC_KEY,1,1,USES_VIEW,RUNTIME_VIEW_REFERENCE,VIEW,DYNAMIC_REFERENCE,Expression contains dynamic tokens,0,Turnaround Reserve,,,,,sTgtView,Turnaround Reserve.sTgtView,
TI,semantic::ti::datawrapper - project spending::USES_VIEW::view::project spending.stgtview,SEMANTIC_KEY,1,1,USES_VIEW,RUNTIME_VIEW_REFERENCE,VIEW,DYNAMIC_REFERENCE,Expression contains dynamic tokens,0,Project Spending,,,,,sTgtView,Project Spending.sTgtView,
TI,semantic::ti::dimupdate - kalnr - ckmlpr::USES_VIEW::view::}elementattributes_kalnr.stgtview,SEMANTIC_KEY,1,1,USES_VIEW,RUNTIME_VIEW_REFERENCE,VIEW,DYNAMIC_REFERENCE,Expression contains dynamic tokens,0,}ElementAttributes_KALNR,,,,,sTgtView,}ElementAttributes_KALNR.sTgtView,
TI,semantic::ti::dimupdate - kalnr - keko::USES_VIEW::view::}elementattributes_kalnr.stgtview,SEMANTIC_KEY,1,1,USES_VIEW,RUNTIME_VIEW_REFERENCE,VIEW,DYNAMIC_REFERENCE,Expression contains dynamic tokens,0,}ElementAttributes_KALNR,,,,,sTgtView,}ElementAttributes_KALNR.sTgtView,
TI,semantic::ti::dimupdate - material::USES_VIEW::view::}elementattributes_material.stgtview,SEMANTIC_KEY,1,1,USES_VIEW,RUNTIME_VIEW_REFERENCE,VIEW,DYNAMIC_REFERENCE,Expression contains dynamic tokens,0,}ElementAttributes_Material,,,,,sTgtView,}ElementAttributes_Material.sTgtView,
TI,semantic::ti::dimupdate - order::USES_VIEW::view::}elementattributes_order.stgtview,SEMANTIC_KEY,1,1,USES_VIEW,RUNTIME_VIEW_REFERENCE,VIEW,DYNAMIC_REFERENCE,Expression contains dynamic tokens,0,}ElementAttributes_Order,,,,,sTgtView,}ElementAttributes_Order.sTgtView,
TI,semantic::ti::securityupdate - element security - hierarchy archive::USES_VIEW::view::stgtcube.stgtview,SEMANTIC_KEY,1,1,USES_VIEW,RUNTIME_VIEW_REFERENCE,VIEW,DYNAMIC_REFERENCE,Expression contains dynamic tokens,0,sTgtCube,,,,,sTgtView,sTgtCube.sTgtView,
TI,semantic::ti::securityupdate - element security - plant - hierarchy archive::USES_VIEW::view::}elementsecurity_plant.stgtview,SEMANTIC_KEY,1,1,USES_VIEW,RUNTIME_VIEW_REFERENCE,VIEW,DYNAMIC_REFERENCE,Expression contains dynamic tokens,0,}ElementSecurity_Plant,,,,,sTgtView,}ElementSecurity_Plant.sTgtView,
TI,semantic::ti::securityupdate - element security - plant::USES_VIEW::view::}elementsecurity_plant.stgtview,SEMANTIC_KEY,1,1,USES_VIEW,RUNTIME_VIEW_REFERENCE,VIEW,DYNAMIC_REFERENCE,Expression contains dynamic tokens,0,}ElementSecurity_Plant,,,,,sTgtView,}ElementSecurity_Plant.sTgtView,
TI,semantic::ti::securityupdate - element security::USES_VIEW::view::stgtcube.stgtview,SEMANTIC_KEY,1,1,USES_VIEW,RUNTIME_VIEW_REFERENCE,VIEW,DYNAMIC_REFERENCE,Expression contains dynamic tokens,0,sTgtCube,,,,,sTgtView,sTgtCube.sTgtView,
TI,semantic::ti::sys_cube_view_create::CREATES_VIEW::view::pcube.pview,SEMANTIC_KEY,1,1,CREATES_VIEW,RUNTIME_VIEW_REFERENCE,VIEW,DYNAMIC_REFERENCE,Expression contains dynamic tokens,0,pCube,,,,,pView,pCube.pView,
TI,semantic::ti::sys_cube_view_create::USES_VIEW::view::pcube.pview,SEMANTIC_KEY,1,1,USES_VIEW,RUNTIME_VIEW_REFERENCE,VIEW,DYNAMIC_REFERENCE,Expression contains dynamic tokens,0,pCube,,,,,pView,pCube.pView,
TI,semantic::ti::sys_cube_view_create_mdx::CREATES_VIEW::view::pcube.pview,SEMANTIC_KEY,1,1,CREATES_VIEW,RUNTIME_VIEW_REFERENCE,VIEW,DYNAMIC_REFERENCE,Expression contains dynamic tokens,0,pCube,,,,,pView,pCube.pView,
TI,semantic::ti::sys_cube_view_create_mdx::USES_VIEW::view::pcube.pview,SEMANTIC_KEY,1,1,USES_VIEW,RUNTIME_VIEW_REFERENCE,VIEW,DYNAMIC_REFERENCE,Expression contains dynamic tokens,0,pCube,,,,,pView,pCube.pView,
TI,semantic::ti::sys_cube_view_delete::DELETES_VIEW::view::scube.sview,SEMANTIC_KEY,1,1,DELETES_VIEW,RUNTIME_VIEW_REFERENCE,VIEW,DYNAMIC_REFERENCE,Expression contains dynamic tokens,0,sCube,,,,,sView,sCube.sView,
TI,semantic::ti::sys_cube_viewandsubsets.create::CREATES_VIEW::view::pcube.cview,SEMANTIC_KEY,1,1,CREATES_VIEW,RUNTIME_VIEW_REFERENCE,VIEW,DYNAMIC_REFERENCE,Expression contains dynamic tokens,0,pCube,,,,,cView,pCube.cView,
TI,semantic::ti::sys_cube_viewandsubsets.create::DELETES_VIEW::view::pcube.cview,SEMANTIC_KEY,1,1,DELETES_VIEW,RUNTIME_VIEW_REFERENCE,VIEW,DYNAMIC_REFERENCE,Expression contains dynamic tokens,0,pCube,,,,,cView,pCube.cView,
TI,semantic::ti::sys_cube_viewandsubsets.create::USES_VIEW::view::pcube.cview,SEMANTIC_KEY,1,1,USES_VIEW,RUNTIME_VIEW_REFERENCE,VIEW,DYNAMIC_REFERENCE,Expression contains dynamic tokens,0,pCube,,,,,cView,pCube.cView,
TI,semantic::ti::sys_cube_viewandsubsets_delete::DELETES_VIEW::view::pcube.cview,SEMANTIC_KEY,1,1,DELETES_VIEW,RUNTIME_VIEW_REFERENCE,VIEW,DYNAMIC_REFERENCE,Expression contains dynamic tokens,0,pCube,,,,,cView,pCube.cView,
TI,semantic::ti::sys_delete_views_and_subsets_by_pattern::DELETES_VIEW::view::vcube.vview,SEMANTIC_KEY,1,1,DELETES_VIEW,RUNTIME_VIEW_REFERENCE,VIEW,DYNAMIC_REFERENCE,Expression contains dynamic tokens,0,vCube,,,,,vView,vCube.vView,
TI,semantic::ti::sys_wrapper_paxloader_filecheck::USES_VIEW::view::sys process control.stgtview,SEMANTIC_KEY,1,1,USES_VIEW,RUNTIME_VIEW_REFERENCE,VIEW,DYNAMIC_REFERENCE,Expression contains dynamic tokens,0,SYS Process Control,,,,,sTgtView,SYS Process Control.sTgtView,
TI,semantic::ti::zimport_profit and loss_plan::USES_VIEW::view::profit and loss.stgtview,SEMANTIC_KEY,1,1,USES_VIEW,RUNTIME_VIEW_REFERENCE,VIEW,DYNAMIC_REFERENCE,Expression contains dynamic tokens,0,Profit and Loss,,,,,sTgtView,Profit and Loss.sTgtView,
TI,semantic::ti::ztemp dataupdate - fixed manufacturing cost plan manual::USES_VIEW::view::fixed manufacturing cost.stgtview,SEMANTIC_KEY,1,1,USES_VIEW,RUNTIME_VIEW_REFERENCE,VIEW,DYNAMIC_REFERENCE,Expression contains dynamic tokens,0,Fixed Manufacturing Cost,,,,,sTgtView,Fixed Manufacturing Cost.sTgtView,
TI,semantic::ti::ztemp dataupdate - plant assessments plan::USES_VIEW::view::plant assessment.stgtview,SEMANTIC_KEY,1,1,USES_VIEW,RUNTIME_VIEW_REFERENCE,VIEW,DYNAMIC_REFERENCE,Expression contains dynamic tokens,0,Plant Assessment,,,,,sTgtView,Plant Assessment.sTgtView,
TI,semantic::ti::ztemp import - balance sheet::USES_VIEW::view::balance sheet.sviewsrc,SEMANTIC_KEY,1,1,USES_VIEW,RUNTIME_VIEW_REFERENCE,VIEW,DYNAMIC_REFERENCE,Expression contains dynamic tokens,0,Balance Sheet,,,,,sViewSrc,Balance Sheet.sViewSrc,
TI,semantic::ti::ztemp import - below the line assessment::USES_VIEW::view::below the line assessment.sviewsrc,SEMANTIC_KEY,1,1,USES_VIEW,RUNTIME_VIEW_REFERENCE,VIEW,DYNAMIC_REFERENCE,Expression contains dynamic tokens,0,Below the Line Assessment,,,,,sViewSrc,Below the Line Assessment.sViewSrc,
TI,semantic::ti::ztemp import - below the line::USES_VIEW::view::below the line.sviewsrc,SEMANTIC_KEY,1,1,USES_VIEW,RUNTIME_VIEW_REFERENCE,VIEW,DYNAMIC_REFERENCE,Expression contains dynamic tokens,0,Below the Line,,,,,sViewSrc,Below the Line.sViewSrc,
TI,semantic::ti::ztemp import - cost center::USES_VIEW::view::cost center.sviewsrc,SEMANTIC_KEY,1,1,USES_VIEW,RUNTIME_VIEW_REFERENCE,VIEW,DYNAMIC_REFERENCE,Expression contains dynamic tokens,0,Cost Center,,,,,sViewSrc,Cost Center.sViewSrc,
TI,semantic::ti::ztemp import - customer profitability::USES_VIEW::view::customer profitability.sviewsrc,SEMANTIC_KEY,1,1,USES_VIEW,RUNTIME_VIEW_REFERENCE,VIEW,DYNAMIC_REFERENCE,Expression contains dynamic tokens,0,Customer Profitability,,,,,sViewSrc,Customer Profitability.sViewSrc,
TI,semantic::ti::ztemp import - glenn springs outlook::USES_VIEW::view::glenn springs outlook.sviewsrc,SEMANTIC_KEY,1,1,USES_VIEW,RUNTIME_VIEW_REFERENCE,VIEW,DYNAMIC_REFERENCE,Expression contains dynamic tokens,0,Glenn Springs Outlook,,,,,sViewSrc,Glenn Springs Outlook.sViewSrc,
TI,semantic::ti::ztemp import - glenn springs project::USES_VIEW::view::glenn springs project.sviewsrc,SEMANTIC_KEY,1,1,USES_VIEW,RUNTIME_VIEW_REFERENCE,VIEW,DYNAMIC_REFERENCE,Expression contains dynamic tokens,0,Glenn Springs Project,,,,,sViewSrc,Glenn Springs Project.sViewSrc,
TI,semantic::ti::ztemp import - inventory walk::USES_VIEW::view::inventory walk.sviewsrc,SEMANTIC_KEY,1,1,USES_VIEW,RUNTIME_VIEW_REFERENCE,VIEW,DYNAMIC_REFERENCE,Expression contains dynamic tokens,0,Inventory Walk,,,,,sViewSrc,Inventory Walk.sViewSrc,
TI,semantic::ti::ztemp import - manufacturing cost::USES_VIEW::view::manufacturing cost.sviewsrc,SEMANTIC_KEY,1,1,USES_VIEW,RUNTIME_VIEW_REFERENCE,VIEW,DYNAMIC_REFERENCE,Expression contains dynamic tokens,0,Manufacturing Cost,,,,,sViewSrc,Manufacturing Cost.sViewSrc,
TI,semantic::ti::ztemp import - profit and loss::USES_VIEW::view::profit and loss.sviewsrc,SEMANTIC_KEY,1,1,USES_VIEW,RUNTIME_VIEW_REFERENCE,VIEW,DYNAMIC_REFERENCE,Expression contains dynamic tokens,0,Profit and Loss,,,,,sViewSrc,Profit and Loss.sViewSrc,
TI,semantic::ti::ztemp import - sys production volume filter::USES_VIEW::view::sys production volume filter.sviewsrc,SEMANTIC_KEY,1,1,USES_VIEW,RUNTIME_VIEW_REFERENCE,VIEW,DYNAMIC_REFERENCE,Expression contains dynamic tokens,0,SYS Production Volume Filter,,,,,sViewSrc,SYS Production Volume Filter.sViewSrc,
TI,semantic::ti::ztemp_clear pnl manual entry::USES_VIEW::view::profit and loss.ssrcview,SEMANTIC_KEY,1,1,USES_VIEW,RUNTIME_VIEW_REFERENCE,VIEW,DYNAMIC_REFERENCE,Expression contains dynamic tokens,0,Profit and Loss,,,,,sSrcView,Profit and Loss.sSrcView,
TI,semantic::ti::ztemp_dataupdate - below the line assessments - outlook - period range::USES_VIEW::view::below the line assessment.stgtview,SEMANTIC_KEY,1,1,USES_VIEW,RUNTIME_VIEW_REFERENCE,VIEW,DYNAMIC_REFERENCE,Expression contains dynamic tokens,0,Below the Line Assessment,,,,,sTgtView,Below the Line Assessment.sTgtView,
TI,semantic::ti::ztemp_dataupdate - below the line assessments - outlook - period range::USES_VIEW::view::profit and loss.stgt2view,SEMANTIC_KEY,1,1,USES_VIEW,RUNTIME_VIEW_REFERENCE,VIEW,DYNAMIC_REFERENCE,Expression contains dynamic tokens,0,Profit and Loss,,,,,sTgt2View,Profit and Loss.sTgt2View,
TI,semantic::ti::ztemp_dataupdate - manufacturing cost - bw::USES_VIEW::view::manufacturing cost.stgtview,SEMANTIC_KEY,1,1,USES_VIEW,RUNTIME_VIEW_REFERENCE,VIEW,DYNAMIC_REFERENCE,Expression contains dynamic tokens,0,Manufacturing Cost,,,,,sTgtView,Manufacturing Cost.sTgtView,
TI,semantic::ti::ztemp_fixed mfg_cost center::USES_VIEW::view::cost center.stgtview,SEMANTIC_KEY,1,1,USES_VIEW,RUNTIME_VIEW_REFERENCE,VIEW,DYNAMIC_REFERENCE,Expression contains dynamic tokens,0,Cost Center,,,,,sTgtView,Cost Center.sTgtView,
TI,semantic::ti::ztemp_projectspend_ob::USES_VIEW::view::project spending.stgtview,SEMANTIC_KEY,1,1,USES_VIEW,RUNTIME_VIEW_REFERENCE,VIEW,DYNAMIC_REFERENCE,Expression contains dynamic tokens,0,Project Spending,,,,,sTgtView,Project Spending.sTgtView,
TI,semantic::ti::}drill_balance sheet source::CREATES_VIEW::view::balance sheet.sview,SEMANTIC_KEY,1,1,CREATES_VIEW,RUNTIME_VIEW_REFERENCE,VIEW,DYNAMIC_REFERENCE,Expression contains dynamic tokens,0,Balance Sheet,,,,,sView,Balance Sheet.sView,
TI,semantic::ti::}drill_balance sheet source::DELETES_VIEW::view::balance sheet.sview,SEMANTIC_KEY,1,1,DELETES_VIEW,RUNTIME_VIEW_REFERENCE,VIEW,DYNAMIC_REFERENCE,Expression contains dynamic tokens,0,Balance Sheet,,,,,sView,Balance Sheet.sView,
TI,semantic::ti::}drill_balance sheet source::USES_VIEW::view::balance sheet.sview,SEMANTIC_KEY,1,1,USES_VIEW,RUNTIME_VIEW_REFERENCE,VIEW,DYNAMIC_REFERENCE,Expression contains dynamic tokens,0,Balance Sheet,,,,,sView,Balance Sheet.sView,
TI,semantic::ti::sys_dim_hierarchy_create_fromattribute::DELETES_VIEW::view::cattributedim.cdataview,SEMANTIC_KEY,1,1,DELETES_VIEW,RUNTIME_VIEW_REFERENCE,VIEW,MISSING_DELETE_TARGET,Cube and view were supplied; delete target is absent,0,cAttributeDim,,,,,cDataView,cAttributeDim.cDataView,
TI,semantic::ti::sys_dim_hierarchy_create_fromattribute_v2::DELETES_VIEW::view::cattributedim.cdataview,SEMANTIC_KEY,1,1,DELETES_VIEW,RUNTIME_VIEW_REFERENCE,VIEW,MISSING_DELETE_TARGET,Cube and view were supplied; delete target is absent,0,cAttributeDim,,,,,cDataView,cAttributeDim.cDataView,
TI,semantic::ti::sys_dim_hierarchy_create_fromattribute::USES_VIEW::view::cattributedim.cdataview,SEMANTIC_KEY,1,1,USES_VIEW,RUNTIME_VIEW_REFERENCE,VIEW,TARGET_NOT_IN_CATALOG,Cube and view were supplied,0,cAttributeDim,,,,,cDataView,cAttributeDim.cDataView,
TI,semantic::ti::sys_dim_hierarchy_create_fromattribute_v2::USES_VIEW::view::cattributedim.cdataview,SEMANTIC_KEY,1,1,USES_VIEW,RUNTIME_VIEW_REFERENCE,VIEW,TARGET_NOT_IN_CATALOG,Cube and view were supplied,0,cAttributeDim,,,,,cDataView,cAttributeDim.cDataView,
